Price,Close,High,Low,Open,Volume
Ticker,^GSPC,^GSPC,^GSPC,^GSPC,^GSPC
Datetime,,,,,
2026-07-16 09:30:00-04:00,7554.9501953125,7560.669921875,7554.9501953125,7558.7998046875,0
2026-07-16 09:31:00-04:00,7557.60009765625,7558.7001953125,7551.4599609375,7553.75,14788191
2026-07-16 09:32:00-04:00,7555.1298828125,7557.64990234375,7552.97021484375,7556.990234375,12323923
2026-07-16 09:33:00-04:00,7550.68017578125,7556.0400390625,7549.6298828125,7556.0400390625,10790571
2026-07-16 09:34:00-04:00,7546.66015625,7552.0498046875,7544.68017578125,7550.91015625,9750362
2026-07-16 09:35:00-04:00,7543.740234375,7547.669921875,7541.89990234375,7546.240234375,11807005
2026-07-16 09:36:00-04:00,7545.35009765625,7546.580078125,7543.330078125,7544.22998046875,9891559
2026-07-16 09:37:00-04:00,7548.6298828125,7550.830078125,7546.4501953125,7546.4501953125,8406594
2026-07-16 09:38:00-04:00,7542.81982421875,7548.39990234375,7542.81005859375,7548.39990234375,8633807
2026-07-16 09:39:00-04:00,7541.39013671875,7545.0400390625,7540.7001953125,7543.0498046875,8093812
2026-07-16 09:40:00-04:00,7543.77001953125,7547.72021484375,7540.9599609375,7541.64990234375,10228964
2026-07-16 09:41:00-04:00,7537.5498046875,7543.81005859375,7536.990234375,7543.47021484375,8442466
2026-07-16 09:42:00-04:00,7536.68017578125,7537.7900390625,7535.330078125,7537.10009765625,10192093
2026-07-16 09:43:00-04:00,7539.81005859375,7540.14013671875,7535.5,7537.009765625,7926461
2026-07-16 09:44:00-04:00,7537.35986328125,7542.02001953125,7536.14013671875,7540.16015625,9296083
2026-07-16 09:45:00-04:00,7538.1298828125,7541.2099609375,7536.7099609375,7537.35986328125,10168410
2026-07-16 09:46:00-04:00,7538.22021484375,7541.5400390625,7536.7998046875,7537.64990234375,9333525
2026-07-16 09:47:00-04:00,7537.18017578125,7540.60009765625,7537.18017578125,7538.64013671875,7924521
2026-07-16 09:48:00-04:00,7533.16015625,7537.91015625,7531.72021484375,7536.83984375,8930061
2026-07-16 09:49:00-04:00,7535.2099609375,7536.009765625,7532.08984375,7533.75,8947108
2026-07-16 09:50:00-04:00,7541.22998046875,7543.22021484375,7534.41015625,7534.5,9208941
2026-07-16 09:51:00-04:00,7541.81005859375,7543.77001953125,7540.39990234375,7540.81982421875,8296949
2026-07-16 09:52:00-04:00,7546.5498046875,7547.60009765625,7542.009765625,7542.009765625,8146451
2026-07-16 09:53:00-04:00,7542.52001953125,7546.60986328125,7540.3701171875,7546.31005859375,7205621
2026-07-16 09:54:00-04:00,7539.89013671875,7547.06982421875,7539.89013671875,7542.5400390625,7242244
2026-07-16 09:55:00-04:00,7539.31005859375,7539.85009765625,7536.580078125,7539.85009765625,8704804
2026-07-16 09:56:00-04:00,7543.490234375,7543.490234375,7539.240234375,7539.68994140625,7441903
2026-07-16 09:57:00-04:00,7540.77001953125,7546.490234375,7539.919921875,7544.6201171875,6957261
2026-07-16 09:58:00-04:00,7543.240234375,7544.06005859375,7540.490234375,7540.490234375,7283603
2026-07-16 09:59:00-04:00,7545.009765625,7545.41015625,7543.419921875,7543.68017578125,7268592
2026-07-16 10:00:00-04:00,7549.85986328125,7550.18994140625,7543.0400390625,7545.7099609375,9665906
2026-07-16 10:01:00-04:00,7550.81982421875,7551.89013671875,7548.169921875,7549.89013671875,8111488
2026-07-16 10:02:00-04:00,7551.02978515625,7554.52978515625,7550.27978515625,7550.68017578125,6827846
2026-07-16 10:03:00-04:00,7552.91015625,7553.14990234375,7549.77978515625,7551.39990234375,6463182
2026-07-16 10:04:00-04:00,7552.97998046875,7553.56005859375,7551.0400390625,7552.56982421875,6801337
2026-07-16 10:05:00-04:00,7556.08984375,7556.10009765625,7552.080078125,7553.27978515625,6959239
2026-07-16 10:06:00-04:00,7554.77978515625,7557.4599609375,7553.919921875,7555.669921875,7660906
2026-07-16 10:07:00-04:00,7556.1298828125,7556.2998046875,7553.81982421875,7554.68017578125,7126248
2026-07-16 10:08:00-04:00,7558.56005859375,7559.5400390625,7556.52001953125,7556.52001953125,7750021
2026-07-16 10:09:00-04:00,7560.330078125,7561.759765625,7555.4599609375,7558.47021484375,6855957
2026-07-16 10:10:00-04:00,7562.14013671875,7562.7099609375,7559.47021484375,7560.2900390625,7052864
2026-07-16 10:11:00-04:00,7560.330078125,7562.1201171875,7560.330078125,7561.8701171875,6928253
2026-07-16 10:12:00-04:00,7559.02001953125,7560.259765625,7558.64013671875,7559.8798828125,6657747
2026-07-16 10:13:00-04:00,7560.75,7562.1298828125,7559.490234375,7559.490234375,6735204
2026-07-16 10:14:00-04:00,7560.06982421875,7561.64013671875,7559.490234375,7560.97021484375,6319700
2026-07-16 10:15:00-04:00,7560.75,7561.47998046875,7559.60009765625,7560.009765625,7397847
2026-07-16 10:16:00-04:00,7562.47021484375,7563.47998046875,7559.89990234375,7560.9501953125,6848413
2026-07-16 10:17:00-04:00,7559.93017578125,7562.72021484375,7559.52001953125,7562.27978515625,5013768
2026-07-16 10:18:00-04:00,7560.08984375,7561.31982421875,7559.2001953125,7559.97998046875,5534602
2026-07-16 10:19:00-04:00,7564.66015625,7565.18017578125,7558.7900390625,7559.97021484375,5806057
2026-07-16 10:20:00-04:00,7561.60009765625,7565.41015625,7560.8701171875,7564.7099609375,5807725
2026-07-16 10:21:00-04:00,7559.419921875,7561.89990234375,7559.39990234375,7561.5498046875,6143804
2026-07-16 10:22:00-04:00,7561.31982421875,7561.31982421875,7557.02001953125,7559.52978515625,6196341
2026-07-16 10:23:00-04:00,7560.759765625,7562.77978515625,7559.35009765625,7561.06005859375,5572749
2026-07-16 10:24:00-04:00,7563.0,7563.93017578125,7560.60986328125,7560.8701171875,5251539
2026-07-16 10:25:00-04:00,7562.43017578125,7563.25,7559.0400390625,7562.6201171875,6092593
2026-07-16 10:26:00-04:00,7563.509765625,7563.93994140625,7560.27001953125,7562.4501953125,5344726
2026-07-16 10:27:00-04:00,7567.169921875,7568.39990234375,7563.10009765625,7563.56005859375,6086524
2026-07-16 10:28:00-04:00,7568.43017578125,7568.93994140625,7567.35986328125,7567.419921875,5924584
2026-07-16 10:29:00-04:00,7570.02001953125,7570.35986328125,7568.35986328125,7568.60009765625,5528968
2026-07-16 10:30:00-04:00,7568.81982421875,7570.169921875,7567.33984375,7570.169921875,5656790
2026-07-16 10:31:00-04:00,7567.0,7569.89990234375,7566.240234375,7568.93994140625,5842352
2026-07-16 10:32:00-04:00,7570.08984375,7570.08984375,7566.56005859375,7566.580078125,5611939
2026-07-16 10:33:00-04:00,7569.52978515625,7570.740234375,7569.52978515625,7570.10009765625,5480931
2026-07-16 10:34:00-04:00,7568.06982421875,7570.1298828125,7567.64990234375,7569.31982421875,5717406
2026-07-16 10:35:00-04:00,7568.85009765625,7569.7900390625,7567.39013671875,7568.10009765625,5915076
2026-07-16 10:36:00-04:00,7568.52001953125,7569.740234375,7567.81982421875,7568.919921875,5700782
2026-07-16 10:37:00-04:00,7569.5,7570.4599609375,7567.580078125,7568.759765625,5187603
2026-07-16 10:38:00-04:00,7566.43994140625,7569.68994140625,7566.14013671875,7569.5,4704885
2026-07-16 10:39:00-04:00,7564.7099609375,7566.77978515625,7564.02978515625,7566.39013671875,5057318
2026-07-16 10:40:00-04:00,7564.56005859375,7565.22998046875,7562.93994140625,7564.72998046875,6165396
2026-07-16 10:41:00-04:00,7564.72998046875,7566.10986328125,7563.2099609375,7564.5498046875,6998746
2026-07-16 10:42:00-04:00,7566.64990234375,7567.009765625,7564.259765625,7564.47998046875,5397688
2026-07-16 10:43:00-04:00,7568.64990234375,7569.2099609375,7566.490234375,7566.52978515625,5239560
2026-07-16 10:44:00-04:00,7569.43994140625,7569.85986328125,7567.89990234375,7568.4599609375,6258417
2026-07-16 10:45:00-04:00,7568.5,7570.47021484375,7567.8798828125,7569.64990234375,5882781
2026-07-16 10:46:00-04:00,7569.58984375,7570.22998046875,7568.39990234375,7568.419921875,4885581
2026-07-16 10:47:00-04:00,7567.580078125,7570.58984375,7567.43017578125,7569.56005859375,5085454
2026-07-16 10:48:00-04:00,7567.8798828125,7568.97021484375,7566.8798828125,7567.75,6882496
2026-07-16 10:49:00-04:00,7567.5,7568.41015625,7567.02001953125,7567.89013671875,5187576
2026-07-16 10:50:00-04:00,7562.39013671875,7567.39013671875,7562.39013671875,7567.39013671875,7572650
2026-07-16 10:51:00-04:00,7565.0,7565.2099609375,7562.16015625,7562.89990234375,5860412
2026-07-16 10:52:00-04:00,7563.669921875,7565.0400390625,7562.8798828125,7564.72021484375,6268091
2026-07-16 10:53:00-04:00,7563.0498046875,7565.1201171875,7562.10009765625,7563.68017578125,7239791
2026-07-16 10:54:00-04:00,7561.60986328125,7563.27978515625,7560.740234375,7562.89990234375,5845179
2026-07-16 10:55:00-04:00,7560.0,7561.77001953125,7558.43017578125,7561.77001953125,7075057
2026-07-16 10:56:00-04:00,7561.93994140625,7561.97021484375,7559.22021484375,7560.10986328125,5147262
2026-07-16 10:57:00-04:00,7563.22021484375,7563.8798828125,7562.08984375,7562.3701171875,5407998
2026-07-16 10:58:00-04:00,7564.7900390625,7566.56005859375,7563.22998046875,7563.22998046875,6022566
2026-07-16 10:59:00-04:00,7566.93994140625,7566.93994140625,7564.43017578125,7564.58984375,4783401
2026-07-16 11:00:00-04:00,7567.35986328125,7569.419921875,7566.68994140625,7567.27001953125,5768796
2026-07-16 11:01:00-04:00,7565.72021484375,7567.83984375,7565.7001953125,7567.72998046875,4467526
2026-07-16 11:02:00-04:00,7566.740234375,7567.919921875,7564.97021484375,7565.68994140625,4758809
2026-07-16 11:03:00-04:00,7562.509765625,7567.10009765625,7562.1201171875,7566.9501953125,4991788
2026-07-16 11:04:00-04:00,7562.14990234375,7563.39990234375,7561.66015625,7562.52978515625,4357318
2026-07-16 11:05:00-04:00,7562.7001953125,7563.22998046875,7559.18994140625,7562.009765625,7576732
2026-07-16 11:06:00-04:00,7559.4501953125,7562.72998046875,7559.2099609375,7562.72998046875,5673451
2026-07-16 11:07:00-04:00,7557.06005859375,7559.490234375,7556.91015625,7559.4599609375,5857171
2026-07-16 11:08:00-04:00,7557.85009765625,7558.64013671875,7556.509765625,7557.06982421875,4642121
2026-07-16 11:09:00-04:00,7560.68017578125,7560.68017578125,7557.60009765625,7557.740234375,5096673
2026-07-16 11:10:00-04:00,7561.83984375,7562.31005859375,7560.60009765625,7560.93017578125,5775182
2026-07-16 11:11:00-04:00,7560.669921875,7562.85986328125,7560.4501953125,7561.580078125,5556199
2026-07-16 11:12:00-04:00,7558.77978515625,7560.93994140625,7558.56982421875,7560.77001953125,4882156
2026-07-16 11:13:00-04:00,7557.47998046875,7559.2998046875,7557.009765625,7558.9599609375,5465337
2026-07-16 11:14:00-04:00,7558.830078125,7558.830078125,7556.2998046875,7557.68017578125,5348287
2026-07-16 11:15:00-04:00,7558.009765625,7560.4599609375,7557.919921875,7558.81982421875,5279067
2026-07-16 11:16:00-04:00,7556.14990234375,7558.02001953125,7555.31982421875,7558.02001953125,4677694
2026-07-16 11:17:00-04:00,7558.10986328125,7559.2001953125,7556.02978515625,7556.35986328125,4968364
2026-07-16 11:18:00-04:00,7560.06005859375,7561.0,7557.93017578125,7557.93017578125,4689466
2026-07-16 11:19:00-04:00,7561.68994140625,7562.0,7559.56982421875,7560.06982421875,4810056
2026-07-16 11:20:00-04:00,7559.27978515625,7562.06982421875,7559.16015625,7561.8798828125,7489137
2026-07-16 11:21:00-04:00,7557.830078125,7559.7900390625,7557.830078125,7559.27978515625,5199156
2026-07-16 11:22:00-04:00,7558.02978515625,7558.490234375,7555.5,7557.8798828125,5621579
2026-07-16 11:23:00-04:00,7558.72998046875,7559.009765625,7558.0,7558.18994140625,4500272
2026-07-16 11:24:00-04:00,7561.5400390625,7561.85986328125,7558.0,7558.509765625,6417047
2026-07-16 11:25:00-04:00,7567.0498046875,7567.6298828125,7561.56005859375,7561.56005859375,5606415
2026-07-16 11:26:00-04:00,7568.7900390625,7569.58984375,7566.47021484375,7567.0400390625,5674146
2026-07-16 11:27:00-04:00,7567.02978515625,7570.22998046875,7567.02978515625,7568.72998046875,5773189
2026-07-16 11:28:00-04:00,7561.8798828125,7567.240234375,7561.52978515625,7566.8701171875,5054967
2026-07-16 11:29:00-04:00,7563.990234375,7564.22021484375,7562.06005859375,7562.14990234375,4495699
2026-07-16 11:30:00-04:00,7560.5400390625,7564.2001953125,7558.52978515625,7564.0400390625,5922232
2026-07-16 11:31:00-04:00,7565.5400390625,7565.5400390625,7560.85009765625,7560.9501953125,4938656
2026-07-16 11:32:00-04:00,7566.31005859375,7567.39013671875,7565.27001953125,7565.669921875,5001555
2026-07-16 11:33:00-04:00,7565.6298828125,7566.3701171875,7564.56005859375,7566.2900390625,4024983
2026-07-16 11:34:00-04:00,7567.77001953125,7567.77001953125,7565.43017578125,7565.64990234375,4174890
2026-07-16 11:35:00-04:00,7566.81005859375,7567.990234375,7566.2099609375,7567.990234375,4813222
2026-07-16 11:36:00-04:00,7566.080078125,7566.72998046875,7564.2998046875,7566.72998046875,4456489
2026-07-16 11:37:00-04:00,7564.14990234375,7566.68017578125,7564.14990234375,7566.14013671875,4344635
2026-07-16 11:38:00-04:00,7566.60009765625,7566.81982421875,7563.97021484375,7563.97021484375,5067741
2026-07-16 11:39:00-04:00,7569.2998046875,7569.68017578125,7566.419921875,7566.419921875,4957285
2026-07-16 11:40:00-04:00,7567.14990234375,7569.7998046875,7567.14990234375,7569.22021484375,4762729
2026-07-16 11:41:00-04:00,7563.009765625,7567.10986328125,7562.85009765625,7566.5,5097947
2026-07-16 11:42:00-04:00,7563.8701171875,7564.080078125,7562.3798828125,7562.77001953125,4541034
2026-07-16 11:43:00-04:00,7561.85986328125,7565.06982421875,7561.68017578125,7564.0400390625,4714496
2026-07-16 11:44:00-04:00,7562.52978515625,7562.7998046875,7560.830078125,7561.75,5044966
2026-07-16 11:45:00-04:00,7559.1201171875,7562.39013671875,7558.77978515625,7562.35009765625,5650394
2026-07-16 11:46:00-04:00,7557.240234375,7559.97021484375,7557.02001953125,7559.1298828125,4741001
2026-07-16 11:47:00-04:00,7557.509765625,7559.52001953125,7557.2998046875,7557.330078125,4820868
2026-07-16 11:48:00-04:00,7558.47998046875,7558.68017578125,7557.4599609375,7557.4599609375,5155516
2026-07-16 11:49:00-04:00,7560.81005859375,7560.8701171875,7556.1298828125,7558.60986328125,5478113
2026-07-16 11:50:00-04:00,7565.06005859375,7565.169921875,7560.68017578125,7560.68017578125,5983302
2026-07-16 11:51:00-04:00,7565.89013671875,7566.75,7564.81982421875,7564.97998046875,4722103
2026-07-16 11:52:00-04:00,7565.39990234375,7566.7900390625,7564.75,7565.919921875,4386203
2026-07-16 11:53:00-04:00,7563.580078125,7565.47998046875,7563.580078125,7565.16015625,3871793
2026-07-16 11:54:00-04:00,7564.02001953125,7564.56982421875,7562.93994140625,7563.81005859375,4194839
2026-07-16 11:55:00-04:00,7560.27001953125,7564.1298828125,7559.6201171875,7564.1298828125,4260231
2026-07-16 11:56:00-04:00,7561.1298828125,7561.1298828125,7558.7998046875,7560.27978515625,3898482
2026-07-16 11:57:00-04:00,7561.93017578125,7563.66015625,7561.18994140625,7561.18994140625,4700551
2026-07-16 11:58:00-04:00,7561.83984375,7563.14013671875,7561.259765625,7562.14013671875,3897000
2026-07-16 11:59:00-04:00,7561.509765625,7562.02978515625,7560.64013671875,7561.6298828125,4358000
2026-07-16 12:00:00-04:00,7559.0498046875,7561.75,7558.169921875,7561.5498046875,6057000
2026-07-16 12:01:00-04:00,7557.83984375,7560.08984375,7557.18017578125,7559.1201171875,4588000
2026-07-16 12:02:00-04:00,7556.5498046875,7557.9501953125,7556.31005859375,7557.7099609375,5115000
2026-07-16 12:03:00-04:00,7558.22998046875,7558.4599609375,7556.509765625,7556.7900390625,4082000
2026-07-16 12:04:00-04:00,7553.6201171875,7558.7998046875,7553.6201171875,7558.47998046875,5855000
2026-07-16 12:05:00-04:00,7549.52001953125,7553.56005859375,7549.25,7553.56005859375,5480000
2026-07-16 12:06:00-04:00,7552.77001953125,7553.06982421875,7549.169921875,7549.5498046875,5285000
2026-07-16 12:07:00-04:00,7553.31005859375,7555.10986328125,7552.39990234375,7552.77978515625,6067000
2026-07-16 12:08:00-04:00,7554.1201171875,7555.8798828125,7553.3798828125,7553.3798828125,5914000
2026-07-16 12:09:00-04:00,7555.0498046875,7555.81982421875,7554.02978515625,7554.06005859375,3844000
2026-07-16 12:10:00-04:00,7551.89013671875,7554.75,7551.259765625,7554.75,4739000
2026-07-16 12:11:00-04:00,7549.35009765625,7551.75,7548.7099609375,7551.64013671875,4715000
2026-07-16 12:12:00-04:00,7547.64990234375,7549.490234375,7547.64990234375,7549.419921875,4668000
2026-07-16 12:13:00-04:00,7547.85009765625,7549.22021484375,7545.419921875,7547.56005859375,5232000
2026-07-16 12:14:00-04:00,7545.77001953125,7548.68017578125,7545.27978515625,7548.0498046875,4880000
2026-07-16 12:15:00-04:00,7546.97021484375,7546.97021484375,7544.2998046875,7545.60009765625,5253000
2026-07-16 12:16:00-04:00,7548.919921875,7548.97021484375,7545.83984375,7547.06982421875,4641000
2026-07-16 12:17:00-04:00,7547.60986328125,7548.9599609375,7546.830078125,7548.919921875,4694000
2026-07-16 12:18:00-04:00,7550.60009765625,7550.66015625,7547.3798828125,7547.58984375,4432000
2026-07-16 12:19:00-04:00,7547.66015625,7550.7998046875,7547.1201171875,7550.43994140625,5379000
2026-07-16 12:20:00-04:00,7543.27978515625,7547.64013671875,7542.97021484375,7547.64013671875,6415000
2026-07-16 12:21:00-04:00,7543.25,7545.02978515625,7542.97021484375,7542.97021484375,4672000
2026-07-16 12:22:00-04:00,7541.2001953125,7543.740234375,7540.830078125,7543.1298828125,4844000
2026-07-16 12:23:00-04:00,7542.14013671875,7542.91015625,7540.83984375,7541.22998046875,5493000
2026-07-16 12:24:00-04:00,7541.35986328125,7542.919921875,7540.990234375,7541.9599609375,5389000
2026-07-16 12:25:00-04:00,7541.97021484375,7542.1201171875,7539.740234375,7541.22998046875,5074000
2026-07-16 12:26:00-04:00,7542.4501953125,7544.22998046875,7541.9599609375,7541.9599609375,5121000
2026-07-16 12:27:00-04:00,7546.06005859375,7546.490234375,7542.35009765625,7542.35009765625,4641000
2026-07-16 12:28:00-04:00,7545.31005859375,7546.259765625,7544.81982421875,7546.18017578125,4544000
2026-07-16 12:29:00-04:00,7544.39990234375,7545.75,7542.740234375,7545.4599609375,4110000
2026-07-16 12:30:00-04:00,7546.3701171875,7546.97998046875,7544.47021484375,7544.47021484375,5615000
2026-07-16 12:31:00-04:00,7547.990234375,7548.9599609375,7545.60986328125,7546.5,5209000
2026-07-16 12:32:00-04:00,7550.6298828125,7550.81982421875,7548.2099609375,7548.330078125,4195000
2026-07-16 12:33:00-04:00,7547.91015625,7550.7900390625,7547.81005859375,7550.27001953125,4442000
2026-07-16 12:34:00-04:00,7547.35986328125,7548.0498046875,7547.0400390625,7547.89013671875,3966000
2026-07-16 12:35:00-04:00,7545.66015625,7548.06005859375,7545.06005859375,7547.2001953125,4190000
2026-07-16 12:36:00-04:00,7546.47998046875,7546.47998046875,7544.56982421875,7545.759765625,4413000
2026-07-16 12:37:00-04:00,7547.27978515625,7547.72998046875,7545.580078125,7546.5400390625,3854000
2026-07-16 12:38:00-04:00,7547.419921875,7548.56005859375,7545.64013671875,7547.52001953125,4484000
2026-07-16 12:39:00-04:00,7544.39990234375,7547.39013671875,7544.33984375,7547.31005859375,4002000
2026-07-16 12:40:00-04:00,7544.9599609375,7545.6298828125,7543.64013671875,7544.4501953125,3914000
2026-07-16 12:41:00-04:00,7545.35009765625,7547.52001953125,7545.0400390625,7545.16015625,8717000
2026-07-16 12:42:00-04:00,7543.759765625,7545.4501953125,7543.169921875,7545.4501953125,4384000
2026-07-16 12:43:00-04:00,7544.10986328125,7544.75,7543.5498046875,7543.7099609375,3848000
2026-07-16 12:44:00-04:00,7544.990234375,7545.31005859375,7543.93994140625,7544.08984375,4468000
2026-07-16 12:45:00-04:00,7543.89013671875,7547.1201171875,7543.8701171875,7544.85009765625,5069000
2026-07-16 12:46:00-04:00,7544.4501953125,7544.5498046875,7542.4501953125,7543.830078125,5120000
2026-07-16 12:47:00-04:00,7543.8798828125,7544.77001953125,7543.31005859375,7544.4501953125,4444000
2026-07-16 12:48:00-04:00,7545.669921875,7545.9501953125,7543.6201171875,7543.740234375,5242000
2026-07-16 12:49:00-04:00,7545.7099609375,7546.35009765625,7544.81982421875,7545.3701171875,5911000
2026-07-16 12:50:00-04:00,7547.64990234375,7548.33984375,7544.56005859375,7545.9599609375,5153000
2026-07-16 12:51:00-04:00,7549.5400390625,7550.60009765625,7547.58984375,7547.58984375,5240000
2026-07-16 12:52:00-04:00,7550.35986328125,7551.10986328125,7548.93994140625,7549.39990234375,3765000
2026-07-16 12:53:00-04:00,7551.2099609375,7551.6298828125,7549.759765625,7550.419921875,4039000
2026-07-16 12:54:00-04:00,7551.8798828125,7551.8798828125,7550.18017578125,7551.169921875,3818000
2026-07-16 12:55:00-04:00,7554.3798828125,7555.22998046875,7551.4501953125,7551.77978515625,5426000
2026-07-16 12:56:00-04:00,7553.60986328125,7555.080078125,7553.2001953125,7554.3701171875,4412000
2026-07-16 12:57:00-04:00,7553.0,7554.06982421875,7552.64990234375,7553.830078125,4448000
2026-07-16 12:58:00-04:00,7553.4599609375,7554.7998046875,7551.990234375,7552.97998046875,4285000
2026-07-16 12:59:00-04:00,7554.169921875,7554.33984375,7553.43994140625,7553.43994140625,4056000
2026-07-16 13:00:00-04:00,7548.7099609375,7554.52978515625,7548.7099609375,7554.18994140625,4870000
2026-07-16 13:01:00-04:00,7551.27978515625,7552.14013671875,7548.81982421875,7548.81982421875,4472000
2026-07-16 13:02:00-04:00,7548.25,7551.0400390625,7547.919921875,7551.0400390625,5145000
2026-07-16 13:03:00-04:00,7550.259765625,7551.7099609375,7548.35009765625,7548.39013671875,4234000
2026-07-16 13:04:00-04:00,7551.97021484375,7552.43994140625,7549.52001953125,7550.02001953125,4037000
2026-07-16 13:05:00-04:00,7549.97021484375,7551.830078125,7548.66015625,7551.7998046875,4365000
2026-07-16 13:06:00-04:00,7549.39990234375,7550.240234375,7547.91015625,7550.0,4431000
2026-07-16 13:07:00-04:00,7550.35986328125,7551.419921875,7549.33984375,7549.4599609375,4106000
2026-07-16 13:08:00-04:00,7553.31005859375,7553.41015625,7549.990234375,7549.990234375,4736000
2026-07-16 13:09:00-04:00,7552.39013671875,7553.81982421875,7551.5498046875,7553.22998046875,4423000
2026-07-16 13:10:00-04:00,7552.259765625,7553.16015625,7551.83984375,7552.47998046875,4252000
2026-07-16 13:11:00-04:00,7550.56005859375,7552.919921875,7550.18017578125,7552.22998046875,3754000
2026-07-16 13:12:00-04:00,7550.669921875,7551.0,7549.77001953125,7550.6201171875,3512000
2026-07-16 13:13:00-04:00,7549.77978515625,7551.72998046875,7549.2998046875,7550.52978515625,3348000
2026-07-16 13:14:00-04:00,7547.56982421875,7549.56982421875,7547.5,7549.56982421875,3498000
2026-07-16 13:15:00-04:00,7550.22021484375,7550.60986328125,7547.2998046875,7547.7998046875,4540000
2026-07-16 13:16:00-04:00,7548.5,7550.18994140625,7547.2900390625,7550.18994140625,3704000
2026-07-16 13:17:00-04:00,7547.7900390625,7549.06005859375,7547.1201171875,7548.669921875,4431000
2026-07-16 13:18:00-04:00,7548.66015625,7548.740234375,7547.43994140625,7547.490234375,4024000
2026-07-16 13:19:00-04:00,7549.77978515625,7550.27978515625,7548.83984375,7548.83984375,3818000
2026-07-16 13:20:00-04:00,7548.22998046875,7550.759765625,7547.8798828125,7549.91015625,3558000
2026-07-16 13:21:00-04:00,7548.10009765625,7548.97021484375,7547.4599609375,7548.18994140625,3886000
2026-07-16 13:22:00-04:00,7546.93994140625,7548.10009765625,7546.85009765625,7548.10009765625,4023000
2026-07-16 13:23:00-04:00,7546.8701171875,7547.6201171875,7546.419921875,7546.97021484375,4702000
2026-07-16 13:24:00-04:00,7547.0,7548.080078125,7546.580078125,7546.75,4711000
2026-07-16 13:25:00-04:00,7547.22021484375,7547.22021484375,7545.89990234375,7546.2998046875,4698000
2026-07-16 13:26:00-04:00,7550.22021484375,7550.3701171875,7546.39013671875,7547.1298828125,3957000
2026-07-16 13:27:00-04:00,7551.58984375,7551.759765625,7549.669921875,7550.16015625,3702000
2026-07-16 13:28:00-04:00,7553.22021484375,7554.2998046875,7551.27978515625,7551.27978515625,4926000
2026-07-16 13:29:00-04:00,7552.85009765625,7554.0498046875,7551.740234375,7553.2001953125,4022000
2026-07-16 13:30:00-04:00,7552.509765625,7553.81005859375,7552.18017578125,7552.81982421875,4774000
2026-07-16 13:31:00-04:00,7551.75,7552.75,7551.47021484375,7552.39990234375,4035000
2026-07-16 13:32:00-04:00,7552.0,7553.52001953125,7551.81005859375,7551.91015625,4234000
2026-07-16 13:33:00-04:00,7548.1201171875,7551.83984375,7548.02001953125,7551.81005859375,4021000
2026-07-16 13:34:00-04:00,7546.72998046875,7548.06005859375,7546.1298828125,7548.06005859375,3747000
2026-07-16 13:35:00-04:00,7545.93017578125,7547.02978515625,7545.64990234375,7546.77978515625,3992000
2026-07-16 13:36:00-04:00,7546.4599609375,7547.22998046875,7545.7099609375,7545.85986328125,4064000
2026-07-16 13:37:00-04:00,7544.080078125,7546.72021484375,7544.080078125,7546.240234375,3366000
2026-07-16 13:38:00-04:00,7544.02978515625,7545.22998046875,7542.8798828125,7544.1201171875,4027000
2026-07-16 13:39:00-04:00,7542.18994140625,7543.9501953125,7541.39990234375,7543.8798828125,4098000
2026-07-16 13:40:00-04:00,7539.10009765625,7541.85986328125,7538.9501953125,7541.85986328125,6445000
2026-07-16 13:41:00-04:00,7537.60009765625,7539.85009765625,7537.02978515625,7539.2001953125,4944000
2026-07-16 13:42:00-04:00,7538.31005859375,7539.68994140625,7537.14990234375,7537.93017578125,5417000
2026-07-16 13:43:00-04:00,7537.56982421875,7538.35009765625,7536.89013671875,7538.35009765625,4182000
2026-07-16 13:44:00-04:00,7539.1298828125,7539.1298828125,7537.68994140625,7537.7099609375,4193000
2026-07-16 13:45:00-04:00,7536.919921875,7539.080078125,7536.22021484375,7539.080078125,4679000
2026-07-16 13:46:00-04:00,7539.31005859375,7539.43994140625,7536.0,7536.89013671875,5940000
2026-07-16 13:47:00-04:00,7541.2099609375,7542.080078125,7539.43017578125,7539.43017578125,4556000
2026-07-16 13:48:00-04:00,7542.68994140625,7542.7001953125,7540.1298828125,7541.14990234375,3725000
2026-07-16 13:49:00-04:00,7542.080078125,7544.080078125,7541.8798828125,7542.75,4137000
2026-07-16 13:50:00-04:00,7542.009765625,7542.77001953125,7541.47021484375,7542.169921875,4143000
2026-07-16 13:51:00-04:00,7541.1201171875,7542.16015625,7541.1201171875,7542.009765625,3986000
2026-07-16 13:52:00-04:00,7539.759765625,7540.9501953125,7539.14013671875,7540.9501953125,5287000
2026-07-16 13:53:00-04:00,7542.77978515625,7543.18994140625,7539.4599609375,7539.6201171875,5398000
2026-07-16 13:54:00-04:00,7541.22021484375,7543.6298828125,7541.16015625,7543.0,4085000
2026-07-16 13:55:00-04:00,7537.81005859375,7541.1298828125,7537.47021484375,7541.080078125,4012000
2026-07-16 13:56:00-04:00,7537.83984375,7538.14013671875,7536.10986328125,7537.83984375,4485000
2026-07-16 13:57:00-04:00,7536.259765625,7537.919921875,7535.72021484375,7537.7900390625,4856000
2026-07-16 13:58:00-04:00,7537.580078125,7537.97021484375,7535.990234375,7536.27001953125,4043000
2026-07-16 13:59:00-04:00,7538.10986328125,7538.68994140625,7537.18994140625,7537.64990234375,3795000
2026-07-16 14:00:00-04:00,7539.08984375,7539.43994140625,7536.16015625,7537.9599609375,4921000
2026-07-16 14:01:00-04:00,7538.60009765625,7540.009765625,7538.10009765625,7539.25,4637000
2026-07-16 14:02:00-04:00,7536.7998046875,7538.72998046875,7535.9501953125,7538.52001953125,4606000
2026-07-16 14:03:00-04:00,7535.830078125,7537.0400390625,7535.580078125,7536.81982421875,4477000
2026-07-16 14:04:00-04:00,7534.169921875,7536.89013671875,7534.02978515625,7535.77978515625,4795000
2026-07-16 14:05:00-04:00,7533.02001953125,7534.18994140625,7532.43994140625,7534.14013671875,4511000
2026-07-16 14:06:00-04:00,7533.56005859375,7534.22021484375,7532.58984375,7533.0498046875,4120000
2026-07-16 14:07:00-04:00,7531.89013671875,7534.75,7529.64990234375,7533.56005859375,7014000
2026-07-16 14:08:00-04:00,7532.14990234375,7532.7001953125,7529.669921875,7531.2998046875,6090000
2026-07-16 14:09:00-04:00,7532.33984375,7534.0400390625,7530.8701171875,7531.77978515625,6578000
2026-07-16 14:10:00-04:00,7535.14013671875,7536.47998046875,7531.8701171875,7531.8701171875,6479000
2026-07-16 14:11:00-04:00,7536.5400390625,7539.56982421875,7534.6201171875,7534.6201171875,5698000
2026-07-16 14:12:00-04:00,7534.83984375,7538.60986328125,7534.83984375,7536.97021484375,4525000
2026-07-16 14:13:00-04:00,7536.27001953125,7536.64013671875,7533.83984375,7534.85986328125,5549000
2026-07-16 14:14:00-04:00,7532.22021484375,7537.4501953125,7531.97998046875,7536.43017578125,4944000
2026-07-16 14:15:00-04:00,7531.6298828125,7532.330078125,7529.9599609375,7532.330078125,5526000
2026-07-16 14:16:00-04:00,7538.509765625,7538.509765625,7532.0,7532.0,5159000
2026-07-16 14:17:00-04:00,7537.52978515625,7538.7998046875,7537.27978515625,7538.52978515625,4359000
2026-07-16 14:18:00-04:00,7537.41015625,7538.16015625,7535.9599609375,7537.47998046875,4277000
2026-07-16 14:19:00-04:00,7537.10986328125,7537.97021484375,7535.89013671875,7536.3798828125,4523000
2026-07-16 14:20:00-04:00,7538.39990234375,7540.02978515625,7536.740234375,7537.1298828125,5787000
2026-07-16 14:21:00-04:00,7541.33984375,7541.33984375,7538.52001953125,7539.02978515625,5998000
2026-07-16 14:22:00-04:00,7541.330078125,7542.52978515625,7540.56982421875,7541.2099609375,4148000
2026-07-16 14:23:00-04:00,7538.91015625,7541.43994140625,7537.52978515625,7541.43994140625,5225000
2026-07-16 14:24:00-04:00,7537.8701171875,7539.64990234375,7537.5,7539.0498046875,5273000
2026-07-16 14:25:00-04:00,7536.6201171875,7540.22998046875,7536.6201171875,7537.93017578125,5484000
2026-07-16 14:26:00-04:00,7539.08984375,7539.4501953125,7535.58984375,7536.52001953125,5099000
2026-07-16 14:27:00-04:00,7536.7099609375,7539.6201171875,7536.41015625,7538.830078125,6378000
2026-07-16 14:28:00-04:00,7536.58984375,7538.9599609375,7535.97021484375,7536.64013671875,4312000
2026-07-16 14:29:00-04:00,7534.16015625,7536.509765625,7534.16015625,7536.43994140625,5098000
2026-07-16 14:30:00-04:00,7532.47021484375,7534.75,7531.080078125,7534.75,5149000
2026-07-16 14:31:00-04:00,7532.169921875,7532.93994140625,7531.68017578125,7532.6201171875,5330000
2026-07-16 14:32:00-04:00,7531.60986328125,7533.759765625,7531.5,7532.2001953125,4312000
2026-07-16 14:33:00-04:00,7531.490234375,7533.02978515625,7530.8798828125,7531.89990234375,4103000
2026-07-16 14:34:00-04:00,7532.2998046875,7532.75,7530.43017578125,7531.6201171875,4738000
2026-07-16 14:35:00-04:00,7531.9501953125,7532.10986328125,7530.39013671875,7532.10986328125,4910000
2026-07-16 14:36:00-04:00,7529.259765625,7531.919921875,7528.919921875,7531.919921875,4349000
2026-07-16 14:37:00-04:00,7530.10009765625,7531.240234375,7529.14990234375,7529.490234375,4585000
2026-07-16 14:38:00-04:00,7531.18994140625,7531.669921875,7530.06982421875,7530.06982421875,4639000
2026-07-16 14:39:00-04:00,7528.93017578125,7531.16015625,7528.919921875,7531.16015625,4383000
2026-07-16 14:40:00-04:00,7526.22021484375,7529.02978515625,7525.2001953125,7528.85986328125,5482000
2026-07-16 14:41:00-04:00,7526.8701171875,7527.60009765625,7525.97021484375,7526.18017578125,4773000
2026-07-16 14:42:00-04:00,7529.0,7529.08984375,7526.27978515625,7527.0,3789000
2026-07-16 14:43:00-04:00,7530.27001953125,7531.85986328125,7529.10986328125,7529.10986328125,4879000
2026-07-16 14:44:00-04:00,7530.2099609375,7532.0,7529.56005859375,7530.2099609375,4417000
2026-07-16 14:45:00-04:00,7530.97998046875,7532.31005859375,7528.4599609375,7530.259765625,6088000
2026-07-16 14:46:00-04:00,7531.7001953125,7532.18017578125,7530.669921875,7530.85009765625,5289000
2026-07-16 14:47:00-04:00,7531.56982421875,7532.7998046875,7530.89013671875,7531.5498046875,4367000
2026-07-16 14:48:00-04:00,7533.47021484375,7533.7001953125,7531.419921875,7531.58984375,4587000
2026-07-16 14:49:00-04:00,7532.72021484375,7534.06982421875,7532.52001953125,7533.5,4485000
2026-07-16 14:50:00-04:00,7534.259765625,7534.259765625,7532.2900390625,7532.97998046875,5282000
2026-07-16 14:51:00-04:00,7532.85986328125,7534.7099609375,7532.7900390625,7534.25,4821000
2026-07-16 14:52:00-04:00,7529.580078125,7532.81005859375,7529.580078125,7532.81005859375,5255000
2026-07-16 14:53:00-04:00,7529.27978515625,7529.97021484375,7528.72998046875,7529.72998046875,4908000
2026-07-16 14:54:00-04:00,7528.419921875,7529.3701171875,7528.18017578125,7529.18017578125,4702000
2026-07-16 14:55:00-04:00,7526.91015625,7528.2998046875,7526.81005859375,7528.2998046875,4952000
2026-07-16 14:56:00-04:00,7528.56005859375,7528.990234375,7526.7998046875,7526.7998046875,4938000
2026-07-16 14:57:00-04:00,7527.41015625,7530.22998046875,7527.41015625,7528.6298828125,4633000
2026-07-16 14:58:00-04:00,7529.080078125,7529.080078125,7527.06005859375,7527.47021484375,4485000
2026-07-16 14:59:00-04:00,7527.75,7529.25,7527.75,7529.25,4866000
2026-07-16 15:00:00-04:00,7529.6201171875,7529.6201171875,7526.68017578125,7527.509765625,5339000
2026-07-16 15:01:00-04:00,7528.89013671875,7529.56005859375,7527.16015625,7529.56005859375,5181000
2026-07-16 15:02:00-04:00,7531.91015625,7532.9599609375,7528.8701171875,7528.8701171875,5643000
2026-07-16 15:03:00-04:00,7531.68994140625,7531.81982421875,7528.83984375,7531.81982421875,5684000
2026-07-16 15:04:00-04:00,7530.5498046875,7532.169921875,7530.14990234375,7531.41015625,5488000
2026-07-16 15:05:00-04:00,7532.6298828125,7532.6298828125,7529.56982421875,7531.02001953125,5544000
2026-07-16 15:06:00-04:00,7528.27978515625,7532.580078125,7528.169921875,7532.47998046875,6952000
2026-07-16 15:07:00-04:00,7525.419921875,7528.64990234375,7524.43994140625,7528.2099609375,6781000
2026-07-16 15:08:00-04:00,7524.39013671875,7525.27978515625,7524.1298828125,7525.240234375,6216000
2026-07-16 15:09:00-04:00,7522.3701171875,7524.490234375,7522.3701171875,7524.4599609375,5893000
2026-07-16 15:10:00-04:00,7521.93017578125,7523.31005859375,7521.3798828125,7522.47998046875,6640000
2026-07-16 15:11:00-04:00,7521.93994140625,7523.22998046875,7521.41015625,7522.02001953125,6319000
2026-07-16 15:12:00-04:00,7521.27001953125,7521.919921875,7520.9599609375,7521.8798828125,5697000
2026-07-16 15:13:00-04:00,7521.47021484375,7522.490234375,7520.97021484375,7521.33984375,6228000
2026-07-16 15:14:00-04:00,7522.5,7522.5,7521.25,7521.7001953125,6166000
2026-07-16 15:15:00-04:00,7521.93017578125,7522.39990234375,7520.669921875,7522.31005859375,6707000
2026-07-16 15:16:00-04:00,7522.31005859375,7523.39990234375,7521.740234375,7521.990234375,7059000
2026-07-16 15:17:00-04:00,7519.9599609375,7522.64013671875,7519.85986328125,7522.419921875,6878000
2026-07-16 15:18:00-04:00,7522.02001953125,7522.02001953125,7519.18017578125,7519.97021484375,6295000
2026-07-16 15:19:00-04:00,7522.60986328125,7522.6201171875,7521.2099609375,7521.91015625,5954000
2026-07-16 15:20:00-04:00,7522.41015625,7523.52001953125,7522.0498046875,7522.5,7083000
2026-07-16 15:21:00-04:00,7524.91015625,7524.91015625,7521.8701171875,7522.18994140625,7541000
2026-07-16 15:22:00-04:00,7522.22021484375,7524.830078125,7522.14990234375,7524.759765625,5688000
2026-07-16 15:23:00-04:00,7520.68994140625,7522.97021484375,7520.68994140625,7522.39990234375,5915000
2026-07-16 15:24:00-04:00,7520.5,7521.10009765625,7519.97021484375,7520.72998046875,6451000
2026-07-16 15:25:00-04:00,7518.39013671875,7521.35986328125,7518.39013671875,7520.4501953125,7062000
2026-07-16 15:26:00-04:00,7516.02978515625,7518.3798828125,7515.740234375,7518.2900390625,6968000
2026-07-16 15:27:00-04:00,7515.66015625,7516.18017578125,7514.06982421875,7515.08984375,7784000
2026-07-16 15:28:00-04:00,7516.97021484375,7517.27978515625,7515.509765625,7515.509765625,7210000
2026-07-16 15:29:00-04:00,7516.27001953125,7518.14990234375,7516.0,7517.14990234375,7376000
2026-07-16 15:30:00-04:00,7515.06005859375,7517.14990234375,7514.0400390625,7516.02001953125,12021000
2026-07-16 15:31:00-04:00,7511.330078125,7515.10986328125,7511.330078125,7514.97998046875,11794000
2026-07-16 15:32:00-04:00,7513.4599609375,7513.5,7510.2099609375,7511.5498046875,9223000
2026-07-16 15:33:00-04:00,7513.31982421875,7513.6298828125,7512.7001953125,7513.2998046875,7616000
2026-07-16 15:34:00-04:00,7513.080078125,7513.97021484375,7512.5498046875,7513.2998046875,8830000
2026-07-16 15:35:00-04:00,7511.10986328125,7513.419921875,7511.02001953125,7512.91015625,9565000
2026-07-16 15:36:00-04:00,7510.419921875,7511.8798828125,7510.330078125,7511.0,7424000
2026-07-16 15:37:00-04:00,7512.47998046875,7512.7099609375,7509.56005859375,7510.39990234375,7451000
2026-07-16 15:38:00-04:00,7515.66015625,7515.919921875,7512.52001953125,7512.52001953125,7526000
2026-07-16 15:39:00-04:00,7515.91015625,7517.0400390625,7515.41015625,7515.580078125,7962000
2026-07-16 15:40:00-04:00,7514.580078125,7515.77978515625,7513.02001953125,7515.77978515625,8818000
2026-07-16 15:41:00-04:00,7515.7001953125,7517.02001953125,7514.64013671875,7514.64013671875,8985000
2026-07-16 15:42:00-04:00,7515.9599609375,7516.43017578125,7514.580078125,7515.72998046875,8030000
2026-07-16 15:43:00-04:00,7514.240234375,7516.43017578125,7513.43017578125,7516.2099609375,9453000
2026-07-16 15:44:00-04:00,7510.330078125,7513.89013671875,7510.2099609375,7513.85986328125,9754000
2026-07-16 15:45:00-04:00,7510.64990234375,7510.990234375,7508.580078125,7510.240234375,15031000
2026-07-16 15:46:00-04:00,7508.580078125,7510.85986328125,7508.35009765625,7510.7001953125,11556000
2026-07-16 15:47:00-04:00,7507.9599609375,7509.5498046875,7507.83984375,7508.66015625,11244000
2026-07-16 15:48:00-04:00,7505.64990234375,7507.5400390625,7505.18017578125,7507.5400390625,12251000
2026-07-16 15:49:00-04:00,7506.9501953125,7506.9501953125,7504.02001953125,7505.52001953125,13093000
2026-07-16 15:50:00-04:00,7514.9599609375,7516.169921875,7507.10986328125,7507.10986328125,21561000
2026-07-16 15:51:00-04:00,7519.33984375,7519.33984375,7514.43994140625,7514.7001953125,17753000
2026-07-16 15:52:00-04:00,7521.02978515625,7521.919921875,7518.990234375,7519.490234375,16136000
2026-07-16 15:53:00-04:00,7522.740234375,7523.52001953125,7520.43017578125,7520.9599609375,16499000
2026-07-16 15:54:00-04:00,7524.419921875,7524.72998046875,7521.35009765625,7522.72021484375,20464000
2026-07-16 15:55:00-04:00,7529.009765625,7530.3701171875,7524.47998046875,7524.47998046875,27390000
2026-07-16 15:56:00-04:00,7528.169921875,7528.919921875,7526.16015625,7528.919921875,26456000
2026-07-16 15:57:00-04:00,7527.259765625,7528.85009765625,7526.89013671875,7528.16015625,31686000
2026-07-16 15:58:00-04:00,7529.6201171875,7529.64990234375,7527.2099609375,7527.31005859375,47082000
2026-07-16 15:59:00-04:00,7534.6201171875,7534.68017578125,7529.8701171875,7529.8701171875,80075000
2026-07-17 09:30:00-04:00,7447.52001953125,7447.7099609375,7441.6201171875,7447.52001953125,0
2026-07-17 09:31:00-04:00,7447.91015625,7448.47998046875,7445.35986328125,7447.25,19186877
2026-07-17 09:32:00-04:00,7442.47021484375,7447.97998046875,7441.509765625,7447.97998046875,19309855
2026-07-17 09:33:00-04:00,7436.52978515625,7442.9501953125,7436.52978515625,7442.31982421875,21298764
2026-07-17 09:34:00-04:00,7433.6298828125,7436.669921875,7433.2998046875,7436.669921875,16152275
2026-07-17 09:35:00-04:00,7431.64013671875,7435.43017578125,7431.259765625,7433.8701171875,15701822
2026-07-17 09:36:00-04:00,7434.39013671875,7437.10009765625,7431.6298828125,7431.6298828125,15725922
2026-07-17 09:37:00-04:00,7434.89013671875,7435.60986328125,7432.2900390625,7433.93994140625,13679019
2026-07-17 09:38:00-04:00,7435.7998046875,7438.2099609375,7433.0498046875,7435.10986328125,13675030
2026-07-17 09:39:00-04:00,7437.91015625,7439.47021484375,7435.0,7435.91015625,13630518
2026-07-17 09:40:00-04:00,7443.7001953125,7446.02001953125,7438.06982421875,7438.2001953125,14140162
2026-07-17 09:41:00-04:00,7445.080078125,7449.7998046875,7442.1298828125,7442.60009765625,14091683
2026-07-17 09:42:00-04:00,7437.7900390625,7445.66015625,7437.7900390625,7445.1201171875,12689031
2026-07-17 09:43:00-04:00,7436.02978515625,7439.02978515625,7435.72998046875,7437.56005859375,11634190
2026-07-17 09:44:00-04:00,7434.080078125,7436.33984375,7433.0,7436.27001953125,11118019
2026-07-17 09:45:00-04:00,7441.64013671875,7443.6201171875,7434.06005859375,7434.080078125,15493041
2026-07-17 09:46:00-04:00,7443.93994140625,7447.68994140625,7442.72998046875,7442.72998046875,12538693
2026-07-17 09:47:00-04:00,7450.66015625,7450.66015625,7441.77978515625,7443.33984375,11488374
2026-07-17 09:48:00-04:00,7454.25,7455.39990234375,7450.330078125,7450.41015625,13158008
2026-07-17 09:49:00-04:00,7454.91015625,7455.8701171875,7451.35986328125,7454.3798828125,10966113
2026-07-17 09:50:00-04:00,7456.97021484375,7458.43017578125,7454.35986328125,7454.85986328125,11249861
2026-07-17 09:51:00-04:00,7455.81982421875,7459.669921875,7455.7099609375,7456.64013671875,10429614
2026-07-17 09:52:00-04:00,7461.1298828125,7461.97998046875,7455.14990234375,7455.6201171875,10423274
2026-07-17 09:53:00-04:00,7465.6298828125,7465.6298828125,7459.91015625,7460.66015625,9686637
2026-07-17 09:54:00-04:00,7464.97021484375,7467.509765625,7464.25,7465.580078125,9781342
2026-07-17 09:55:00-04:00,7466.27001953125,7468.77001953125,7461.759765625,7464.64990234375,10510105
2026-07-17 09:56:00-04:00,7466.669921875,7468.1298828125,7464.43994140625,7466.18994140625,7425099
2026-07-17 09:57:00-04:00,7468.2001953125,7469.27001953125,7464.830078125,7466.0,9057331
2026-07-17 09:58:00-04:00,7472.8701171875,7473.10986328125,7468.68994140625,7468.68994140625,8411316
2026-07-17 09:59:00-04:00,7473.10986328125,7473.669921875,7471.93017578125,7472.77001953125,12992309
2026-07-17 10:00:00-04:00,7479.64990234375,7479.68017578125,7472.4501953125,7473.58984375,10059163
2026-07-17 10:01:00-04:00,7477.6201171875,7481.22021484375,7477.60986328125,7480.240234375,11073703
2026-07-17 10:02:00-04:00,7480.06982421875,7481.2998046875,7477.39990234375,7477.580078125,10704041
2026-07-17 10:03:00-04:00,7478.5498046875,7482.47998046875,7478.39013671875,7480.6201171875,10672557
2026-07-17 10:04:00-04:00,7477.56005859375,7480.47021484375,7477.56005859375,7478.75,9193471
2026-07-17 10:05:00-04:00,7483.02001953125,7486.25,7477.97021484375,7477.97021484375,11947747
2026-07-17 10:06:00-04:00,7488.25,7489.35009765625,7482.830078125,7483.0400390625,9357178
2026-07-17 10:07:00-04:00,7485.4599609375,7488.240234375,7485.08984375,7487.89990234375,8819308
2026-07-17 10:08:00-04:00,7486.85009765625,7488.31982421875,7485.3798828125,7485.3798828125,9098947
2026-07-17 10:09:00-04:00,7488.31005859375,7488.31005859375,7484.7001953125,7486.77978515625,9451717
2026-07-17 10:10:00-04:00,7491.60986328125,7492.10009765625,7487.580078125,7487.75,12147790
2026-07-17 10:11:00-04:00,7490.52978515625,7492.31005859375,7489.830078125,7491.72998046875,10475348
2026-07-17 10:12:00-04:00,7489.02978515625,7491.5498046875,7488.2099609375,7490.990234375,9020142
2026-07-17 10:13:00-04:00,7487.93994140625,7490.580078125,7486.18017578125,7489.080078125,9101045
2026-07-17 10:14:00-04:00,7489.02001953125,7489.0498046875,7485.18017578125,7488.06982421875,8083864
2026-07-17 10:15:00-04:00,7495.2099609375,7495.7900390625,7486.81005859375,7488.60009765625,9747113
2026-07-17 10:16:00-04:00,7493.93017578125,7495.580078125,7491.68994140625,7495.02001953125,7912771
2026-07-17 10:17:00-04:00,7493.6298828125,7498.43017578125,7493.6298828125,7494.669921875,9867015
2026-07-17 10:18:00-04:00,7493.3798828125,7494.47021484375,7492.240234375,7493.5400390625,7541553
2026-07-17 10:19:00-04:00,7491.52001953125,7494.4599609375,7490.81005859375,7493.7998046875,6803418
2026-07-17 10:20:00-04:00,7488.8798828125,7492.91015625,7488.85009765625,7491.43017578125,7633832
2026-07-17 10:21:00-04:00,7492.22021484375,7492.22021484375,7487.41015625,7488.8798828125,7830294
2026-07-17 10:22:00-04:00,7492.33984375,7493.3701171875,7488.18994140625,7491.77001953125,6832615
2026-07-17 10:23:00-04:00,7491.740234375,7493.3798828125,7490.18994140625,7492.22021484375,6589598
2026-07-17 10:24:00-04:00,7493.93017578125,7496.18994140625,7491.22021484375,7491.22021484375,5590059
2026-07-17 10:25:00-04:00,7494.4501953125,7497.08984375,7493.7900390625,7494.22998046875,5351309
2026-07-17 10:26:00-04:00,7492.41015625,7494.47021484375,7492.2099609375,7494.47021484375,6488370
2026-07-17 10:27:00-04:00,7493.47021484375,7495.8798828125,7491.47021484375,7492.85009765625,5714406
2026-07-17 10:28:00-04:00,7490.22021484375,7493.64990234375,7489.7001953125,7493.31005859375,6028530
2026-07-17 10:29:00-04:00,7488.85009765625,7490.080078125,7487.509765625,7490.02978515625,5666357
2026-07-17 10:30:00-04:00,7488.830078125,7490.31005859375,7486.93994140625,7488.8701171875,7206325
2026-07-17 10:31:00-04:00,7486.4599609375,7490.89013671875,7486.35009765625,7489.66015625,8456259
2026-07-17 10:32:00-04:00,7482.72021484375,7487.0498046875,7482.72021484375,7486.240234375,7574107
2026-07-17 10:33:00-04:00,7483.52978515625,7484.91015625,7481.0498046875,7482.4599609375,7399465
2026-07-17 10:34:00-04:00,7485.66015625,7487.7998046875,7483.2998046875,7483.60986328125,7869944
2026-07-17 10:35:00-04:00,7489.7900390625,7489.7900390625,7483.6201171875,7485.16015625,6806778
2026-07-17 10:36:00-04:00,7490.2099609375,7492.93017578125,7489.16015625,7490.14013671875,6020204
2026-07-17 10:37:00-04:00,7489.1201171875,7491.68994140625,7487.60986328125,7490.27001953125,5618418
2026-07-17 10:38:00-04:00,7491.16015625,7493.39013671875,7488.5,7488.8798828125,6045615
2026-07-17 10:39:00-04:00,7492.419921875,7492.669921875,7491.02978515625,7491.22021484375,6280170
2026-07-17 10:40:00-04:00,7490.580078125,7493.31982421875,7490.1298828125,7493.10986328125,6287405
2026-07-17 10:41:00-04:00,7489.93017578125,7492.22998046875,7488.93994140625,7490.5,7815559
2026-07-17 10:42:00-04:00,7487.169921875,7491.43017578125,7486.490234375,7490.27978515625,6586773
2026-07-17 10:43:00-04:00,7484.35009765625,7487.33984375,7483.39013671875,7487.33984375,6059670
2026-07-17 10:44:00-04:00,7484.18994140625,7485.77978515625,7483.56005859375,7483.77001953125,5957692
2026-07-17 10:45:00-04:00,7484.27001953125,7485.08984375,7482.259765625,7484.43017578125,6195645
2026-07-17 10:46:00-04:00,7482.56982421875,7484.02001953125,7478.85986328125,7484.02001953125,6660356
2026-07-17 10:47:00-04:00,7489.47021484375,7490.9599609375,7482.97021484375,7482.97021484375,6606501
2026-07-17 10:48:00-04:00,7484.43994140625,7489.9501953125,7484.22021484375,7489.27978515625,6110597
2026-07-17 10:49:00-04:00,7482.509765625,7485.72998046875,7482.2998046875,7484.5400390625,5666740
2026-07-17 10:50:00-04:00,7482.35986328125,7483.27001953125,7480.72021484375,7482.27978515625,5389180
2026-07-17 10:51:00-04:00,7477.7900390625,7482.52978515625,7477.7900390625,7482.3798828125,6400653
2026-07-17 10:52:00-04:00,7479.5,7482.89990234375,7477.33984375,7477.56005859375,6128208
2026-07-17 10:53:00-04:00,7478.0400390625,7479.68017578125,7477.93017578125,7479.68017578125,4613560
2026-07-17 10:54:00-04:00,7478.3701171875,7479.169921875,7477.31005859375,7478.0400390625,5754360
2026-07-17 10:55:00-04:00,7485.10986328125,7486.009765625,7478.419921875,7478.7099609375,6073220
2026-07-17 10:56:00-04:00,7479.31005859375,7485.41015625,7479.31005859375,7485.080078125,6106371
2026-07-17 10:57:00-04:00,7480.0400390625,7482.56005859375,7479.14013671875,7479.41015625,5432432
2026-07-17 10:58:00-04:00,7473.7001953125,7479.83984375,7473.580078125,7479.60986328125,5772986
2026-07-17 10:59:00-04:00,7475.39013671875,7475.72021484375,7473.72998046875,7474.009765625,5294000
2026-07-17 11:00:00-04:00,7471.5400390625,7477.16015625,7471.2001953125,7475.27978515625,6383000
2026-07-17 11:01:00-04:00,7470.14990234375,7471.9599609375,7468.75,7471.5498046875,6095000
2026-07-17 11:02:00-04:00,7471.169921875,7472.33984375,7469.4501953125,7470.56982421875,6001000
2026-07-17 11:03:00-04:00,7467.31005859375,7471.14990234375,7467.31005859375,7471.14990234375,5048000
2026-07-17 11:04:00-04:00,7467.41015625,7468.39990234375,7466.580078125,7467.43017578125,5666000
2026-07-17 11:05:00-04:00,7470.31005859375,7470.669921875,7466.8798828125,7467.27978515625,5609000
2026-07-17 11:06:00-04:00,7470.419921875,7471.0498046875,7468.0400390625,7470.419921875,5636000
2026-07-17 11:07:00-04:00,7469.419921875,7472.240234375,7468.1298828125,7470.259765625,5968000
2026-07-17 11:08:00-04:00,7473.18017578125,7474.18017578125,7469.14990234375,7469.14990234375,4867000
2026-07-17 11:09:00-04:00,7473.22021484375,7474.89990234375,7471.41015625,7474.27001953125,5529000
2026-07-17 11:10:00-04:00,7470.39990234375,7476.8701171875,7470.1298828125,7473.509765625,5525000
2026-07-17 11:11:00-04:00,7468.72998046875,7471.91015625,7468.08984375,7470.72998046875,6114000
2026-07-17 11:12:00-04:00,7469.06005859375,7471.91015625,7468.009765625,7468.56005859375,5141000
2026-07-17 11:13:00-04:00,7466.97998046875,7470.56005859375,7466.97998046875,7469.33984375,5736000
2026-07-17 11:14:00-04:00,7468.5400390625,7468.7900390625,7466.7001953125,7466.9501953125,5260000
2026-07-17 11:15:00-04:00,7466.1298828125,7469.009765625,7466.08984375,7468.39990234375,4964000
2026-07-17 11:16:00-04:00,7466.2099609375,7468.35009765625,7465.58984375,7466.0400390625,5399000
2026-07-17 11:17:00-04:00,7466.58984375,7467.3798828125,7465.22021484375,7466.2998046875,4653000
2026-07-17 11:18:00-04:00,7469.72998046875,7469.97998046875,7465.02978515625,7466.08984375,4819000
2026-07-17 11:19:00-04:00,7470.16015625,7473.52001953125,7469.52978515625,7469.8798828125,6113000
2026-07-17 11:20:00-04:00,7469.89013671875,7470.5498046875,7465.66015625,7470.16015625,4713000
2026-07-17 11:21:00-04:00,7470.8798828125,7472.02978515625,7469.41015625,7470.3798828125,4720000
2026-07-17 11:22:00-04:00,7472.64013671875,7473.64013671875,7469.41015625,7470.7998046875,4704000
2026-07-17 11:23:00-04:00,7466.68994140625,7473.43017578125,7466.68994140625,7472.52001953125,4682000
2026-07-17 11:24:00-04:00,7467.77001953125,7467.77001953125,7464.10009765625,7466.9501953125,7197000
2026-07-17 11:25:00-04:00,7472.3701171875,7472.7099609375,7467.60986328125,7467.60986328125,4958000
2026-07-17 11:26:00-04:00,7474.35986328125,7474.6201171875,7472.259765625,7472.68994140625,4652000
2026-07-17 11:27:00-04:00,7474.3798828125,7476.27001953125,7473.81982421875,7474.47021484375,4515000
2026-07-17 11:28:00-04:00,7476.330078125,7477.89013671875,7474.02978515625,7474.35986328125,3892000
2026-07-17 11:29:00-04:00,7479.72998046875,7480.83984375,7476.4599609375,7476.7099609375,4608000
2026-07-17 11:30:00-04:00,7483.47998046875,7483.47998046875,7478.60009765625,7479.72998046875,5888000
2026-07-17 11:31:00-04:00,7481.60986328125,7483.39990234375,7480.8701171875,7483.39990234375,6283000
2026-07-17 11:32:00-04:00,7481.93017578125,7482.0498046875,7475.7099609375,7481.52001953125,8450000
2026-07-17 11:33:00-04:00,7480.7998046875,7483.52001953125,7480.7001953125,7482.419921875,4754000
2026-07-17 11:34:00-04:00,7475.64990234375,7480.7001953125,7474.89990234375,7480.7001953125,5445000
2026-07-17 11:35:00-04:00,7472.93017578125,7475.7099609375,7470.33984375,7475.7099609375,5147000
2026-07-17 11:36:00-04:00,7474.830078125,7475.83984375,7472.740234375,7473.02001953125,6131000
2026-07-17 11:37:00-04:00,7476.25,7478.240234375,7474.169921875,7474.85009765625,7150000
2026-07-17 11:38:00-04:00,7481.490234375,7481.81982421875,7474.68017578125,7476.6201171875,5100000
2026-07-17 11:39:00-04:00,7482.169921875,7482.8798828125,7480.89013671875,7481.35009765625,5376000
2026-07-17 11:40:00-04:00,7482.72998046875,7484.6201171875,7481.7998046875,7482.1298828125,4878000
2026-07-17 11:41:00-04:00,7479.31982421875,7482.41015625,7477.64990234375,7482.41015625,4742000
2026-07-17 11:42:00-04:00,7477.1298828125,7480.14990234375,7475.91015625,7479.14990234375,4470000
2026-07-17 11:43:00-04:00,7476.41015625,7479.0400390625,7475.85009765625,7477.2099609375,4379000
2026-07-17 11:44:00-04:00,7479.83984375,7480.669921875,7476.0400390625,7476.77978515625,4535000
2026-07-17 11:45:00-04:00,7476.35986328125,7480.5498046875,7476.18994140625,7480.02978515625,4611000
2026-07-17 11:46:00-04:00,7479.5400390625,7479.5400390625,7475.2099609375,7476.3701171875,6507000
2026-07-17 11:47:00-04:00,7480.81982421875,7481.18994140625,7479.9599609375,7479.9599609375,5012000
2026-07-17 11:48:00-04:00,7478.41015625,7481.77001953125,7478.22021484375,7481.35986328125,4350000
2026-07-17 11:49:00-04:00,7480.7900390625,7480.8798828125,7478.330078125,7478.330078125,3833000
2026-07-17 11:50:00-04:00,7477.83984375,7481.419921875,7477.83984375,7480.97998046875,4456000
2026-07-17 11:51:00-04:00,7479.4501953125,7480.7099609375,7478.0400390625,7478.0400390625,5004000
2026-07-17 11:52:00-04:00,7479.81982421875,7480.14013671875,7478.14990234375,7479.43017578125,4866000
2026-07-17 11:53:00-04:00,7480.75,7481.47021484375,7479.02978515625,7479.93994140625,4426000
2026-07-17 11:54:00-04:00,7486.2900390625,7486.31982421875,7480.97998046875,7480.97998046875,4814000
2026-07-17 11:55:00-04:00,7489.64990234375,7489.64990234375,7485.990234375,7486.43994140625,5750000
2026-07-17 11:56:00-04:00,7490.830078125,7491.22998046875,7489.5400390625,7489.60009765625,5188000
2026-07-17 11:57:00-04:00,7490.97021484375,7491.5498046875,7489.39990234375,7490.58984375,5751000
2026-07-17 11:58:00-04:00,7493.18994140625,7493.27001953125,7490.740234375,7491.10986328125,5601000
2026-07-17 11:59:00-04:00,7494.56005859375,7495.89990234375,7493.509765625,7493.509765625,6423000
2026-07-17 12:00:00-04:00,7496.10986328125,7496.93017578125,7494.240234375,7494.75,7720000
2026-07-17 12:01:00-04:00,7484.56005859375,7496.009765625,7484.5400390625,7495.25,14310000
2026-07-17 12:02:00-04:00,7483.2099609375,7486.22021484375,7482.10986328125,7484.6298828125,6127000
2026-07-17 12:03:00-04:00,7480.35986328125,7483.31982421875,7478.14013671875,7483.080078125,5488000
2026-07-17 12:04:00-04:00,7480.259765625,7480.39990234375,7478.669921875,7480.39990234375,4581000
2026-07-17 12:05:00-04:00,7479.10009765625,7481.02001953125,7478.14013671875,7481.02001953125,4982000
2026-07-17 12:06:00-04:00,7478.0498046875,7479.47998046875,7476.759765625,7479.35986328125,4685000
2026-07-17 12:07:00-04:00,7476.5498046875,7480.56982421875,7474.93017578125,7478.3701171875,5056000
2026-07-17 12:08:00-04:00,7477.580078125,7477.60986328125,7475.43994140625,7476.60986328125,3765000
2026-07-17 12:09:00-04:00,7485.14990234375,7485.14990234375,7477.64013671875,7477.64013671875,5596000
2026-07-17 12:10:00-04:00,7486.97021484375,7488.27978515625,7485.14990234375,7485.52001953125,5636000
2026-07-17 12:11:00-04:00,7483.81005859375,7487.43017578125,7483.81005859375,7486.990234375,4658000
2026-07-17 12:12:00-04:00,7485.669921875,7486.169921875,7483.02001953125,7483.39990234375,5265000
2026-07-17 12:13:00-04:00,7486.68017578125,7486.72021484375,7484.77978515625,7485.64990234375,4107000
2026-07-17 12:14:00-04:00,7488.8798828125,7488.97998046875,7486.2001953125,7486.39990234375,4620000
2026-07-17 12:15:00-04:00,7488.89013671875,7489.56982421875,7487.89013671875,7488.759765625,4496000
2026-07-17 12:16:00-04:00,7487.3798828125,7489.81005859375,7486.97021484375,7489.009765625,5208000
2026-07-17 12:17:00-04:00,7489.06005859375,7490.47998046875,7486.16015625,7487.10009765625,5391000
2026-07-17 12:18:00-04:00,7489.14990234375,7491.6201171875,7488.3798828125,7489.27978515625,4773000
2026-07-17 12:19:00-04:00,7489.8701171875,7490.52001953125,7488.58984375,7489.16015625,3894000
2026-07-17 12:20:00-04:00,7488.85986328125,7490.64990234375,7488.85986328125,7489.64990234375,5072000
2026-07-17 12:21:00-04:00,7483.4599609375,7488.81005859375,7483.4599609375,7488.81005859375,6786000
2026-07-17 12:22:00-04:00,7481.080078125,7484.5,7481.080078125,7483.5498046875,5513000
2026-07-17 12:23:00-04:00,7478.990234375,7480.83984375,7478.41015625,7480.83984375,3712000
2026-07-17 12:24:00-04:00,7478.490234375,7480.52001953125,7478.10986328125,7479.2900390625,4494000
2026-07-17 12:25:00-04:00,7481.31982421875,7481.7998046875,7477.0498046875,7478.31005859375,3960000
2026-07-17 12:26:00-04:00,7482.25,7482.25,7479.06982421875,7481.3798828125,3869000
2026-07-17 12:27:00-04:00,7488.25,7489.759765625,7482.330078125,7482.330078125,5101000
2026-07-17 12:28:00-04:00,7487.77001953125,7489.91015625,7487.77001953125,7488.39990234375,3938000
2026-07-17 12:29:00-04:00,7485.18994140625,7488.22021484375,7485.18994140625,7487.580078125,4346000
2026-07-17 12:30:00-04:00,7481.8798828125,7486.7900390625,7481.33984375,7485.009765625,5879000
2026-07-17 12:31:00-04:00,7482.85009765625,7483.14990234375,7481.56005859375,7481.830078125,3904000
2026-07-17 12:32:00-04:00,7484.330078125,7484.830078125,7481.93994140625,7482.8798828125,3837000
2026-07-17 12:33:00-04:00,7484.58984375,7485.3701171875,7482.43994140625,7484.64990234375,4113000
2026-07-17 12:34:00-04:00,7481.93017578125,7484.5498046875,7481.93017578125,7484.5498046875,3567000
2026-07-17 12:35:00-04:00,7483.22998046875,7484.9599609375,7481.740234375,7481.89990234375,4384000
2026-07-17 12:36:00-04:00,7485.14013671875,7485.3798828125,7481.91015625,7483.2998046875,4279000
2026-07-17 12:37:00-04:00,7482.7001953125,7485.6201171875,7482.7001953125,7485.08984375,4003000
2026-07-17 12:38:00-04:00,7483.83984375,7484.47998046875,7482.27978515625,7482.7099609375,4249000
2026-07-17 12:39:00-04:00,7484.490234375,7486.02001953125,7483.52001953125,7483.93017578125,3204000
2026-07-17 12:40:00-04:00,7482.259765625,7484.97998046875,7481.56982421875,7484.5,4068000
2026-07-17 12:41:00-04:00,7483.08984375,7483.77001953125,7482.27978515625,7482.52978515625,3981000
2026-07-17 12:42:00-04:00,7485.77978515625,7485.9501953125,7483.169921875,7483.169921875,3690000
2026-07-17 12:43:00-04:00,7487.89990234375,7489.60009765625,7485.56005859375,7485.56005859375,4317000
2026-07-17 12:44:00-04:00,7488.83984375,7488.83984375,7486.2099609375,7487.8798828125,4560000
2026-07-17 12:45:00-04:00,7488.39990234375,7489.72998046875,7488.27001953125,7488.9501953125,4445000
2026-07-17 12:46:00-04:00,7488.35986328125,7489.10009765625,7488.0,7488.4501953125,4945000
2026-07-17 12:47:00-04:00,7491.77978515625,7491.77978515625,7488.259765625,7488.4501953125,4577000
2026-07-17 12:48:00-04:00,7494.81005859375,7494.85986328125,7491.75,7491.75,4662000
2026-07-17 12:49:00-04:00,7494.18017578125,7495.18017578125,7493.77001953125,7494.7998046875,4181000
2026-07-17 12:50:00-04:00,7493.06005859375,7495.7900390625,7492.06982421875,7494.10986328125,4841000
2026-07-17 12:51:00-04:00,7497.47998046875,7498.3701171875,7493.02978515625,7493.080078125,5780000
2026-07-17 12:52:00-04:00,7496.9501953125,7498.47021484375,7494.9501953125,7497.39013671875,4820000
2026-07-17 12:53:00-04:00,7495.0498046875,7497.52978515625,7494.97998046875,7496.990234375,4471000
2026-07-17 12:54:00-04:00,7495.02978515625,7495.52978515625,7493.25,7495.0498046875,4651000
2026-07-17 12:55:00-04:00,7491.14990234375,7495.41015625,7491.0,7494.72021484375,4492000
2026-07-17 12:56:00-04:00,7490.14013671875,7491.3798828125,7488.169921875,7490.9599609375,3976000
2026-07-17 12:57:00-04:00,7488.52001953125,7490.2998046875,7487.75,7490.080078125,3902000
2026-07-17 12:58:00-04:00,7489.1298828125,7489.6201171875,7487.64013671875,7488.2099609375,6208000
2026-07-17 12:59:00-04:00,7488.81005859375,7490.43994140625,7488.759765625,7489.16015625,4408000
2026-07-17 13:00:00-04:00,7494.06982421875,7494.06982421875,7488.669921875,7489.009765625,5196000
2026-07-17 13:01:00-04:00,7495.0400390625,7496.64013671875,7493.7099609375,7493.919921875,5374000
2026-07-17 13:02:00-04:00,7492.77001953125,7494.9501953125,7492.009765625,7494.9501953125,4420000
2026-07-17 13:03:00-04:00,7493.52978515625,7493.93994140625,7492.14990234375,7492.8798828125,4055000
2026-07-17 13:04:00-04:00,7492.56005859375,7494.31005859375,7492.06982421875,7493.68017578125,4351000
2026-07-17 13:05:00-04:00,7491.18994140625,7492.490234375,7490.669921875,7492.490234375,4632000
2026-07-17 13:06:00-04:00,7494.7099609375,7494.7099609375,7490.93017578125,7491.2900390625,5060000
2026-07-17 13:07:00-04:00,7494.33984375,7495.759765625,7494.33984375,7494.85009765625,7263000
2026-07-17 13:08:00-04:00,7494.4501953125,7495.509765625,7494.330078125,7494.35986328125,5219000
2026-07-17 13:09:00-04:00,7495.75,7496.02001953125,7493.740234375,7494.419921875,4509000
2026-07-17 13:10:00-04:00,7495.6298828125,7496.3701171875,7494.47021484375,7495.7998046875,5265000
2026-07-17 13:11:00-04:00,7495.60986328125,7496.7998046875,7495.60986328125,7495.85986328125,5075000
2026-07-17 13:12:00-04:00,7493.740234375,7496.47021484375,7493.5498046875,7495.47998046875,4922000
2026-07-17 13:13:00-04:00,7491.85009765625,7493.81005859375,7491.85009765625,7493.47021484375,4105000
2026-07-17 13:14:00-04:00,7489.9599609375,7491.97021484375,7489.9599609375,7491.9599609375,3907000
2026-07-17 13:15:00-04:00,7491.5,7491.919921875,7488.52978515625,7490.02978515625,4799000
2026-07-17 13:16:00-04:00,7494.33984375,7494.3701171875,7491.5498046875,7491.97021484375,5123000
2026-07-17 13:17:00-04:00,7493.4501953125,7495.52001953125,7493.33984375,7494.39013671875,4601000
2026-07-17 13:18:00-04:00,7491.14990234375,7493.89013671875,7490.9599609375,7493.740234375,4860000
2026-07-17 13:19:00-04:00,7489.41015625,7491.33984375,7488.740234375,7491.22021484375,4214000
2026-07-17 13:20:00-04:00,7487.2001953125,7489.14990234375,7485.97998046875,7489.14990234375,5040000
2026-07-17 13:21:00-04:00,7486.60009765625,7487.66015625,7486.0400390625,7487.18994140625,4103000
2026-07-17 13:22:00-04:00,7489.35986328125,7489.35986328125,7486.6201171875,7486.6201171875,6011000
2026-07-17 13:23:00-04:00,7488.669921875,7490.009765625,7488.2001953125,7489.47021484375,5260000
2026-07-17 13:24:00-04:00,7488.68017578125,7489.06005859375,7487.5400390625,7488.740234375,4290000
2026-07-17 13:25:00-04:00,7491.7001953125,7491.7099609375,7488.52001953125,7488.919921875,3565000
2026-07-17 13:26:00-04:00,7494.97998046875,7495.240234375,7492.22021484375,7492.22021484375,5313000
2026-07-17 13:27:00-04:00,7494.77001953125,7495.22998046875,7494.02978515625,7495.080078125,3611000
2026-07-17 13:28:00-04:00,7494.85009765625,7496.02001953125,7494.52001953125,7494.77978515625,4607000
2026-07-17 13:29:00-04:00,7494.5,7495.97998046875,7494.259765625,7494.8798828125,4095000
2026-07-17 13:30:00-04:00,7495.25,7495.52001953125,7494.2998046875,7494.83984375,5586000
2026-07-17 13:31:00-04:00,7494.31982421875,7495.7998046875,7493.33984375,7495.60009765625,4366000
2026-07-17 13:32:00-04:00,7492.72021484375,7494.33984375,7492.6298828125,7494.0498046875,3865000
2026-07-17 13:33:00-04:00,7493.1201171875,7494.330078125,7492.39013671875,7492.7001953125,4567000
2026-07-17 13:34:00-04:00,7492.2099609375,7493.10986328125,7491.72998046875,7493.0400390625,4449000
2026-07-17 13:35:00-04:00,7486.58984375,7492.5,7486.52978515625,7492.16015625,5325000
2026-07-17 13:36:00-04:00,7486.22021484375,7487.7099609375,7485.77978515625,7486.830078125,4445000
2026-07-17 13:37:00-04:00,7487.56005859375,7488.68994140625,7486.39990234375,7486.39990234375,4078000
2026-07-17 13:38:00-04:00,7485.2900390625,7487.60986328125,7485.2900390625,7487.60986328125,4517000
2026-07-17 13:39:00-04:00,7486.5498046875,7486.5498046875,7485.169921875,7485.39013671875,4442000
2026-07-17 13:40:00-04:00,7482.89990234375,7486.35009765625,7482.35986328125,7486.35009765625,4627000
2026-07-17 13:41:00-04:00,7483.5498046875,7483.5498046875,7481.08984375,7482.97998046875,5078000
2026-07-17 13:42:00-04:00,7482.1201171875,7484.740234375,7481.77978515625,7483.7001953125,4393000
2026-07-17 13:43:00-04:00,7482.64013671875,7482.990234375,7481.64013671875,7482.02978515625,3865000
2026-07-17 13:44:00-04:00,7481.81005859375,7482.66015625,7481.1298828125,7482.60986328125,3607000
2026-07-17 13:45:00-04:00,7483.7998046875,7484.330078125,7481.02978515625,7481.72998046875,3605000
2026-07-17 13:46:00-04:00,7480.47021484375,7483.77001953125,7480.3798828125,7483.77001953125,3601000
2026-07-17 13:47:00-04:00,7481.10009765625,7481.47998046875,7480.2099609375,7480.5498046875,4424000
2026-07-17 13:48:00-04:00,7480.7900390625,7482.5400390625,7480.2001953125,7481.1298828125,3889000
2026-07-17 13:49:00-04:00,7480.75,7480.83984375,7480.10986328125,7480.81005859375,5171000
2026-07-17 13:50:00-04:00,7476.85009765625,7481.64990234375,7476.830078125,7481.169921875,4116000
2026-07-17 13:51:00-04:00,7475.9501953125,7477.3701171875,7475.5498046875,7476.919921875,4725000
2026-07-17 13:52:00-04:00,7475.14990234375,7477.43994140625,7474.52978515625,7475.93017578125,4398000
2026-07-17 13:53:00-04:00,7474.5498046875,7475.27978515625,7473.419921875,7475.27978515625,4250000
2026-07-17 13:54:00-04:00,7475.2998046875,7476.990234375,7474.60009765625,7474.60009765625,3792000
2026-07-17 13:55:00-04:00,7473.3798828125,7475.35986328125,7472.9501953125,7475.2001953125,4384000
2026-07-17 13:56:00-04:00,7471.35986328125,7473.990234375,7471.35986328125,7473.75,4333000
2026-07-17 13:57:00-04:00,7471.33984375,7472.14990234375,7470.509765625,7471.4599609375,4367000
2026-07-17 13:58:00-04:00,7470.93994140625,7471.31982421875,7469.31982421875,7471.31982421875,5067000
2026-07-17 13:59:00-04:00,7471.22998046875,7471.91015625,7470.77001953125,7470.830078125,4093000
2026-07-17 14:00:00-04:00,7469.85986328125,7473.0400390625,7469.60009765625,7471.25,5050000
2026-07-17 14:01:00-04:00,7470.8798828125,7472.60986328125,7469.85986328125,7469.85986328125,4978000
2026-07-17 14:02:00-04:00,7474.31982421875,7474.31982421875,7470.77001953125,7470.85009765625,5522000
2026-07-17 14:03:00-04:00,7476.16015625,7476.31982421875,7474.1298828125,7474.330078125,4254000
2026-07-17 14:04:00-04:00,7472.2998046875,7477.0498046875,7472.27001953125,7476.52001953125,4154000
2026-07-17 14:05:00-04:00,7470.7998046875,7472.33984375,7469.0498046875,7472.33984375,4261000
2026-07-17 14:06:00-04:00,7468.47021484375,7471.06005859375,7467.47021484375,7470.85009765625,4920000
2026-07-17 14:07:00-04:00,7469.31005859375,7469.7099609375,7467.31005859375,7468.60986328125,4854000
2026-07-17 14:08:00-04:00,7469.669921875,7470.41015625,7467.7900390625,7469.64990234375,5112000
2026-07-17 14:09:00-04:00,7468.490234375,7470.490234375,7468.31982421875,7469.6298828125,3582000
2026-07-17 14:10:00-04:00,7468.7900390625,7470.68017578125,7468.22998046875,7468.64013671875,4680000
2026-07-17 14:11:00-04:00,7468.169921875,7468.990234375,7467.1201171875,7468.91015625,4234000
2026-07-17 14:12:00-04:00,7467.5498046875,7468.85009765625,7467.5498046875,7468.14990234375,3801000
2026-07-17 14:13:00-04:00,7467.509765625,7468.2099609375,7466.14990234375,7467.39990234375,4183000
2026-07-17 14:14:00-04:00,7466.669921875,7468.2001953125,7466.240234375,7467.56982421875,3483000
2026-07-17 14:15:00-04:00,7463.740234375,7467.10009765625,7462.41015625,7466.60986328125,5052000
2026-07-17 14:16:00-04:00,7463.16015625,7463.43994140625,7462.2099609375,7463.31005859375,4384000
2026-07-17 14:17:00-04:00,7463.08984375,7463.7900390625,7462.5498046875,7463.02001953125,4748000
2026-07-17 14:18:00-04:00,7463.0400390625,7464.43994140625,7462.27001953125,7463.259765625,3656000
2026-07-17 14:19:00-04:00,7463.75,7463.75,7461.85009765625,7462.85986328125,4158000
2026-07-17 14:20:00-04:00,7462.10986328125,7464.02001953125,7461.56982421875,7463.66015625,4302000
2026-07-17 14:21:00-04:00,7462.52001953125,7463.77001953125,7461.7900390625,7462.16015625,4231000
2026-07-17 14:22:00-04:00,7464.5498046875,7464.5498046875,7462.669921875,7462.669921875,3810000
2026-07-17 14:23:00-04:00,7465.91015625,7466.81005859375,7463.919921875,7464.759765625,4097000
2026-07-17 14:24:00-04:00,7462.93017578125,7466.0498046875,7462.33984375,7465.7998046875,4018000
2026-07-17 14:25:00-04:00,7461.009765625,7462.9501953125,7460.89990234375,7462.89990234375,4430000
2026-07-17 14:26:00-04:00,7460.259765625,7461.8798828125,7460.259765625,7460.9599609375,4272000
2026-07-17 14:27:00-04:00,7459.2998046875,7460.2998046875,7458.4501953125,7459.97998046875,4047000
2026-07-17 14:28:00-04:00,7460.7099609375,7461.18994140625,7458.8701171875,7459.10009765625,3871000
2026-07-17 14:29:00-04:00,7462.240234375,7462.66015625,7460.7001953125,7460.7001953125,3879000
2026-07-17 14:30:00-04:00,7466.919921875,7468.5400390625,7461.81005859375,7462.2998046875,5025000
2026-07-17 14:31:00-04:00,7465.83984375,7468.7900390625,7465.83984375,7467.39013671875,3987000
2026-07-17 14:32:00-04:00,7462.2998046875,7465.919921875,7462.02978515625,7465.39013671875,4380000
2026-07-17 14:33:00-04:00,7460.66015625,7463.93017578125,7460.56982421875,7462.43994140625,4113000
2026-07-17 14:34:00-04:00,7462.35986328125,7462.47021484375,7460.08984375,7460.52001953125,4379000
2026-07-17 14:35:00-04:00,7461.85986328125,7463.06005859375,7460.77978515625,7462.2900390625,4221000
2026-07-17 14:36:00-04:00,7463.2001953125,7464.06982421875,7461.830078125,7461.830078125,4141000
2026-07-17 14:37:00-04:00,7462.8701171875,7464.080078125,7462.2998046875,7463.22021484375,4287000
2026-07-17 14:38:00-04:00,7464.35009765625,7464.66015625,7462.35009765625,7462.919921875,4386000
2026-07-17 14:39:00-04:00,7462.759765625,7464.419921875,7462.2900390625,7464.27978515625,3233000
2026-07-17 14:40:00-04:00,7459.89013671875,7463.43017578125,7459.89013671875,7462.81005859375,4469000
2026-07-17 14:41:00-04:00,7460.18994140625,7460.43017578125,7458.93994140625,7459.93017578125,3629000
2026-07-17 14:42:00-04:00,7458.490234375,7461.830078125,7458.31005859375,7460.1201171875,4370000
2026-07-17 14:43:00-04:00,7457.64013671875,7459.3798828125,7457.4501953125,7458.7099609375,4202000
2026-07-17 14:44:00-04:00,7458.43994140625,7459.009765625,7456.64013671875,7457.419921875,4060000
2026-07-17 14:45:00-04:00,7458.89013671875,7459.97998046875,7456.8701171875,7458.3701171875,4222000
2026-07-17 14:46:00-04:00,7461.2998046875,7461.2998046875,7457.8701171875,7458.8701171875,4240000
2026-07-17 14:47:00-04:00,7464.27978515625,7464.43994140625,7460.97021484375,7461.47021484375,4356000
2026-07-17 14:48:00-04:00,7465.89990234375,7466.7001953125,7464.35986328125,7464.35986328125,4916000
2026-07-17 14:49:00-04:00,7464.5498046875,7467.89013671875,7464.259765625,7466.580078125,3890000
2026-07-17 14:50:00-04:00,7463.77001953125,7464.97021484375,7462.3701171875,7464.669921875,4218000
2026-07-17 14:51:00-04:00,7465.2998046875,7466.240234375,7463.85986328125,7463.9501953125,3709000
2026-07-17 14:52:00-04:00,7465.72021484375,7466.52001953125,7464.39990234375,7465.10986328125,4097000
2026-07-17 14:53:00-04:00,7468.47021484375,7468.91015625,7465.7099609375,7465.81005859375,3650000
2026-07-17 14:54:00-04:00,7470.9501953125,7470.9501953125,7467.18017578125,7468.3798828125,4199000
2026-07-17 14:55:00-04:00,7470.169921875,7471.52978515625,7470.080078125,7471.0498046875,9344000
2026-07-17 14:56:00-04:00,7469.47021484375,7470.47021484375,7469.02001953125,7470.14990234375,4132000
2026-07-17 14:57:00-04:00,7470.58984375,7470.58984375,7467.3798828125,7469.60986328125,5412000
2026-07-17 14:58:00-04:00,7471.1201171875,7471.1201171875,7470.169921875,7470.56982421875,3576000
2026-07-17 14:59:00-04:00,7469.81005859375,7471.6298828125,7469.81005859375,7471.0498046875,4857000
2026-07-17 15:00:00-04:00,7465.97021484375,7469.4599609375,7465.9501953125,7469.06005859375,6270000
2026-07-17 15:01:00-04:00,7465.22021484375,7466.22021484375,7463.759765625,7465.9501953125,5202000
2026-07-17 15:02:00-04:00,7463.2998046875,7465.81982421875,7463.27001953125,7465.06982421875,5670000
2026-07-17 15:03:00-04:00,7465.06982421875,7465.06982421875,7462.81982421875,7463.14990234375,5032000
2026-07-17 15:04:00-04:00,7464.009765625,7466.02001953125,7463.68017578125,7465.169921875,168000
2026-07-17 15:05:00-04:00,7464.06982421875,7464.580078125,7462.39013671875,7463.97021484375,4495000
2026-07-17 15:06:00-04:00,7461.3701171875,7464.81005859375,7461.31982421875,7464.1201171875,4787000
2026-07-17 15:07:00-04:00,7460.3798828125,7461.68017578125,7460.10986328125,7461.47021484375,4389000
2026-07-17 15:08:00-04:00,7459.83984375,7461.22021484375,7459.740234375,7459.89013671875,5259000
2026-07-17 15:09:00-04:00,7459.4501953125,7460.35986328125,7459.18994140625,7459.990234375,4297000
2026-07-17 15:10:00-04:00,7457.81005859375,7460.14990234375,7456.97998046875,7459.43017578125,5678000
2026-07-17 15:11:00-04:00,7456.9501953125,7457.669921875,7455.75,7457.60986328125,5029000
2026-07-17 15:12:00-04:00,7455.3701171875,7457.4501953125,7454.8798828125,7457.0498046875,4957000
2026-07-17 15:13:00-04:00,7454.52001953125,7455.8798828125,7454.52001953125,7454.990234375,5154000
2026-07-17 15:14:00-04:00,7452.4599609375,7454.64013671875,7452.4599609375,7454.64013671875,5017000
2026-07-17 15:15:00-04:00,7450.81982421875,7452.93994140625,7450.509765625,7452.4599609375,5977000
2026-07-17 15:16:00-04:00,7451.56982421875,7453.43017578125,7450.740234375,7450.740234375,6520000
2026-07-17 15:17:00-04:00,7452.52978515625,7452.83984375,7451.259765625,7451.83984375,6211000
2026-07-17 15:18:00-04:00,7451.7099609375,7454.2998046875,7451.4501953125,7452.509765625,6074000
2026-07-17 15:19:00-04:00,7454.259765625,7454.47021484375,7451.4501953125,7451.580078125,4667000
2026-07-17 15:20:00-04:00,7453.06982421875,7454.18017578125,7451.66015625,7454.18017578125,5715000
2026-07-17 15:21:00-04:00,7451.740234375,7452.89990234375,7451.60009765625,7452.89990234375,4826000
2026-07-17 15:22:00-04:00,7451.2998046875,7451.89990234375,7450.60986328125,7451.669921875,4769000
2026-07-17 15:23:00-04:00,7450.72021484375,7451.72998046875,7450.43994140625,7451.1298828125,5014000
2026-07-17 15:24:00-04:00,7448.64990234375,7451.10986328125,7448.64990234375,7450.68017578125,5015000
2026-07-17 15:25:00-04:00,7447.02978515625,7448.5,7446.27001953125,7448.5,7094000
2026-07-17 15:26:00-04:00,7450.72998046875,7450.830078125,7446.93017578125,7446.93017578125,5760000
2026-07-17 15:27:00-04:00,7453.3798828125,7453.81982421875,7450.580078125,7450.75,5908000
2026-07-17 15:28:00-04:00,7456.580078125,7457.81005859375,7453.39013671875,7453.39013671875,6304000
2026-07-17 15:29:00-04:00,7456.6298828125,7458.31982421875,7455.91015625,7456.85009765625,7186000
2026-07-17 15:30:00-04:00,7455.81982421875,7461.25,7454.85009765625,7456.68994140625,10863000
2026-07-17 15:31:00-04:00,7457.5498046875,7457.60986328125,7453.64013671875,7455.68017578125,7690000
2026-07-17 15:32:00-04:00,7455.919921875,7457.33984375,7454.419921875,7457.33984375,7117000
2026-07-17 15:33:00-04:00,7456.9501953125,7456.9501953125,7454.72021484375,7455.759765625,6165000
2026-07-17 15:34:00-04:00,7455.35986328125,7458.0498046875,7454.89013671875,7457.080078125,7007000
2026-07-17 15:35:00-04:00,7454.75,7456.85986328125,7454.5,7455.6201171875,7350000
2026-07-17 15:36:00-04:00,7456.5400390625,7457.06982421875,7454.2900390625,7454.8798828125,8041000
2026-07-17 15:37:00-04:00,7458.72998046875,7460.2998046875,7455.93994140625,7456.27978515625,7203000
2026-07-17 15:38:00-04:00,7455.93017578125,7458.759765625,7455.7998046875,7458.64013671875,6086000
2026-07-17 15:39:00-04:00,7453.85986328125,7455.7001953125,7452.9501953125,7455.7001953125,8546000
2026-07-17 15:40:00-04:00,7453.72998046875,7456.240234375,7451.91015625,7453.830078125,8920000
2026-07-17 15:41:00-04:00,7457.919921875,7458.10986328125,7453.93994140625,7453.93994140625,7536000
2026-07-17 15:42:00-04:00,7457.9501953125,7458.5,7454.4599609375,7457.81005859375,7270000
2026-07-17 15:43:00-04:00,7459.419921875,7460.1298828125,7457.7900390625,7457.93017578125,7332000
2026-07-17 15:44:00-04:00,7460.3701171875,7461.5,7459.4501953125,7459.4501953125,8484000
2026-07-17 15:45:00-04:00,7462.68017578125,7464.97021484375,7459.39013671875,7460.47021484375,13007000
2026-07-17 15:46:00-04:00,7461.5400390625,7462.75,7460.06982421875,7462.64013671875,9877000
2026-07-17 15:47:00-04:00,7464.02001953125,7464.419921875,7461.43017578125,7461.43017578125,11176000
2026-07-17 15:48:00-04:00,7464.56982421875,7465.5400390625,7463.7900390625,7463.7900390625,10429000
2026-07-17 15:49:00-04:00,7465.43017578125,7465.5,7463.0498046875,7464.56005859375,10790000
2026-07-17 15:50:00-04:00,7462.740234375,7467.16015625,7462.6201171875,7465.490234375,17761000
2026-07-17 15:51:00-04:00,7467.2998046875,7467.83984375,7462.39013671875,7462.60009765625,12943000
2026-07-17 15:52:00-04:00,7462.31005859375,7467.10009765625,7461.56982421875,7467.10009765625,16182000
2026-07-17 15:53:00-04:00,7463.0400390625,7463.3798828125,7461.830078125,7462.6298828125,13596000
2026-07-17 15:54:00-04:00,7465.58984375,7466.06005859375,7460.89990234375,7462.990234375,18519000
2026-07-17 15:55:00-04:00,7465.43994140625,7465.8701171875,7462.419921875,7465.18994140625,26214000
2026-07-17 15:56:00-04:00,7468.72021484375,7469.0,7465.35009765625,7465.81005859375,24293000
2026-07-17 15:57:00-04:00,7465.6298828125,7468.5400390625,7465.27001953125,7468.39990234375,30207000
2026-07-17 15:58:00-04:00,7465.02978515625,7465.97021484375,7463.8798828125,7465.68017578125,45644000
2026-07-17 15:59:00-04:00,7457.77978515625,7464.72998046875,7455.4599609375,7464.72998046875,86947000
2026-07-20 09:30:00-04:00,7502.22021484375,7502.22021484375,7489.18017578125,7489.18017578125,0
2026-07-20 09:31:00-04:00,7499.60009765625,7503.66015625,7499.419921875,7500.7900390625,10961919
2026-07-20 09:32:00-04:00,7504.7900390625,7506.14990234375,7499.47021484375,7499.47021484375,10927411
2026-07-20 09:33:00-04:00,7503.10009765625,7506.169921875,7502.7001953125,7505.33984375,9185607
2026-07-20 09:34:00-04:00,7505.60009765625,7505.8701171875,7501.6298828125,7503.18017578125,8170877
2026-07-20 09:35:00-04:00,7504.68994140625,7507.0,7503.8701171875,7506.14013671875,9805375
2026-07-20 09:36:00-04:00,7508.64013671875,7508.64013671875,7504.2900390625,7504.2998046875,8600428
2026-07-20 09:37:00-04:00,7511.41015625,7512.08984375,7508.2099609375,7509.18017578125,8024828
2026-07-20 09:38:00-04:00,7509.259765625,7513.22998046875,7508.91015625,7511.240234375,8434935
2026-07-20 09:39:00-04:00,7506.91015625,7509.56005859375,7505.2998046875,7509.56005859375,7904474
2026-07-20 09:40:00-04:00,7507.64990234375,7509.490234375,7506.68994140625,7507.2001953125,7967145
2026-07-20 09:41:00-04:00,7508.1201171875,7510.52001953125,7507.25,7507.580078125,7631885
2026-07-20 09:42:00-04:00,7509.009765625,7509.009765625,7507.02001953125,7508.47998046875,6824576
2026-07-20 09:43:00-04:00,7511.47021484375,7512.330078125,7508.6201171875,7509.02001953125,6838230
2026-07-20 09:44:00-04:00,7512.14013671875,7512.60986328125,7510.3701171875,7511.5498046875,7329320
2026-07-20 09:45:00-04:00,7509.52001953125,7513.0498046875,7509.52001953125,7512.2099609375,10511172
2026-07-20 09:46:00-04:00,7506.81982421875,7509.85009765625,7505.8798828125,7508.89013671875,7681865
2026-07-20 09:47:00-04:00,7505.06005859375,7507.22021484375,7503.759765625,7507.22021484375,6747844
2026-07-20 09:48:00-04:00,7504.259765625,7505.72021484375,7503.14013671875,7504.85986328125,6692383
2026-07-20 09:49:00-04:00,7502.2099609375,7504.759765625,7501.72021484375,7504.490234375,8123799
2026-07-20 09:50:00-04:00,7502.35986328125,7503.52978515625,7501.740234375,7501.97021484375,8552259
2026-07-20 09:51:00-04:00,7497.740234375,7503.10986328125,7497.18017578125,7502.2099609375,7137405
2026-07-20 09:52:00-04:00,7492.27978515625,7498.18017578125,7490.91015625,7497.60986328125,8900347
2026-07-20 09:53:00-04:00,7491.33984375,7492.759765625,7488.85986328125,7492.4599609375,7117191
2026-07-20 09:54:00-04:00,7490.85009765625,7492.25,7489.27978515625,7490.93994140625,6047456
2026-07-20 09:55:00-04:00,7488.60986328125,7491.16015625,7487.81005859375,7490.60009765625,6989875
2026-07-20 09:56:00-04:00,7486.5,7488.60986328125,7484.41015625,7488.60009765625,6391246
2026-07-20 09:57:00-04:00,7484.1298828125,7486.6298828125,7483.66015625,7486.6298828125,6685812
2026-07-20 09:58:00-04:00,7482.18994140625,7485.31982421875,7482.18994140625,7484.169921875,6536522
2026-07-20 09:59:00-04:00,7483.41015625,7484.47998046875,7481.52001953125,7482.1298828125,6418263
2026-07-20 10:00:00-04:00,7484.509765625,7485.2900390625,7481.41015625,7483.60009765625,7928750
2026-07-20 10:01:00-04:00,7482.2900390625,7485.169921875,7479.83984375,7484.669921875,7473974
2026-07-20 10:02:00-04:00,7485.5400390625,7485.5400390625,7482.56005859375,7482.85986328125,7380856
2026-07-20 10:03:00-04:00,7486.990234375,7487.39990234375,7485.669921875,7485.68994140625,6434645
2026-07-20 10:04:00-04:00,7484.830078125,7489.02001953125,7484.4501953125,7487.64990234375,5999906
2026-07-20 10:05:00-04:00,7484.509765625,7486.7998046875,7483.60986328125,7484.7001953125,5766628
2026-07-20 10:06:00-04:00,7481.6201171875,7484.68994140625,7481.240234375,7484.490234375,5461909
2026-07-20 10:07:00-04:00,7481.39013671875,7482.14013671875,7479.490234375,7481.52001953125,5738645
2026-07-20 10:08:00-04:00,7479.9501953125,7482.830078125,7479.85009765625,7481.83984375,5738212
2026-07-20 10:09:00-04:00,7479.7998046875,7481.43017578125,7478.81005859375,7479.759765625,5390889
2026-07-20 10:10:00-04:00,7475.0400390625,7480.009765625,7475.0400390625,7480.009765625,7421122
2026-07-20 10:11:00-04:00,7475.509765625,7477.02001953125,7473.52978515625,7475.25,6256293
2026-07-20 10:12:00-04:00,7473.509765625,7475.43994140625,7472.990234375,7474.77001953125,5834555
2026-07-20 10:13:00-04:00,7476.56005859375,7476.56005859375,7473.06005859375,7473.5498046875,5721998
2026-07-20 10:14:00-04:00,7475.08984375,7478.22021484375,7474.240234375,7476.52001953125,5294268
2026-07-20 10:15:00-04:00,7478.3798828125,7479.58984375,7473.580078125,7475.10986328125,6661615
2026-07-20 10:16:00-04:00,7474.22998046875,7479.6201171875,7474.18994140625,7478.490234375,5924931
2026-07-20 10:17:00-04:00,7473.52001953125,7475.27978515625,7473.169921875,7474.39990234375,4812172
2026-07-20 10:18:00-04:00,7474.31005859375,7474.68994140625,7472.7001953125,7474.009765625,5176686
2026-07-20 10:19:00-04:00,7474.39013671875,7475.5498046875,7471.7998046875,7474.72021484375,5284494
2026-07-20 10:20:00-04:00,7471.009765625,7474.56005859375,7469.740234375,7474.56005859375,5860747
2026-07-20 10:21:00-04:00,7470.169921875,7470.93994140625,7468.68017578125,7470.93994140625,5713970
2026-07-20 10:22:00-04:00,7472.39990234375,7472.68994140625,7468.60986328125,7469.93994140625,5679254
2026-07-20 10:23:00-04:00,7476.18017578125,7476.669921875,7472.4599609375,7472.75,5333963
2026-07-20 10:24:00-04:00,7475.919921875,7477.91015625,7475.77978515625,7475.89013671875,5401093
2026-07-20 10:25:00-04:00,7477.2099609375,7478.7998046875,7475.31005859375,7475.85009765625,5054870
2026-07-20 10:26:00-04:00,7479.22021484375,7479.22021484375,7475.68994140625,7477.18017578125,5169130
2026-07-20 10:27:00-04:00,7477.8798828125,7480.0,7477.72021484375,7479.27001953125,4752603
2026-07-20 10:28:00-04:00,7478.419921875,7479.4501953125,7476.77001953125,7477.85009765625,4417222
2026-07-20 10:29:00-04:00,7482.85986328125,7482.85986328125,7478.6201171875,7478.6201171875,4850809
2026-07-20 10:30:00-04:00,7483.77001953125,7484.16015625,7481.080078125,7482.490234375,5981267
2026-07-20 10:31:00-04:00,7482.93994140625,7484.10986328125,7481.10986328125,7483.77001953125,5029155
2026-07-20 10:32:00-04:00,7480.330078125,7483.7998046875,7478.259765625,7483.22021484375,6041685
2026-07-20 10:33:00-04:00,7478.6201171875,7480.009765625,7477.72021484375,7480.009765625,4805728
2026-07-20 10:34:00-04:00,7478.240234375,7480.22021484375,7476.4599609375,7478.35009765625,5880014
2026-07-20 10:35:00-04:00,7478.990234375,7479.5400390625,7476.60009765625,7478.2001953125,5272605
2026-07-20 10:36:00-04:00,7476.009765625,7479.14013671875,7476.009765625,7479.0400390625,6186836
2026-07-20 10:37:00-04:00,7478.240234375,7478.240234375,7474.77978515625,7476.02978515625,4913360
2026-07-20 10:38:00-04:00,7478.3701171875,7478.6201171875,7476.81005859375,7478.169921875,4246261
2026-07-20 10:39:00-04:00,7478.7998046875,7480.009765625,7477.93994140625,7478.56005859375,3892596
2026-07-20 10:40:00-04:00,7481.97021484375,7482.77978515625,7478.5,7478.77978515625,4497366
2026-07-20 10:41:00-04:00,7476.2099609375,7482.41015625,7475.9599609375,7482.0498046875,5922372
2026-07-20 10:42:00-04:00,7475.7001953125,7478.0498046875,7475.3798828125,7476.2001953125,4374297
2026-07-20 10:43:00-04:00,7474.7099609375,7477.97021484375,7474.2099609375,7475.7998046875,4783696
2026-07-20 10:44:00-04:00,7474.83984375,7475.66015625,7473.3798828125,7474.52001953125,4453544
2026-07-20 10:45:00-04:00,7477.2998046875,7477.2998046875,7470.8798828125,7474.740234375,5223089
2026-07-20 10:46:00-04:00,7480.89990234375,7481.5400390625,7477.39990234375,7477.419921875,4545943
2026-07-20 10:47:00-04:00,7476.6201171875,7481.56982421875,7476.6201171875,7480.75,4273664
2026-07-20 10:48:00-04:00,7473.85986328125,7476.580078125,7472.3701171875,7476.580078125,5433185
2026-07-20 10:49:00-04:00,7471.64013671875,7474.8798828125,7471.43994140625,7473.8701171875,3770085
2026-07-20 10:50:00-04:00,7472.259765625,7473.5498046875,7470.68994140625,7471.669921875,4145487
2026-07-20 10:51:00-04:00,7473.419921875,7474.419921875,7471.22021484375,7472.18994140625,4657840
2026-07-20 10:52:00-04:00,7470.6298828125,7474.259765625,7470.27978515625,7473.39990234375,4295023
2026-07-20 10:53:00-04:00,7467.64013671875,7470.58984375,7467.22021484375,7470.58984375,4977571
2026-07-20 10:54:00-04:00,7468.580078125,7470.27001953125,7467.56005859375,7467.740234375,4491244
2026-07-20 10:55:00-04:00,7469.43994140625,7469.43994140625,7467.43994140625,7468.47021484375,4940130
2026-07-20 10:56:00-04:00,7465.0498046875,7469.77978515625,7464.60009765625,7469.7001953125,5132782
2026-07-20 10:57:00-04:00,7466.5400390625,7466.5498046875,7464.66015625,7465.10009765625,4867563
2026-07-20 10:58:00-04:00,7464.490234375,7467.97998046875,7463.5400390625,7466.72998046875,4059816
2026-07-20 10:59:00-04:00,7466.02001953125,7466.7001953125,7462.3701171875,7464.43017578125,5440659
2026-07-20 11:00:00-04:00,7467.35009765625,7467.66015625,7463.43994140625,7465.9599609375,5409932
2026-07-20 11:01:00-04:00,7469.68017578125,7469.8798828125,7466.33984375,7467.490234375,6224995
2026-07-20 11:02:00-04:00,7471.64013671875,7471.64990234375,7469.240234375,7469.91015625,4940150
2026-07-20 11:03:00-04:00,7471.169921875,7474.2998046875,7471.169921875,7471.91015625,5806098
2026-07-20 11:04:00-04:00,7471.47021484375,7472.0400390625,7469.85986328125,7471.06005859375,5599766
2026-07-20 11:05:00-04:00,7464.60009765625,7472.5400390625,7463.97021484375,7471.259765625,5772921
2026-07-20 11:06:00-04:00,7467.9599609375,7468.2001953125,7464.64013671875,7464.64013671875,4279660
2026-07-20 11:07:00-04:00,7472.72021484375,7472.9501953125,7468.16015625,7468.16015625,5095765
2026-07-20 11:08:00-04:00,7475.52978515625,7476.6201171875,7471.85009765625,7472.47021484375,5939574
2026-07-20 11:09:00-04:00,7479.27001953125,7479.4599609375,7474.8701171875,7475.509765625,6242541
2026-07-20 11:10:00-04:00,7475.25,7479.52978515625,7475.25,7479.43017578125,4932771
2026-07-20 11:11:00-04:00,7473.22021484375,7475.7099609375,7472.5498046875,7475.10986328125,4712978
2026-07-20 11:12:00-04:00,7472.93994140625,7475.77001953125,7472.89990234375,7473.2099609375,4103595
2026-07-20 11:13:00-04:00,7475.02001953125,7475.18994140625,7472.9501953125,7473.2001953125,5414778
2026-07-20 11:14:00-04:00,7473.47998046875,7475.14990234375,7472.43017578125,7474.97021484375,4919072
2026-07-20 11:15:00-04:00,7476.75,7476.81982421875,7471.60009765625,7473.47998046875,5220266
2026-07-20 11:16:00-04:00,7477.919921875,7477.919921875,7475.77978515625,7476.759765625,4694555
2026-07-20 11:17:00-04:00,7478.72021484375,7479.10009765625,7477.60986328125,7477.8798828125,4884410
2026-07-20 11:18:00-04:00,7479.759765625,7480.39990234375,7478.7900390625,7478.7900390625,3931545
2026-07-20 11:19:00-04:00,7478.2099609375,7479.75,7476.5400390625,7479.75,5459824
2026-07-20 11:20:00-04:00,7479.16015625,7479.169921875,7476.41015625,7478.18017578125,4809440
2026-07-20 11:21:00-04:00,7480.9501953125,7481.6201171875,7479.0400390625,7479.0400390625,5257919
2026-07-20 11:22:00-04:00,7482.3701171875,7482.3701171875,7480.81005859375,7481.02978515625,4197061
2026-07-20 11:23:00-04:00,7481.990234375,7484.5400390625,7481.990234375,7482.41015625,5611798
2026-07-20 11:24:00-04:00,7482.669921875,7483.81005859375,7481.6201171875,7482.0400390625,5188596
2026-07-20 11:25:00-04:00,7483.2998046875,7484.5400390625,7481.919921875,7482.669921875,7374901
2026-07-20 11:26:00-04:00,7482.2001953125,7484.83984375,7482.18994140625,7482.97998046875,4779772
2026-07-20 11:27:00-04:00,7481.27978515625,7483.27001953125,7481.27978515625,7481.93017578125,4784797
2026-07-20 11:28:00-04:00,7478.669921875,7481.830078125,7478.0400390625,7481.43017578125,4873564
2026-07-20 11:29:00-04:00,7484.35009765625,7484.35009765625,7478.16015625,7478.740234375,5571689
2026-07-20 11:30:00-04:00,7484.7001953125,7485.06982421875,7483.43017578125,7484.31982421875,5151758
2026-07-20 11:31:00-04:00,7485.56982421875,7485.56982421875,7484.52001953125,7484.64013671875,4461017
2026-07-20 11:32:00-04:00,7484.419921875,7485.580078125,7484.1298828125,7485.580078125,4400053
2026-07-20 11:33:00-04:00,7484.52978515625,7485.0,7483.7099609375,7484.33984375,4016245
2026-07-20 11:34:00-04:00,7484.14990234375,7485.22021484375,7483.75,7484.5400390625,4590702
2026-07-20 11:35:00-04:00,7483.39990234375,7484.7998046875,7482.93994140625,7484.2099609375,4553018
2026-07-20 11:36:00-04:00,7483.72021484375,7484.10009765625,7482.9501953125,7483.56005859375,4115103
2026-07-20 11:37:00-04:00,7479.81982421875,7483.75,7479.81982421875,7483.75,5755841
2026-07-20 11:38:00-04:00,7481.39013671875,7481.39013671875,7479.60009765625,7479.830078125,4125304
2026-07-20 11:39:00-04:00,7480.3701171875,7482.85009765625,7480.0,7481.35986328125,4023510
2026-07-20 11:40:00-04:00,7479.1201171875,7480.3701171875,7478.7001953125,7480.22998046875,4157847
2026-07-20 11:41:00-04:00,7481.740234375,7482.10986328125,7479.0400390625,7479.0400390625,3846624
2026-07-20 11:42:00-04:00,7482.08984375,7483.60009765625,7481.3798828125,7481.3798828125,3945066
2026-07-20 11:43:00-04:00,7482.39990234375,7484.33984375,7482.240234375,7482.31982421875,3606157
2026-07-20 11:44:00-04:00,7484.60986328125,7484.60986328125,7481.3701171875,7482.35009765625,4382523
2026-07-20 11:45:00-04:00,7482.3701171875,7485.47021484375,7481.8701171875,7484.990234375,3564054
2026-07-20 11:46:00-04:00,7482.330078125,7483.27978515625,7481.81005859375,7482.7001953125,3230753
2026-07-20 11:47:00-04:00,7480.35009765625,7483.43017578125,7479.31982421875,7482.31982421875,4529997
2026-07-20 11:48:00-04:00,7477.85009765625,7480.259765625,7477.4501953125,7480.259765625,4120991
2026-07-20 11:49:00-04:00,7478.259765625,7479.52978515625,7476.60986328125,7477.93017578125,4198349
2026-07-20 11:50:00-04:00,7478.64990234375,7478.990234375,7476.91015625,7478.330078125,4066719
2026-07-20 11:51:00-04:00,7482.72998046875,7483.3798828125,7479.0,7479.0,4373453
2026-07-20 11:52:00-04:00,7483.830078125,7483.9599609375,7481.77001953125,7482.68994140625,3670344
2026-07-20 11:53:00-04:00,7486.3701171875,7486.39013671875,7483.27001953125,7483.64013671875,3577586
2026-07-20 11:54:00-04:00,7488.06982421875,7489.02001953125,7486.47021484375,7486.47021484375,4621552
2026-07-20 11:55:00-04:00,7489.509765625,7489.64990234375,7488.02978515625,7488.02978515625,4623120
2026-07-20 11:56:00-04:00,7489.91015625,7489.9501953125,7488.740234375,7489.56982421875,4020229
2026-07-20 11:57:00-04:00,7487.2900390625,7489.93017578125,7487.1201171875,7489.93017578125,4266986
2026-07-20 11:58:00-04:00,7486.8701171875,7488.4501953125,7486.169921875,7487.4501953125,4086139
2026-07-20 11:59:00-04:00,7485.56005859375,7487.2099609375,7485.240234375,7486.7998046875,4191148
2026-07-20 12:00:00-04:00,7486.6298828125,7487.7900390625,7485.06005859375,7485.64990234375,4519994
2026-07-20 12:01:00-04:00,7485.58984375,7488.06982421875,7485.58984375,7486.47998046875,4831682
2026-07-20 12:02:00-04:00,7482.6298828125,7485.27978515625,7482.0,7485.27001953125,4585863
2026-07-20 12:03:00-04:00,7486.7998046875,7486.8701171875,7481.6201171875,7482.740234375,5142668
2026-07-20 12:04:00-04:00,7487.68017578125,7488.10986328125,7486.93017578125,7486.93994140625,4366276
2026-07-20 12:05:00-04:00,7490.669921875,7490.89990234375,7487.60009765625,7487.64013671875,4679490
2026-07-20 12:06:00-04:00,7491.5,7491.56005859375,7490.02001953125,7490.8701171875,4301585
2026-07-20 12:07:00-04:00,7492.0498046875,7492.52001953125,7491.580078125,7491.93017578125,4355063
2026-07-20 12:08:00-04:00,7493.0400390625,7493.06982421875,7492.0400390625,7492.0400390625,4113548
2026-07-20 12:09:00-04:00,7493.64013671875,7493.89013671875,7493.02001953125,7493.02978515625,3715702
2026-07-20 12:10:00-04:00,7494.77978515625,7495.25,7492.8701171875,7493.52978515625,4098635
2026-07-20 12:11:00-04:00,7494.330078125,7495.22021484375,7494.169921875,7494.759765625,3641253
2026-07-20 12:12:00-04:00,7494.22998046875,7495.509765625,7494.22998046875,7494.419921875,4116238
2026-07-20 12:13:00-04:00,7493.22998046875,7495.02001953125,7492.3701171875,7494.080078125,3965683
2026-07-20 12:14:00-04:00,7493.72021484375,7494.25,7492.56982421875,7493.18994140625,3891025
2026-07-20 12:15:00-04:00,7490.85009765625,7494.02978515625,7490.509765625,7493.77001953125,3869940
2026-07-20 12:16:00-04:00,7490.72998046875,7491.009765625,7489.97998046875,7490.580078125,3678615
2026-07-20 12:17:00-04:00,7492.1298828125,7492.1298828125,7490.2900390625,7490.77978515625,3180133
2026-07-20 12:18:00-04:00,7492.43994140625,7492.7900390625,7491.27978515625,7492.2001953125,3866311
2026-07-20 12:19:00-04:00,7492.56982421875,7492.64013671875,7491.9501953125,7492.5,3422587
2026-07-20 12:20:00-04:00,7493.06982421875,7493.47998046875,7492.4501953125,7492.6298828125,3509535
2026-07-20 12:21:00-04:00,7492.7099609375,7493.5498046875,7492.509765625,7493.16015625,3791846
2026-07-20 12:22:00-04:00,7493.009765625,7493.6298828125,7492.080078125,7492.83984375,3410960
2026-07-20 12:23:00-04:00,7494.419921875,7494.56005859375,7492.97998046875,7492.990234375,3538618
2026-07-20 12:24:00-04:00,7493.2900390625,7494.60009765625,7492.64990234375,7494.2998046875,4224444
2026-07-20 12:25:00-04:00,7489.35986328125,7493.81982421875,7489.35986328125,7493.419921875,4258523
2026-07-20 12:26:00-04:00,7488.39990234375,7489.490234375,7487.64990234375,7489.490234375,3759000
2026-07-20 12:27:00-04:00,7489.580078125,7490.27978515625,7488.39990234375,7488.419921875,3476000
2026-07-20 12:28:00-04:00,7489.0400390625,7489.7099609375,7488.740234375,7489.56982421875,3046000
2026-07-20 12:29:00-04:00,7490.75,7490.83984375,7489.06982421875,7489.06982421875,3442000
2026-07-20 12:30:00-04:00,7490.16015625,7493.35986328125,7489.7998046875,7490.68017578125,4052000
2026-07-20 12:31:00-04:00,7489.490234375,7490.27978515625,7489.16015625,7490.10009765625,3518000
2026-07-20 12:32:00-04:00,7487.8701171875,7490.009765625,7487.8701171875,7489.68994140625,3361000
2026-07-20 12:33:00-04:00,7484.64990234375,7488.14990234375,7484.52001953125,7487.830078125,4635000
2026-07-20 12:34:00-04:00,7484.27978515625,7486.0,7484.2099609375,7484.39013671875,4936000
2026-07-20 12:35:00-04:00,7485.77978515625,7485.97021484375,7484.009765625,7484.2001953125,3988000
2026-07-20 12:36:00-04:00,7485.0498046875,7485.740234375,7484.41015625,7485.39013671875,3212000
2026-07-20 12:37:00-04:00,7486.2998046875,7486.509765625,7483.89013671875,7485.27001953125,3671000
2026-07-20 12:38:00-04:00,7486.43017578125,7486.97021484375,7485.259765625,7486.60009765625,3424000
2026-07-20 12:39:00-04:00,7489.2099609375,7489.27001953125,7486.2900390625,7486.3701171875,3443000
2026-07-20 12:40:00-04:00,7488.81005859375,7490.35009765625,7487.81982421875,7489.240234375,4287000
2026-07-20 12:41:00-04:00,7478.83984375,7489.2998046875,7473.2099609375,7488.72021484375,15283000
2026-07-20 12:42:00-04:00,7480.169921875,7481.2998046875,7478.5,7478.85009765625,3688000
2026-07-20 12:43:00-04:00,7481.81005859375,7481.85009765625,7479.580078125,7480.0498046875,3317000
2026-07-20 12:44:00-04:00,7479.52978515625,7481.58984375,7478.6201171875,7481.58984375,3645000
2026-07-20 12:45:00-04:00,7479.259765625,7480.08984375,7478.58984375,7479.60986328125,3660000
2026-07-20 12:46:00-04:00,7483.7900390625,7483.7900390625,7478.3798828125,7479.31982421875,3693000
2026-07-20 12:47:00-04:00,7485.5,7486.5400390625,7483.77978515625,7483.77978515625,3578000
2026-07-20 12:48:00-04:00,7485.419921875,7486.02001953125,7484.97998046875,7485.27001953125,3079000
2026-07-20 12:49:00-04:00,7487.06005859375,7487.35986328125,7485.4501953125,7485.5498046875,3286000
2026-07-20 12:50:00-04:00,7482.43017578125,7487.2998046875,7482.43017578125,7487.2099609375,4175000
2026-07-20 12:51:00-04:00,7481.6298828125,7483.990234375,7481.08984375,7482.740234375,3717000
2026-07-20 12:52:00-04:00,7480.4501953125,7481.47998046875,7479.43017578125,7481.47021484375,4112000
2026-07-20 12:53:00-04:00,7480.31982421875,7480.7900390625,7479.41015625,7480.52978515625,3730000
2026-07-20 12:54:00-04:00,7475.58984375,7480.490234375,7475.10009765625,7480.3701171875,4140000
2026-07-20 12:55:00-04:00,7476.7998046875,7476.7998046875,7475.06982421875,7475.56005859375,3391000
2026-07-20 12:56:00-04:00,7473.41015625,7476.8798828125,7473.41015625,7476.8701171875,4180000
2026-07-20 12:57:00-04:00,7474.7001953125,7475.27978515625,7473.22998046875,7473.41015625,4836000
2026-07-20 12:58:00-04:00,7474.6298828125,7476.18994140625,7474.35009765625,7474.830078125,4769000
2026-07-20 12:59:00-04:00,7475.2900390625,7475.72021484375,7473.91015625,7474.3701171875,3738000
2026-07-20 13:00:00-04:00,7476.85009765625,7476.85009765625,7475.06982421875,7475.240234375,4838000
2026-07-20 13:01:00-04:00,7471.97998046875,7477.14990234375,7471.89013671875,7476.7900390625,3864000
2026-07-20 13:02:00-04:00,7472.7998046875,7473.0498046875,7471.64013671875,7472.22998046875,4119000
2026-07-20 13:03:00-04:00,7472.6201171875,7473.47021484375,7471.85009765625,7473.02001953125,3485000
2026-07-20 13:04:00-04:00,7470.9501953125,7472.72021484375,7470.93994140625,7472.6298828125,3727000
2026-07-20 13:05:00-04:00,7469.81005859375,7471.35986328125,7468.919921875,7470.83984375,4599000
2026-07-20 13:06:00-04:00,7469.52001953125,7470.0400390625,7468.41015625,7469.759765625,3281000
2026-07-20 13:07:00-04:00,7468.3701171875,7470.14990234375,7468.27978515625,7469.77001953125,3824000
2026-07-20 13:08:00-04:00,7468.2998046875,7468.64013671875,7467.3701171875,7468.35986328125,4317000
2026-07-20 13:09:00-04:00,7471.18994140625,7471.93017578125,7468.22998046875,7468.22998046875,3294000
2026-07-20 13:10:00-04:00,7468.2998046875,7471.77001953125,7467.75,7471.27978515625,4085000
2026-07-20 13:11:00-04:00,7467.64990234375,7468.56982421875,7467.64013671875,7468.35009765625,3532000
2026-07-20 13:12:00-04:00,7467.72998046875,7468.490234375,7467.39013671875,7467.7001953125,3901000
2026-07-20 13:13:00-04:00,7467.0400390625,7468.31982421875,7466.41015625,7467.77978515625,3044000
2026-07-20 13:14:00-04:00,7464.8798828125,7467.1201171875,7464.18017578125,7467.1201171875,3775000
2026-07-20 13:15:00-04:00,7462.06982421875,7464.830078125,7461.97998046875,7464.830078125,4135000
2026-07-20 13:16:00-04:00,7461.91015625,7462.669921875,7461.3798828125,7462.18994140625,3259000
2026-07-20 13:17:00-04:00,7465.1298828125,7465.56005859375,7461.9501953125,7461.9501953125,3541000
2026-07-20 13:18:00-04:00,7467.27001953125,7467.2998046875,7465.330078125,7465.330078125,3117000
2026-07-20 13:19:00-04:00,7467.10009765625,7468.240234375,7466.1298828125,7467.35986328125,3493000
2026-07-20 13:20:00-04:00,7466.580078125,7467.06982421875,7465.75,7467.06982421875,3430000
2026-07-20 13:21:00-04:00,7467.68994140625,7468.14013671875,7466.56982421875,7466.669921875,3516000
2026-07-20 13:22:00-04:00,7469.22998046875,7470.3701171875,7467.68017578125,7467.68017578125,4841000
2026-07-20 13:23:00-04:00,7468.89013671875,7469.89990234375,7467.68017578125,7469.2998046875,3597000
2026-07-20 13:24:00-04:00,7466.66015625,7468.72021484375,7466.14990234375,7468.72021484375,3125000
2026-07-20 13:25:00-04:00,7467.91015625,7468.10009765625,7465.68994140625,7466.68017578125,3151000
2026-07-20 13:26:00-04:00,7468.58984375,7468.58984375,7466.56005859375,7468.10009765625,3108000
2026-07-20 13:27:00-04:00,7464.93994140625,7468.919921875,7464.85009765625,7468.830078125,3873000
2026-07-20 13:28:00-04:00,7465.91015625,7465.91015625,7464.93994140625,7465.080078125,3446000
2026-07-20 13:29:00-04:00,7466.83984375,7466.990234375,7465.6201171875,7465.8701171875,4646000
2026-07-20 13:30:00-04:00,7466.7900390625,7468.2998046875,7465.64990234375,7466.85986328125,4901000
2026-07-20 13:31:00-04:00,7465.669921875,7467.0,7465.56005859375,7466.72021484375,3988000
2026-07-20 13:32:00-04:00,7467.2998046875,7467.330078125,7465.3798828125,7465.7099609375,3483000
2026-07-20 13:33:00-04:00,7466.919921875,7467.91015625,7466.35986328125,7467.43994140625,4161000
2026-07-20 13:34:00-04:00,7468.60009765625,7469.759765625,7466.7900390625,7466.9599609375,4645000
2026-07-20 13:35:00-04:00,7470.169921875,7471.02001953125,7468.2001953125,7468.740234375,3884000
2026-07-20 13:36:00-04:00,7467.2998046875,7470.509765625,7466.85009765625,7470.27001953125,3532000
2026-07-20 13:37:00-04:00,7466.64013671875,7467.27978515625,7466.10986328125,7467.27978515625,4013000
2026-07-20 13:38:00-04:00,7466.6298828125,7467.27001953125,7465.85986328125,7466.7001953125,3140000
2026-07-20 13:39:00-04:00,7465.919921875,7467.81982421875,7465.81982421875,7466.66015625,3671000
2026-07-20 13:40:00-04:00,7463.97021484375,7466.06005859375,7463.39990234375,7466.0400390625,5035000
2026-07-20 13:41:00-04:00,7464.3798828125,7464.6201171875,7462.509765625,7463.97021484375,3976000
2026-07-20 13:42:00-04:00,7464.4599609375,7464.56005859375,7463.47021484375,7464.39013671875,5785000
2026-07-20 13:43:00-04:00,7462.5400390625,7464.93017578125,7461.75,7464.52001953125,3732000
2026-07-20 13:44:00-04:00,7463.18994140625,7463.18994140625,7461.919921875,7462.43017578125,4201000
2026-07-20 13:45:00-04:00,7467.43994140625,7467.669921875,7462.89990234375,7463.18994140625,4042000
2026-07-20 13:46:00-04:00,7466.77978515625,7468.8798828125,7466.02001953125,7467.4501953125,3667000
2026-07-20 13:47:00-04:00,7467.0,7467.25,7466.259765625,7466.7001953125,3310000
2026-07-20 13:48:00-04:00,7468.58984375,7468.68017578125,7467.41015625,7467.41015625,3384000
2026-07-20 13:49:00-04:00,7467.9599609375,7468.81982421875,7467.02978515625,7468.60986328125,3011000
2026-07-20 13:50:00-04:00,7469.14013671875,7469.669921875,7467.7998046875,7467.97998046875,3481000
2026-07-20 13:51:00-04:00,7470.740234375,7470.89013671875,7467.93017578125,7469.1298828125,4536000
2026-07-20 13:52:00-04:00,7472.7099609375,7472.97021484375,7470.669921875,7470.669921875,3696000
2026-07-20 13:53:00-04:00,7473.009765625,7473.02978515625,7471.75,7472.64013671875,3423000
2026-07-20 13:54:00-04:00,7472.31982421875,7473.9501953125,7472.31982421875,7473.16015625,4357000
2026-07-20 13:55:00-04:00,7471.4501953125,7472.39990234375,7470.580078125,7472.39990234375,4315000
2026-07-20 13:56:00-04:00,7468.7001953125,7471.4501953125,7467.9599609375,7471.43017578125,3716000
2026-07-20 13:57:00-04:00,7470.93994140625,7471.509765625,7468.830078125,7468.830078125,3574000
2026-07-20 13:58:00-04:00,7471.02978515625,7471.93017578125,7470.18017578125,7470.93017578125,3797000
2026-07-20 13:59:00-04:00,7471.10986328125,7471.10986328125,7469.919921875,7471.0400390625,3891000
2026-07-20 14:00:00-04:00,7474.39013671875,7474.41015625,7471.1201171875,7471.1201171875,4452000
2026-07-20 14:01:00-04:00,7476.93994140625,7476.93994140625,7474.52001953125,7474.52001953125,5196000
2026-07-20 14:02:00-04:00,7476.41015625,7476.91015625,7475.1201171875,7476.91015625,4592000
2026-07-20 14:03:00-04:00,7474.2998046875,7476.72021484375,7473.43994140625,7476.35986328125,4300000
2026-07-20 14:04:00-04:00,7473.60986328125,7474.47998046875,7473.47998046875,7474.240234375,3148000
2026-07-20 14:05:00-04:00,7473.7001953125,7474.7099609375,7473.47021484375,7473.830078125,3611000
2026-07-20 14:06:00-04:00,7474.2099609375,7474.22021484375,7472.66015625,7473.919921875,3481000
2026-07-20 14:07:00-04:00,7472.97998046875,7474.7001953125,7472.72021484375,7474.35009765625,3009000
2026-07-20 14:08:00-04:00,7472.0498046875,7472.7998046875,7471.1201171875,7472.7998046875,3132000
2026-07-20 14:09:00-04:00,7474.35009765625,7474.43017578125,7471.77978515625,7471.85009765625,4140000
2026-07-20 14:10:00-04:00,7473.97021484375,7474.64013671875,7473.02001953125,7474.419921875,3279000
2026-07-20 14:11:00-04:00,7474.419921875,7474.47998046875,7472.81005859375,7474.08984375,3236000
2026-07-20 14:12:00-04:00,7475.97021484375,7476.669921875,7474.39990234375,7474.39990234375,3406000
2026-07-20 14:13:00-04:00,7476.97021484375,7477.6298828125,7475.7001953125,7475.8798828125,3928000
2026-07-20 14:14:00-04:00,7475.9501953125,7477.27001953125,7475.89013671875,7477.0,3557000
2026-07-20 14:15:00-04:00,7475.7900390625,7476.35986328125,7475.25,7476.080078125,4149000
2026-07-20 14:16:00-04:00,7476.31982421875,7476.7998046875,7474.6298828125,7475.64013671875,3647000
2026-07-20 14:17:00-04:00,7477.52001953125,7479.080078125,7476.31982421875,7476.31982421875,3276000
2026-07-20 14:18:00-04:00,7476.27001953125,7477.89013671875,7475.41015625,7477.4501953125,3114000
2026-07-20 14:19:00-04:00,7477.740234375,7477.740234375,7475.97998046875,7476.43994140625,2974000
2026-07-20 14:20:00-04:00,7477.02001953125,7478.169921875,7476.68017578125,7477.759765625,3502000
2026-07-20 14:21:00-04:00,7475.7900390625,7477.2998046875,7474.81982421875,7476.89013671875,4681000
2026-07-20 14:22:00-04:00,7472.85986328125,7475.68017578125,7472.509765625,7475.68017578125,3880000
2026-07-20 14:23:00-04:00,7471.35009765625,7472.85986328125,7470.4501953125,7472.77001953125,4391000
2026-07-20 14:24:00-04:00,7468.419921875,7471.27001953125,7468.2099609375,7471.27001953125,3750000
2026-07-20 14:25:00-04:00,7471.0,7471.0,7466.93017578125,7468.3798828125,3877000
2026-07-20 14:26:00-04:00,7471.2900390625,7471.9501953125,7470.7998046875,7470.9501953125,3325000
2026-07-20 14:27:00-04:00,7470.77001953125,7471.35986328125,7470.2001953125,7471.27978515625,3249000
2026-07-20 14:28:00-04:00,7471.60009765625,7471.7900390625,7469.89013671875,7470.490234375,3584000
2026-07-20 14:29:00-04:00,7470.5400390625,7472.9599609375,7470.41015625,7471.5498046875,3810000
2026-07-20 14:30:00-04:00,7466.2998046875,7470.60009765625,7466.2998046875,7470.60009765625,3730000
2026-07-20 14:31:00-04:00,7465.97998046875,7466.830078125,7465.330078125,7466.43017578125,4347000
2026-07-20 14:32:00-04:00,7466.240234375,7466.7998046875,7465.3798828125,7466.14013671875,3490000
2026-07-20 14:33:00-04:00,7464.08984375,7466.2099609375,7463.58984375,7466.2099609375,3517000
2026-07-20 14:34:00-04:00,7462.02001953125,7464.27001953125,7460.4599609375,7464.14990234375,4321000
2026-07-20 14:35:00-04:00,7464.93994140625,7465.56005859375,7461.8798828125,7461.8798828125,3840000
2026-07-20 14:36:00-04:00,7467.2900390625,7467.6201171875,7464.72998046875,7464.72998046875,3581000
2026-07-20 14:37:00-04:00,7465.41015625,7467.83984375,7465.41015625,7467.14990234375,3779000
2026-07-20 14:38:00-04:00,7463.0400390625,7466.7099609375,7463.009765625,7465.27978515625,6076000
2026-07-20 14:39:00-04:00,7460.31982421875,7463.08984375,7459.91015625,7463.08984375,5948000
2026-07-20 14:40:00-04:00,7457.60986328125,7460.68017578125,7457.60986328125,7460.31982421875,3916000
2026-07-20 14:41:00-04:00,7456.97998046875,7457.419921875,7455.72998046875,7457.419921875,5189000
2026-07-20 14:42:00-04:00,7455.2099609375,7457.27978515625,7454.669921875,7457.10986328125,5078000
2026-07-20 14:43:00-04:00,7454.43994140625,7455.919921875,7453.5,7455.490234375,3974000
2026-07-20 14:44:00-04:00,7450.7998046875,7454.33984375,7450.7998046875,7454.33984375,4878000
2026-07-20 14:45:00-04:00,7450.7001953125,7451.9599609375,7449.5400390625,7450.509765625,4830000
2026-07-20 14:46:00-04:00,7454.22021484375,7454.4599609375,7450.669921875,7450.75,3985000
2026-07-20 14:47:00-04:00,7454.39990234375,7455.25,7453.39990234375,7454.39990234375,4015000
2026-07-20 14:48:00-04:00,7454.14990234375,7454.60986328125,7453.6201171875,7454.35009765625,3393000
2026-07-20 14:49:00-04:00,7452.9501953125,7454.3701171875,7452.9501953125,7454.16015625,4166000
2026-07-20 14:50:00-04:00,7453.35009765625,7453.580078125,7451.14990234375,7452.080078125,4394000
2026-07-20 14:51:00-04:00,7452.580078125,7453.330078125,7452.0400390625,7453.169921875,4263000
2026-07-20 14:52:00-04:00,7454.2900390625,7454.5,7452.66015625,7452.66015625,3512000
2026-07-20 14:53:00-04:00,7454.77978515625,7455.5400390625,7453.77001953125,7454.1298828125,3654000
2026-07-20 14:54:00-04:00,7455.91015625,7456.9599609375,7454.6201171875,7454.8798828125,5439000
2026-07-20 14:55:00-04:00,7455.77978515625,7455.9501953125,7454.91015625,7455.91015625,5177000
2026-07-20 14:56:00-04:00,7455.35986328125,7456.41015625,7454.77978515625,7455.9501953125,4777000
2026-07-20 14:57:00-04:00,7452.830078125,7455.33984375,7452.830078125,7455.33984375,4164000
2026-07-20 14:58:00-04:00,7452.0498046875,7452.81982421875,7450.41015625,7452.81982421875,4712000
2026-07-20 14:59:00-04:00,7452.8701171875,7453.89013671875,7452.08984375,7452.08984375,4201000
2026-07-20 15:00:00-04:00,7456.52978515625,7456.56982421875,7452.7099609375,7452.7099609375,5564000
2026-07-20 15:01:00-04:00,7456.85009765625,7457.02001953125,7456.06005859375,7456.7001953125,4348000
2026-07-20 15:02:00-04:00,7453.419921875,7456.89990234375,7453.27001953125,7456.81982421875,5253000
2026-07-20 15:03:00-04:00,7451.08984375,7453.02001953125,7450.6201171875,7452.97021484375,5173000
2026-07-20 15:04:00-04:00,7451.2900390625,7452.1201171875,7449.7998046875,7450.8798828125,4996000
2026-07-20 15:05:00-04:00,7449.5498046875,7452.02001953125,7449.1201171875,7451.14013671875,5696000
2026-07-20 15:06:00-04:00,7451.39013671875,7451.419921875,7448.2001953125,7449.64013671875,6516000
2026-07-20 15:07:00-04:00,7451.35986328125,7451.89990234375,7450.419921875,7451.580078125,5186000
2026-07-20 15:08:00-04:00,7450.93994140625,7451.64990234375,7450.2998046875,7451.5400390625,5456000
2026-07-20 15:09:00-04:00,7452.43017578125,7453.14990234375,7450.83984375,7451.06982421875,5059000
2026-07-20 15:10:00-04:00,7454.830078125,7455.89990234375,7452.0498046875,7452.0498046875,5464000
2026-07-20 15:11:00-04:00,7450.52978515625,7454.91015625,7449.75,7454.91015625,5457000
2026-07-20 15:12:00-04:00,7449.14990234375,7450.56982421875,7448.52001953125,7450.56982421875,4696000
2026-07-20 15:13:00-04:00,7445.31005859375,7449.02978515625,7445.10986328125,7449.02978515625,5026000
2026-07-20 15:14:00-04:00,7442.830078125,7445.60986328125,7442.830078125,7445.240234375,5976000
2026-07-20 15:15:00-04:00,7443.47998046875,7443.91015625,7440.52978515625,7442.64990234375,6993000
2026-07-20 15:16:00-04:00,7444.4599609375,7444.990234375,7442.93994140625,7443.18017578125,5251000
2026-07-20 15:17:00-04:00,7444.39990234375,7446.89990234375,7442.6298828125,7444.56982421875,5337000
2026-07-20 15:18:00-04:00,7444.85986328125,7444.919921875,7443.56005859375,7444.39990234375,4516000
2026-07-20 15:19:00-04:00,7444.2998046875,7445.8701171875,7444.2998046875,7444.9501953125,5326000
2026-07-20 15:20:00-04:00,7444.259765625,7446.580078125,7443.81005859375,7444.330078125,6143000
2026-07-20 15:21:00-04:00,7444.580078125,7445.89013671875,7444.2099609375,7444.2099609375,4595000
2026-07-20 15:22:00-04:00,7445.2001953125,7446.14990234375,7444.43994140625,7444.43994140625,4832000
2026-07-20 15:23:00-04:00,7447.14990234375,7447.14990234375,7443.35986328125,7445.0400390625,6130000
2026-07-20 15:24:00-04:00,7448.3701171875,7449.27978515625,7447.10986328125,7447.6298828125,5201000
2026-07-20 15:25:00-04:00,7446.2001953125,7449.0400390625,7446.14013671875,7448.419921875,5068000
2026-07-20 15:26:00-04:00,7445.02001953125,7446.06005859375,7444.52001953125,7446.06005859375,5280000
2026-07-20 15:27:00-04:00,7445.5,7445.5,7443.7001953125,7445.06005859375,4981000
2026-07-20 15:28:00-04:00,7444.81005859375,7446.240234375,7444.81005859375,7445.39990234375,5002000
2026-07-20 15:29:00-04:00,7452.14013671875,7453.58984375,7444.77001953125,7444.97021484375,8897000
2026-07-20 15:30:00-04:00,7449.89990234375,7454.75,7449.89013671875,7452.419921875,6547000
2026-07-20 15:31:00-04:00,7454.33984375,7454.60986328125,7449.2998046875,7449.77978515625,6690000
2026-07-20 15:32:00-04:00,7456.6298828125,7456.85009765625,7454.2001953125,7454.669921875,11457000
2026-07-20 15:33:00-04:00,7454.77001953125,7457.06005859375,7454.740234375,7456.72998046875,6458000
2026-07-20 15:34:00-04:00,7455.240234375,7456.25,7454.669921875,7454.8701171875,6603000
2026-07-20 15:35:00-04:00,7451.8798828125,7455.35986328125,7451.6298828125,7455.27978515625,6298000
2026-07-20 15:36:00-04:00,7451.18017578125,7452.9501953125,7450.7001953125,7451.91015625,6528000
2026-07-20 15:37:00-04:00,7450.56005859375,7451.8701171875,7450.31005859375,7451.259765625,6571000
2026-07-20 15:38:00-04:00,7453.669921875,7454.22998046875,7450.18017578125,7450.77978515625,6088000
2026-07-20 15:39:00-04:00,7454.25,7455.8701171875,7453.0400390625,7453.509765625,6233000
2026-07-20 15:40:00-04:00,7456.490234375,7456.490234375,7453.31005859375,7454.2900390625,7260000
2026-07-20 15:41:00-04:00,7457.5400390625,7458.14990234375,7456.009765625,7456.43017578125,6450000
2026-07-20 15:42:00-04:00,7454.1298828125,7458.509765625,7454.10986328125,7457.509765625,7570000
2026-07-20 15:43:00-04:00,7455.39990234375,7455.39990234375,7453.27001953125,7454.259765625,6275000
2026-07-20 15:44:00-04:00,7454.68994140625,7455.490234375,7454.60986328125,7455.43994140625,6644000
2026-07-20 15:45:00-04:00,7452.81982421875,7457.0,7452.490234375,7454.7001953125,11078000
2026-07-20 15:46:00-04:00,7455.27978515625,7455.35009765625,7452.009765625,7452.919921875,8859000
2026-07-20 15:47:00-04:00,7453.22998046875,7455.52978515625,7453.169921875,7455.47998046875,7080000
2026-07-20 15:48:00-04:00,7453.259765625,7453.2998046875,7451.72021484375,7453.0498046875,8508000
2026-07-20 15:49:00-04:00,7455.990234375,7456.06005859375,7453.43017578125,7453.43017578125,9529000
2026-07-20 15:50:00-04:00,7449.3701171875,7455.97021484375,7449.02978515625,7455.97021484375,15394000
2026-07-20 15:51:00-04:00,7447.64013671875,7450.0498046875,7447.10986328125,7449.60009765625,12611000
2026-07-20 15:52:00-04:00,7447.02001953125,7448.0,7445.47021484375,7447.64013671875,12172000
2026-07-20 15:53:00-04:00,7445.0,7446.93994140625,7444.97998046875,7446.93994140625,12373000
2026-07-20 15:54:00-04:00,7446.740234375,7446.740234375,7444.240234375,7445.06982421875,16979000
2026-07-20 15:55:00-04:00,7443.52978515625,7446.93017578125,7441.77978515625,7446.93017578125,24433000
2026-07-20 15:56:00-04:00,7445.75,7445.75,7441.33984375,7443.75,25826000
2026-07-20 15:57:00-04:00,7444.68994140625,7446.31982421875,7444.509765625,7445.81982421875,27323000
2026-07-20 15:58:00-04:00,7444.259765625,7445.35009765625,7444.2001953125,7444.27978515625,39961000
2026-07-20 15:59:00-04:00,7444.72998046875,7445.02978515625,7441.490234375,7444.64013671875,73132000
2026-07-21 09:30:00-04:00,7484.89990234375,7492.5,7484.89990234375,7489.9501953125,0
2026-07-21 09:31:00-04:00,7483.08984375,7483.77978515625,7479.9599609375,7483.64990234375,13794401
2026-07-21 09:32:00-04:00,7482.56982421875,7483.080078125,7480.52978515625,7482.18017578125,12027383
2026-07-21 09:33:00-04:00,7478.08984375,7482.669921875,7478.08984375,7482.2001953125,12289257
2026-07-21 09:34:00-04:00,7483.14013671875,7484.72998046875,7477.9501953125,7478.47021484375,9884448
2026-07-21 09:35:00-04:00,7485.6201171875,7485.6201171875,7481.35986328125,7482.7001953125,11981247
2026-07-21 09:36:00-04:00,7483.77001953125,7488.85986328125,7483.58984375,7485.83984375,11709098
2026-07-21 09:37:00-04:00,7481.2900390625,7483.7900390625,7479.6298828125,7483.7900390625,9526632
2026-07-21 09:38:00-04:00,7482.08984375,7482.7099609375,7480.3701171875,7481.43017578125,8925027
2026-07-21 09:39:00-04:00,7480.259765625,7483.27978515625,7479.8798828125,7481.52001953125,9080635
2026-07-21 09:40:00-04:00,7474.64990234375,7479.89990234375,7473.7900390625,7479.72998046875,9687106
2026-07-21 09:41:00-04:00,7469.75,7474.7099609375,7469.2998046875,7474.6201171875,8512635
2026-07-21 09:42:00-04:00,7471.77001953125,7473.3798828125,7470.419921875,7470.419921875,8265641
2026-07-21 09:43:00-04:00,7471.9599609375,7475.31982421875,7471.93994140625,7471.93994140625,8289376
2026-07-21 09:44:00-04:00,7470.75,7472.47021484375,7469.0498046875,7471.6298828125,8414864
2026-07-21 09:45:00-04:00,7470.60009765625,7473.22998046875,7470.2900390625,7471.240234375,10056780
2026-07-21 09:46:00-04:00,7470.08984375,7473.3701171875,7469.97021484375,7470.7998046875,8075739
2026-07-21 09:47:00-04:00,7470.22998046875,7471.14990234375,7467.85986328125,7470.3701171875,8093160
2026-07-21 09:48:00-04:00,7472.68994140625,7473.81982421875,7469.7001953125,7470.0498046875,8594161
2026-07-21 09:49:00-04:00,7474.89990234375,7475.4501953125,7473.14013671875,7473.47998046875,8812238
2026-07-21 09:50:00-04:00,7474.580078125,7478.93017578125,7474.0,7475.1201171875,8129768
2026-07-21 09:51:00-04:00,7471.0,7475.10986328125,7471.0,7474.85986328125,7244818
2026-07-21 09:52:00-04:00,7473.1201171875,7473.43994140625,7468.18994140625,7470.64990234375,7801935
2026-07-21 09:53:00-04:00,7476.22998046875,7476.83984375,7471.68017578125,7473.14013671875,6642931
2026-07-21 09:54:00-04:00,7476.490234375,7477.47998046875,7473.81005859375,7476.580078125,6879004
2026-07-21 09:55:00-04:00,7474.18017578125,7478.740234375,7473.72021484375,7476.009765625,6729396
2026-07-21 09:56:00-04:00,7473.52001953125,7474.2001953125,7472.1298828125,7474.2001953125,7663530
2026-07-21 09:57:00-04:00,7474.740234375,7474.740234375,7471.8701171875,7473.9501953125,6535447
2026-07-21 09:58:00-04:00,7473.16015625,7474.919921875,7471.91015625,7474.919921875,7228578
2026-07-21 09:59:00-04:00,7478.6298828125,7479.5,7473.56005859375,7473.56005859375,6032176
2026-07-21 10:00:00-04:00,7481.93994140625,7483.85009765625,7478.990234375,7479.2099609375,7592445
2026-07-21 10:01:00-04:00,7479.5400390625,7482.740234375,7479.5400390625,7481.66015625,7026965
2026-07-21 10:02:00-04:00,7479.4501953125,7480.9501953125,7478.669921875,7479.990234375,6618322
2026-07-21 10:03:00-04:00,7478.509765625,7479.22998046875,7475.39990234375,7479.06982421875,7127950
2026-07-21 10:04:00-04:00,7479.83984375,7479.91015625,7477.77001953125,7478.47021484375,6171238
2026-07-21 10:05:00-04:00,7478.919921875,7480.4599609375,7476.4599609375,7479.919921875,6527956
2026-07-21 10:06:00-04:00,7482.1298828125,7482.31982421875,7478.759765625,7478.830078125,6387325
2026-07-21 10:07:00-04:00,7479.1201171875,7482.14990234375,7478.14013671875,7482.14990234375,6169786
2026-07-21 10:08:00-04:00,7479.52978515625,7480.77978515625,7477.6201171875,7478.6298828125,5756350
2026-07-21 10:09:00-04:00,7477.5498046875,7480.89990234375,7476.7998046875,7479.6298828125,6515277
2026-07-21 10:10:00-04:00,7476.10009765625,7478.10986328125,7474.4501953125,7477.58984375,6597859
2026-07-21 10:11:00-04:00,7476.7001953125,7478.1298828125,7475.33984375,7476.52978515625,5601790
2026-07-21 10:12:00-04:00,7478.080078125,7479.18017578125,7476.91015625,7476.91015625,5363861
2026-07-21 10:13:00-04:00,7480.22998046875,7480.22998046875,7476.41015625,7477.7099609375,5799625
2026-07-21 10:14:00-04:00,7482.14990234375,7482.6201171875,7480.14990234375,7480.31005859375,6681198
2026-07-21 10:15:00-04:00,7474.5498046875,7482.2001953125,7474.3798828125,7482.2001953125,7581590
2026-07-21 10:16:00-04:00,7474.93017578125,7475.4599609375,7473.14990234375,7475.2099609375,6343615
2026-07-21 10:17:00-04:00,7478.0,7478.490234375,7474.2001953125,7474.93017578125,6187475
2026-07-21 10:18:00-04:00,7485.5498046875,7485.93017578125,7478.1298828125,7478.1298828125,5148229
2026-07-21 10:19:00-04:00,7485.31005859375,7485.9501953125,7484.4599609375,7485.1298828125,5188237
2026-07-21 10:20:00-04:00,7483.4501953125,7487.330078125,7483.4501953125,7485.2900390625,6435625
2026-07-21 10:21:00-04:00,7480.47021484375,7484.02978515625,7480.1298828125,7483.7001953125,5345054
2026-07-21 10:22:00-04:00,7483.830078125,7485.02001953125,7480.66015625,7480.669921875,4640082
2026-07-21 10:23:00-04:00,7485.41015625,7485.6201171875,7483.35986328125,7483.8798828125,4889003
2026-07-21 10:24:00-04:00,7485.43017578125,7485.9599609375,7484.06982421875,7485.39013671875,4650975
2026-07-21 10:25:00-04:00,7488.759765625,7489.66015625,7484.5,7485.56982421875,5983425
2026-07-21 10:26:00-04:00,7490.16015625,7490.43017578125,7487.97998046875,7488.93017578125,5095407
2026-07-21 10:27:00-04:00,7492.580078125,7492.75,7489.56005859375,7489.990234375,5936083
2026-07-21 10:28:00-04:00,7491.7998046875,7494.77001953125,7491.41015625,7492.41015625,5497160
2026-07-21 10:29:00-04:00,7493.7998046875,7493.919921875,7490.9501953125,7491.740234375,4757366
2026-07-21 10:30:00-04:00,7494.83984375,7495.7001953125,7493.75,7494.22998046875,5950973
2026-07-21 10:31:00-04:00,7496.7998046875,7496.91015625,7494.080078125,7495.10986328125,6423986
2026-07-21 10:32:00-04:00,7493.43994140625,7496.85009765625,7493.27001953125,7496.56005859375,5669182
2026-07-21 10:33:00-04:00,7492.64990234375,7494.2900390625,7492.240234375,7493.85986328125,6538104
2026-07-21 10:34:00-04:00,7493.52978515625,7494.830078125,7491.669921875,7492.7001953125,5557340
2026-07-21 10:35:00-04:00,7492.509765625,7495.08984375,7492.259765625,7493.66015625,6053903
2026-07-21 10:36:00-04:00,7490.89013671875,7492.77978515625,7489.83984375,7492.330078125,4756239
2026-07-21 10:37:00-04:00,7490.9501953125,7491.0498046875,7489.72021484375,7491.02001953125,4303641
2026-07-21 10:38:00-04:00,7488.240234375,7491.330078125,7486.93994140625,7491.0,4836320
2026-07-21 10:39:00-04:00,7488.10986328125,7488.72021484375,7486.490234375,7488.14990234375,4768744
2026-07-21 10:40:00-04:00,7488.47998046875,7489.330078125,7486.89990234375,7488.35986328125,4819401
2026-07-21 10:41:00-04:00,7484.35986328125,7488.43994140625,7484.31005859375,7488.39990234375,5166160
2026-07-21 10:42:00-04:00,7485.75,7485.77001953125,7483.0498046875,7484.25,5076667
2026-07-21 10:43:00-04:00,7490.14013671875,7490.7001953125,7485.6298828125,7485.6298828125,5190030
2026-07-21 10:44:00-04:00,7491.169921875,7491.4501953125,7490.06982421875,7490.06982421875,4911410
2026-07-21 10:45:00-04:00,7492.7900390625,7494.47021484375,7491.1201171875,7491.1201171875,5244923
2026-07-21 10:46:00-04:00,7492.3701171875,7493.759765625,7491.81982421875,7492.740234375,4918868
2026-07-21 10:47:00-04:00,7491.47021484375,7492.259765625,7489.85986328125,7492.240234375,5301143
2026-07-21 10:48:00-04:00,7494.4599609375,7496.8701171875,7491.41015625,7491.41015625,6246696
2026-07-21 10:49:00-04:00,7493.8798828125,7495.18994140625,7493.77001953125,7494.64990234375,4907344
2026-07-21 10:50:00-04:00,7494.33984375,7494.669921875,7492.47998046875,7494.06005859375,4678347
2026-07-21 10:51:00-04:00,7493.68994140625,7494.22998046875,7492.43017578125,7494.22998046875,4700544
2026-07-21 10:52:00-04:00,7492.2900390625,7494.64990234375,7492.2900390625,7493.85986328125,3842498
2026-07-21 10:53:00-04:00,7491.64013671875,7492.5498046875,7491.0498046875,7492.31005859375,4361302
2026-07-21 10:54:00-04:00,7491.43994140625,7492.169921875,7489.990234375,7491.7099609375,4457019
2026-07-21 10:55:00-04:00,7491.39013671875,7492.080078125,7490.669921875,7491.5,4999815
2026-07-21 10:56:00-04:00,7488.5,7491.77001953125,7488.5,7491.56005859375,5410126
2026-07-21 10:57:00-04:00,7489.89990234375,7490.7001953125,7488.419921875,7488.419921875,5612429
2026-07-21 10:58:00-04:00,7491.72021484375,7492.10009765625,7489.85986328125,7489.85986328125,5190010
2026-07-21 10:59:00-04:00,7492.72021484375,7492.72021484375,7491.3701171875,7491.7099609375,4876612
2026-07-21 11:00:00-04:00,7493.35009765625,7494.3701171875,7492.68994140625,7492.7099609375,6781832
2026-07-21 11:01:00-04:00,7489.25,7493.81982421875,7488.97998046875,7493.3701171875,5743199
2026-07-21 11:02:00-04:00,7484.47998046875,7489.419921875,7484.18017578125,7489.3798828125,6379996
2026-07-21 11:03:00-04:00,7485.31982421875,7485.31982421875,7483.02001953125,7484.5400390625,4907240
2026-07-21 11:04:00-04:00,7485.22021484375,7485.9599609375,7484.43017578125,7485.2099609375,4328427
2026-07-21 11:05:00-04:00,7486.5498046875,7486.85986328125,7483.6298828125,7485.3701171875,5267867
2026-07-21 11:06:00-04:00,7489.39990234375,7489.490234375,7486.72998046875,7486.93017578125,5251675
2026-07-21 11:07:00-04:00,7492.3798828125,7492.47021484375,7489.35009765625,7489.35009765625,5151501
2026-07-21 11:08:00-04:00,7492.9501953125,7492.9501953125,7491.68017578125,7492.43994140625,5436186
2026-07-21 11:09:00-04:00,7495.58984375,7495.990234375,7492.9599609375,7493.06005859375,5193490
2026-07-21 11:10:00-04:00,7495.77978515625,7497.81982421875,7495.330078125,7495.68994140625,4705617
2026-07-21 11:11:00-04:00,7496.64013671875,7496.759765625,7495.27978515625,7495.6201171875,5434601
2026-07-21 11:12:00-04:00,7499.7001953125,7499.7001953125,7496.47998046875,7496.77001953125,5405184
2026-07-21 11:13:00-04:00,7497.77001953125,7500.33984375,7497.77001953125,7499.52978515625,5530306
2026-07-21 11:14:00-04:00,7497.490234375,7498.52001953125,7497.0400390625,7497.759765625,4726994
2026-07-21 11:15:00-04:00,7497.47021484375,7498.58984375,7497.35986328125,7497.35986328125,5307547
2026-07-21 11:16:00-04:00,7497.740234375,7498.2099609375,7496.93994140625,7497.5498046875,4906844
2026-07-21 11:17:00-04:00,7499.56982421875,7499.68994140625,7497.60009765625,7497.60009765625,4889204
2026-07-21 11:18:00-04:00,7499.7099609375,7500.1201171875,7498.56982421875,7499.68994140625,5473530
2026-07-21 11:19:00-04:00,7499.81982421875,7500.6298828125,7498.9599609375,7499.72021484375,5533411
2026-07-21 11:20:00-04:00,7499.169921875,7500.0400390625,7498.77978515625,7499.52978515625,5538372
2026-07-21 11:21:00-04:00,7502.169921875,7504.35986328125,7499.0400390625,7499.18994140625,6340326
2026-07-21 11:22:00-04:00,7501.60009765625,7502.7099609375,7501.31982421875,7502.18017578125,5522316
2026-07-21 11:23:00-04:00,7501.43017578125,7501.7001953125,7500.3701171875,7501.68994140625,4657697
2026-07-21 11:24:00-04:00,7501.83984375,7502.41015625,7501.27978515625,7501.43994140625,4509416
2026-07-21 11:25:00-04:00,7502.490234375,7502.72021484375,7501.47998046875,7501.7998046875,4188545
2026-07-21 11:26:00-04:00,7503.97998046875,7504.10986328125,7502.43017578125,7502.5,4803537
2026-07-21 11:27:00-04:00,7504.83984375,7505.14990234375,7504.1201171875,7504.1201171875,4473947
2026-07-21 11:28:00-04:00,7504.72021484375,7504.93017578125,7503.41015625,7504.56005859375,4373925
2026-07-21 11:29:00-04:00,7504.72021484375,7504.7900390625,7503.6201171875,7504.68017578125,4498583
2026-07-21 11:30:00-04:00,7504.009765625,7505.0498046875,7503.7099609375,7504.81982421875,4929674
2026-07-21 11:31:00-04:00,7502.93017578125,7504.68017578125,7502.93017578125,7503.85009765625,5005056
2026-07-21 11:32:00-04:00,7503.7099609375,7504.41015625,7502.75,7503.02978515625,4583130
2026-07-21 11:33:00-04:00,7500.85986328125,7504.0498046875,7499.89990234375,7503.72021484375,5115757
2026-07-21 11:34:00-04:00,7503.330078125,7503.7001953125,7500.97021484375,7500.97998046875,3814941
2026-07-21 11:35:00-04:00,7500.16015625,7504.919921875,7500.16015625,7503.259765625,6689160
2026-07-21 11:36:00-04:00,7501.97998046875,7502.35986328125,7500.259765625,7500.43017578125,3868112
2026-07-21 11:37:00-04:00,7500.89013671875,7502.16015625,7500.89013671875,7501.8701171875,4190175
2026-07-21 11:38:00-04:00,7500.4501953125,7501.41015625,7499.75,7501.0498046875,3972385
2026-07-21 11:39:00-04:00,7500.97021484375,7501.81982421875,7500.6201171875,7500.669921875,3709210
2026-07-21 11:40:00-04:00,7502.06005859375,7502.06005859375,7500.6201171875,7500.830078125,4194540
2026-07-21 11:41:00-04:00,7502.7900390625,7503.66015625,7501.9599609375,7501.9599609375,4541332
2026-07-21 11:42:00-04:00,7502.81005859375,7503.10986328125,7502.27978515625,7502.7001953125,3652799
2026-07-21 11:43:00-04:00,7502.39990234375,7502.93994140625,7501.56005859375,7502.85986328125,4195952
2026-07-21 11:44:00-04:00,7501.25,7503.22021484375,7500.6201171875,7502.47998046875,4419623
2026-07-21 11:45:00-04:00,7501.47998046875,7502.08984375,7500.66015625,7501.39013671875,3750918
2026-07-21 11:46:00-04:00,7501.419921875,7501.77001953125,7500.89013671875,7501.330078125,3858404
2026-07-21 11:47:00-04:00,7502.240234375,7502.81982421875,7500.990234375,7501.39013671875,3854945
2026-07-21 11:48:00-04:00,7503.2900390625,7503.509765625,7502.22998046875,7502.22998046875,4814665
2026-07-21 11:49:00-04:00,7503.93017578125,7504.47998046875,7502.77978515625,7502.77978515625,5947877
2026-07-21 11:50:00-04:00,7503.68017578125,7505.14013671875,7503.47998046875,7503.85009765625,6785246
2026-07-21 11:51:00-04:00,7504.39013671875,7504.5400390625,7503.72021484375,7503.72998046875,4904924
2026-07-21 11:52:00-04:00,7503.02001953125,7504.7998046875,7502.9599609375,7504.419921875,4468267
2026-07-21 11:53:00-04:00,7503.68994140625,7503.8701171875,7502.509765625,7503.02001953125,5019124
2026-07-21 11:54:00-04:00,7501.9599609375,7503.83984375,7501.72021484375,7503.77001953125,7679401
2026-07-21 11:55:00-04:00,7502.14990234375,7503.3798828125,7501.93994140625,7502.06982421875,4844723
2026-07-21 11:56:00-04:00,7503.43017578125,7504.08984375,7501.66015625,7502.16015625,4405774
2026-07-21 11:57:00-04:00,7502.41015625,7503.39013671875,7501.9599609375,7503.39013671875,3142284
2026-07-21 11:58:00-04:00,7501.8701171875,7502.669921875,7501.7099609375,7502.43994140625,4683643
2026-07-21 11:59:00-04:00,7499.52001953125,7501.8798828125,7499.14013671875,7501.8798828125,4847653
2026-07-21 12:00:00-04:00,7501.93017578125,7502.2001953125,7499.25,7499.56982421875,5497359
2026-07-21 12:01:00-04:00,7502.58984375,7502.75,7501.85009765625,7501.85009765625,4698539
2026-07-21 12:02:00-04:00,7503.27001953125,7503.9599609375,7502.77001953125,7502.77978515625,5083696
2026-07-21 12:03:00-04:00,7504.68994140625,7504.68994140625,7503.2001953125,7503.240234375,4916468
2026-07-21 12:04:00-04:00,7506.759765625,7506.759765625,7504.77978515625,7504.77978515625,5301871
2026-07-21 12:05:00-04:00,7506.68994140625,7507.31005859375,7506.0400390625,7506.759765625,4386713
2026-07-21 12:06:00-04:00,7506.97021484375,7507.759765625,7506.72998046875,7506.85009765625,4637941
2026-07-21 12:07:00-04:00,7506.9501953125,7507.080078125,7505.93994140625,7506.9501953125,4026320
2026-07-21 12:08:00-04:00,7506.759765625,7508.14990234375,7506.64013671875,7507.02001953125,4380000
2026-07-21 12:09:00-04:00,7506.4599609375,7507.43994140625,7506.240234375,7506.60986328125,3885000
2026-07-21 12:10:00-04:00,7506.7099609375,7506.97998046875,7506.27978515625,7506.580078125,4649000
2026-07-21 12:11:00-04:00,7506.93017578125,7507.7900390625,7506.72998046875,7506.75,4037000
2026-07-21 12:12:00-04:00,7506.009765625,7506.97998046875,7505.5400390625,7506.89990234375,3827000
2026-07-21 12:13:00-04:00,7506.18994140625,7506.490234375,7505.5,7505.97021484375,4000000
2026-07-21 12:14:00-04:00,7507.39990234375,7507.60009765625,7506.18994140625,7506.27001953125,3752000
2026-07-21 12:15:00-04:00,7509.18994140625,7509.89990234375,7507.18994140625,7507.4599609375,5109000
2026-07-21 12:16:00-04:00,7509.509765625,7509.75,7508.7998046875,7509.31982421875,4594000
2026-07-21 12:17:00-04:00,7509.10009765625,7509.81005859375,7509.02001953125,7509.43994140625,5231000
2026-07-21 12:18:00-04:00,7508.97021484375,7509.830078125,7508.509765625,7509.10986328125,4265000
2026-07-21 12:19:00-04:00,7509.9599609375,7510.06005859375,7508.56005859375,7508.97021484375,4648000
2026-07-21 12:20:00-04:00,7510.18017578125,7510.31982421875,7509.580078125,7509.89990234375,3945000
2026-07-21 12:21:00-04:00,7510.97021484375,7511.06982421875,7509.56982421875,7509.97998046875,4409000
2026-07-21 12:22:00-04:00,7511.35986328125,7511.68994140625,7510.5498046875,7510.9599609375,3862000
2026-07-21 12:23:00-04:00,7511.93017578125,7512.64990234375,7511.2001953125,7511.2001953125,3633000
2026-07-21 12:24:00-04:00,7510.93994140625,7512.2998046875,7510.6298828125,7511.93994140625,4580000
2026-07-21 12:25:00-04:00,7511.0400390625,7511.85009765625,7510.7998046875,7510.990234375,4204000
2026-07-21 12:26:00-04:00,7510.5498046875,7510.97998046875,7510.06982421875,7510.97998046875,4222000
2026-07-21 12:27:00-04:00,7510.4501953125,7511.009765625,7509.91015625,7510.52001953125,3899000
2026-07-21 12:28:00-04:00,7512.2099609375,7512.2099609375,7510.85986328125,7510.85986328125,3861000
2026-07-21 12:29:00-04:00,7511.47021484375,7512.60986328125,7511.419921875,7512.27978515625,3816000
2026-07-21 12:30:00-04:00,7512.18017578125,7512.2099609375,7510.93017578125,7511.43994140625,4712000
2026-07-21 12:31:00-04:00,7510.81005859375,7512.81982421875,7510.27978515625,7512.240234375,4251000
2026-07-21 12:32:00-04:00,7511.31005859375,7511.580078125,7510.72021484375,7510.81982421875,5120000
2026-07-21 12:33:00-04:00,7512.02978515625,7512.25,7511.240234375,7511.33984375,3890000
2026-07-21 12:34:00-04:00,7512.68994140625,7512.72998046875,7511.919921875,7512.0400390625,4200000
2026-07-21 12:35:00-04:00,7511.740234375,7512.669921875,7511.009765625,7512.669921875,3915000
2026-07-21 12:36:00-04:00,7511.85986328125,7511.89013671875,7510.5498046875,7511.7001953125,3430000
2026-07-21 12:37:00-04:00,7511.91015625,7511.93994140625,7510.89013671875,7511.830078125,4343000
2026-07-21 12:38:00-04:00,7512.3701171875,7512.66015625,7511.93994140625,7511.93994140625,3786000
2026-07-21 12:39:00-04:00,7512.22998046875,7512.580078125,7511.75,7512.5,3561000
2026-07-21 12:40:00-04:00,7511.830078125,7513.169921875,7511.830078125,7512.31982421875,3559000
2026-07-21 12:41:00-04:00,7510.89990234375,7512.14013671875,7510.56982421875,7511.9501953125,4032000
2026-07-21 12:42:00-04:00,7510.81982421875,7511.83984375,7510.60009765625,7510.77978515625,5138000
2026-07-21 12:43:00-04:00,7511.72021484375,7511.83984375,7510.669921875,7510.669921875,3495000
2026-07-21 12:44:00-04:00,7511.52001953125,7511.66015625,7510.75,7511.64990234375,3560000
2026-07-21 12:45:00-04:00,7510.85009765625,7511.8701171875,7510.72021484375,7511.43994140625,4264000
2026-07-21 12:46:00-04:00,7510.52001953125,7510.89013671875,7509.5400390625,7510.89013671875,4059000
2026-07-21 12:47:00-04:00,7510.7099609375,7511.22021484375,7510.4501953125,7510.4599609375,4022000
2026-07-21 12:48:00-04:00,7510.33984375,7510.7001953125,7510.1298828125,7510.66015625,3270000
2026-07-21 12:49:00-04:00,7510.2998046875,7511.06982421875,7510.02978515625,7510.35009765625,4585000
2026-07-21 12:50:00-04:00,7511.0498046875,7511.0498046875,7510.02001953125,7510.35986328125,4104000
2026-07-21 12:51:00-04:00,7512.4599609375,7512.4599609375,7511.08984375,7511.14990234375,4398000
2026-07-21 12:52:00-04:00,7513.81982421875,7513.81982421875,7512.5498046875,7512.5498046875,3957000
2026-07-21 12:53:00-04:00,7513.60009765625,7514.0498046875,7513.27978515625,7513.85986328125,3979000
2026-07-21 12:54:00-04:00,7514.7998046875,7514.7998046875,7513.5400390625,7513.75,3581000
2026-07-21 12:55:00-04:00,7515.06982421875,7515.31005859375,7513.72998046875,7514.72998046875,5057000
2026-07-21 12:56:00-04:00,7513.5498046875,7515.1201171875,7513.47021484375,7515.10009765625,2987000
2026-07-21 12:57:00-04:00,7513.5498046875,7514.56005859375,7513.27001953125,7513.58984375,4206000
2026-07-21 12:58:00-04:00,7512.64013671875,7514.02001953125,7512.60986328125,7513.60986328125,3859000
2026-07-21 12:59:00-04:00,7511.77978515625,7513.02978515625,7511.7001953125,7512.58984375,4118000
2026-07-21 13:00:00-04:00,7512.64013671875,7513.2099609375,7511.7900390625,7511.83984375,4871000
2026-07-21 13:01:00-04:00,7512.6201171875,7512.77978515625,7512.0,7512.7001953125,4585000
2026-07-21 13:02:00-04:00,7511.83984375,7512.759765625,7510.990234375,7512.759765625,4935000
2026-07-21 13:03:00-04:00,7511.47021484375,7512.52001953125,7511.419921875,7511.89013671875,4286000
2026-07-21 13:04:00-04:00,7511.22998046875,7511.490234375,7510.93994140625,7511.39990234375,3430000
2026-07-21 13:05:00-04:00,7512.02978515625,7512.0400390625,7510.89990234375,7511.169921875,4187000
2026-07-21 13:06:00-04:00,7511.93994140625,7512.16015625,7511.5,7511.83984375,3705000
2026-07-21 13:07:00-04:00,7511.83984375,7512.52001953125,7511.58984375,7511.89013671875,3715000
2026-07-21 13:08:00-04:00,7512.6201171875,7512.68994140625,7511.47998046875,7511.85009765625,3480000
2026-07-21 13:09:00-04:00,7512.52001953125,7513.7998046875,7512.47998046875,7512.7001953125,3952000
2026-07-21 13:10:00-04:00,7511.169921875,7512.97021484375,7510.9599609375,7512.52978515625,5052000
2026-07-21 13:11:00-04:00,7511.419921875,7511.91015625,7510.9501953125,7511.31005859375,4625000
2026-07-21 13:12:00-04:00,7511.52001953125,7512.18017578125,7511.4501953125,7511.47021484375,3558000
2026-07-21 13:13:00-04:00,7511.759765625,7512.5400390625,7511.0400390625,7511.43994140625,3732000
2026-07-21 13:14:00-04:00,7511.89013671875,7512.66015625,7511.58984375,7511.669921875,3805000
2026-07-21 13:15:00-04:00,7510.169921875,7512.0498046875,7510.169921875,7511.89013671875,3926000
2026-07-21 13:16:00-04:00,7509.93994140625,7510.4501953125,7509.490234375,7510.27978515625,4388000
2026-07-21 13:17:00-04:00,7509.77978515625,7510.580078125,7509.58984375,7509.919921875,4072000
2026-07-21 13:18:00-04:00,7510.490234375,7510.490234375,7509.759765625,7509.7998046875,3533000
2026-07-21 13:19:00-04:00,7508.830078125,7511.18017578125,7508.7900390625,7510.419921875,4071000
2026-07-21 13:20:00-04:00,7508.89990234375,7509.02001953125,7508.6201171875,7508.85986328125,3080000
2026-07-21 13:21:00-04:00,7508.16015625,7509.89013671875,7508.0498046875,7508.97998046875,4042000
2026-07-21 13:22:00-04:00,7509.10009765625,7509.25,7508.080078125,7508.14990234375,4006000
2026-07-21 13:23:00-04:00,7509.22998046875,7509.9501953125,7508.8798828125,7509.06005859375,4516000
2026-07-21 13:24:00-04:00,7509.66015625,7510.47998046875,7509.0400390625,7509.25,3625000
2026-07-21 13:25:00-04:00,7509.64990234375,7510.27001953125,7509.2900390625,7509.759765625,2964000
2026-07-21 13:26:00-04:00,7509.5,7509.89013671875,7508.93017578125,7509.669921875,3227000
2026-07-21 13:27:00-04:00,7508.81982421875,7509.5400390625,7508.7099609375,7509.43994140625,2884000
2026-07-21 13:28:00-04:00,7508.35009765625,7508.56982421875,7507.97998046875,7508.490234375,3453000
2026-07-21 13:29:00-04:00,7509.33984375,7509.35986328125,7508.2099609375,7508.2900390625,3711000
2026-07-21 13:30:00-04:00,7510.35009765625,7510.66015625,7509.330078125,7509.330078125,3705000
2026-07-21 13:31:00-04:00,7511.0,7511.0,7509.77001953125,7510.43017578125,3517000
2026-07-21 13:32:00-04:00,7510.93017578125,7511.009765625,7510.4599609375,7510.85986328125,3461000
2026-07-21 13:33:00-04:00,7509.60986328125,7511.08984375,7509.580078125,7510.9501953125,3439000
2026-07-21 13:34:00-04:00,7508.97021484375,7509.68017578125,7507.919921875,7509.68017578125,3755000
2026-07-21 13:35:00-04:00,7509.7998046875,7509.7998046875,7508.66015625,7508.97998046875,3510000
2026-07-21 13:36:00-04:00,7511.10986328125,7511.259765625,7509.759765625,7509.759765625,2987000
2026-07-21 13:37:00-04:00,7511.43994140625,7511.919921875,7510.68017578125,7511.18017578125,4338000
2026-07-21 13:38:00-04:00,7512.02001953125,7512.35986328125,7511.259765625,7511.490234375,3676000
2026-07-21 13:39:00-04:00,7512.58984375,7512.7099609375,7511.759765625,7511.9599609375,2844000
2026-07-21 13:40:00-04:00,7511.85009765625,7512.72998046875,7511.60986328125,7512.5498046875,4098000
2026-07-21 13:41:00-04:00,7511.5400390625,7511.919921875,7511.22021484375,7511.919921875,3732000
2026-07-21 13:42:00-04:00,7511.08984375,7511.68017578125,7510.77001953125,7511.56005859375,3355000
2026-07-21 13:43:00-04:00,7511.27001953125,7511.27001953125,7510.6298828125,7510.990234375,3006000
2026-07-21 13:44:00-04:00,7511.97998046875,7512.1201171875,7511.4501953125,7511.4501953125,3380000
2026-07-21 13:45:00-04:00,7510.72998046875,7512.68994140625,7510.72998046875,7512.0,3528000
2026-07-21 13:46:00-04:00,7511.97021484375,7512.47998046875,7510.740234375,7510.83984375,3414000
2026-07-21 13:47:00-04:00,7512.1201171875,7512.66015625,7511.6201171875,7511.72021484375,3380000
2026-07-21 13:48:00-04:00,7512.60009765625,7512.6298828125,7511.85986328125,7512.02978515625,3163000
2026-07-21 13:49:00-04:00,7513.669921875,7513.85986328125,7512.509765625,7512.6201171875,3871000
2026-07-21 13:50:00-04:00,7514.1298828125,7514.52001953125,7513.47021484375,7513.5498046875,4421000
2026-07-21 13:51:00-04:00,7513.52001953125,7514.10009765625,7513.1298828125,7514.10009765625,3737000
2026-07-21 13:52:00-04:00,7513.7001953125,7513.7001953125,7513.06005859375,7513.490234375,3458000
2026-07-21 13:53:00-04:00,7513.330078125,7514.2099609375,7513.2900390625,7513.60986328125,3283000
2026-07-21 13:54:00-04:00,7512.16015625,7513.77978515625,7512.1298828125,7513.39013671875,3339000
2026-07-21 13:55:00-04:00,7511.81982421875,7512.33984375,7511.7099609375,7512.25,3523000
2026-07-21 13:56:00-04:00,7510.77978515625,7512.08984375,7510.47998046875,7511.7900390625,4128000
2026-07-21 13:57:00-04:00,7510.60009765625,7511.60986328125,7510.56982421875,7510.830078125,4198000
2026-07-21 13:58:00-04:00,7511.10986328125,7511.169921875,7510.5,7510.77001953125,3309000
2026-07-21 13:59:00-04:00,7511.52978515625,7511.990234375,7511.0,7511.1298828125,3535000
2026-07-21 14:00:00-04:00,7512.2099609375,7512.58984375,7510.9599609375,7511.47021484375,3850000
2026-07-21 14:01:00-04:00,7512.0498046875,7512.9501953125,7511.77001953125,7512.33984375,3954000
2026-07-21 14:02:00-04:00,7509.8701171875,7512.7001953125,7509.35009765625,7512.08984375,4744000
2026-07-21 14:03:00-04:00,7508.740234375,7510.10009765625,7508.5400390625,7509.93994140625,4493000
2026-07-21 14:04:00-04:00,7509.7900390625,7509.7998046875,7508.52001953125,7508.52001953125,3577000
2026-07-21 14:05:00-04:00,7509.009765625,7509.4599609375,7508.60986328125,7508.830078125,3622000
2026-07-21 14:06:00-04:00,7509.39990234375,7509.6298828125,7508.580078125,7509.0,4061000
2026-07-21 14:07:00-04:00,7509.75,7510.1201171875,7509.080078125,7509.43017578125,4417000
2026-07-21 14:08:00-04:00,7510.47021484375,7510.97998046875,7509.77978515625,7509.77978515625,4731000
2026-07-21 14:09:00-04:00,7510.10009765625,7510.56982421875,7510.009765625,7510.56982421875,4301000
2026-07-21 14:10:00-04:00,7509.64990234375,7510.2001953125,7509.2001953125,7510.2001953125,4465000
2026-07-21 14:11:00-04:00,7510.31982421875,7510.31982421875,7509.169921875,7509.6201171875,3625000
2026-07-21 14:12:00-04:00,7509.77001953125,7510.77001953125,7509.75,7510.27001953125,3343000
2026-07-21 14:13:00-04:00,7509.509765625,7509.830078125,7509.35986328125,7509.759765625,4077000
2026-07-21 14:14:00-04:00,7507.47021484375,7509.259765625,7507.18994140625,7509.259765625,3628000
2026-07-21 14:15:00-04:00,7507.2099609375,7507.77978515625,7506.85986328125,7507.33984375,3792000
2026-07-21 14:16:00-04:00,7507.490234375,7507.85986328125,7507.06005859375,7507.27978515625,3951000
2026-07-21 14:17:00-04:00,7507.6298828125,7508.02001953125,7507.43994140625,7507.5,3508000
2026-07-21 14:18:00-04:00,7507.06005859375,7508.0,7506.7001953125,7507.68994140625,3042000
2026-07-21 14:19:00-04:00,7507.25,7507.33984375,7506.66015625,7507.10986328125,3302000
2026-07-21 14:20:00-04:00,7507.02978515625,7507.3798828125,7506.580078125,7507.3798828125,3422000
2026-07-21 14:21:00-04:00,7507.47021484375,7507.47021484375,7506.7900390625,7507.22998046875,3187000
2026-07-21 14:22:00-04:00,7508.7099609375,7508.83984375,7507.47998046875,7507.47998046875,3829000
2026-07-21 14:23:00-04:00,7508.6298828125,7508.759765625,7507.9501953125,7508.72998046875,3744000
2026-07-21 14:24:00-04:00,7508.72998046875,7509.75,7507.7998046875,7508.5400390625,4258000
2026-07-21 14:25:00-04:00,7507.43017578125,7508.66015625,7507.3701171875,7508.66015625,3272000
2026-07-21 14:26:00-04:00,7506.58984375,7507.56982421875,7506.43994140625,7507.43017578125,4174000
2026-07-21 14:27:00-04:00,7506.43017578125,7507.06005859375,7505.89990234375,7506.58984375,4053000
2026-07-21 14:28:00-04:00,7506.509765625,7506.85986328125,7506.35009765625,7506.5,3735000
2026-07-21 14:29:00-04:00,7507.4501953125,7507.47021484375,7506.58984375,7506.58984375,3447000
2026-07-21 14:30:00-04:00,7506.5498046875,7508.02978515625,7506.43994140625,7507.5400390625,3719000
2026-07-21 14:31:00-04:00,7504.990234375,7506.5,7504.8701171875,7506.5,3825000
2026-07-21 14:32:00-04:00,7505.25,7505.64013671875,7504.6201171875,7505.02978515625,3657000
2026-07-21 14:33:00-04:00,7505.33984375,7505.60009765625,7505.1298828125,7505.18994140625,3565000
2026-07-21 14:34:00-04:00,7505.27001953125,7506.68017578125,7505.27001953125,7505.39990234375,3989000
2026-07-21 14:35:00-04:00,7506.580078125,7506.580078125,7505.08984375,7505.18994140625,4527000
2026-07-21 14:36:00-04:00,7506.490234375,7507.14013671875,7506.2001953125,7506.75,4169000
2026-07-21 14:37:00-04:00,7506.64013671875,7506.77001953125,7506.2998046875,7506.43017578125,4269000
2026-07-21 14:38:00-04:00,7507.43017578125,7507.5498046875,7506.39990234375,7506.68017578125,3731000
2026-07-21 14:39:00-04:00,7507.0,7507.5,7506.9501953125,7507.35009765625,3453000
2026-07-21 14:40:00-04:00,7506.830078125,7506.91015625,7505.60986328125,7506.91015625,4189000
2026-07-21 14:41:00-04:00,7507.0,7507.64013671875,7506.81005859375,7506.81005859375,3639000
2026-07-21 14:42:00-04:00,7508.43017578125,7508.5,7506.919921875,7507.02001953125,4855000
2026-07-21 14:43:00-04:00,7509.5400390625,7509.5400390625,7507.93994140625,7508.41015625,3703000
2026-07-21 14:44:00-04:00,7510.97021484375,7511.31982421875,7509.669921875,7509.669921875,4615000
2026-07-21 14:45:00-04:00,7511.669921875,7511.77978515625,7510.77001953125,7510.89990234375,5523000
2026-07-21 14:46:00-04:00,7511.580078125,7511.919921875,7510.81005859375,7511.7001953125,5281000
2026-07-21 14:47:00-04:00,7509.9501953125,7511.669921875,7509.490234375,7511.669921875,4315000
2026-07-21 14:48:00-04:00,7509.64013671875,7510.240234375,7509.31005859375,7510.02978515625,4988000
2026-07-21 14:49:00-04:00,7510.419921875,7510.759765625,7509.31005859375,7509.6201171875,4627000
2026-07-21 14:50:00-04:00,7510.169921875,7510.39990234375,7509.85986328125,7510.06982421875,4444000
2026-07-21 14:51:00-04:00,7510.009765625,7510.5,7510.009765625,7510.14990234375,4148000
2026-07-21 14:52:00-04:00,7509.580078125,7510.27978515625,7509.5,7510.1201171875,4635000
2026-07-21 14:53:00-04:00,7508.669921875,7509.60986328125,7508.18017578125,7509.52001953125,4090000
2026-07-21 14:54:00-04:00,7507.91015625,7508.66015625,7507.89013671875,7508.5400390625,4028000
2026-07-21 14:55:00-04:00,7508.8701171875,7509.2099609375,7507.580078125,7507.83984375,4148000
2026-07-21 14:56:00-04:00,7508.419921875,7509.43017578125,7507.81005859375,7508.97021484375,4357000
2026-07-21 14:57:00-04:00,7507.93994140625,7508.52001953125,7507.89990234375,7508.4501953125,3704000
2026-07-21 14:58:00-04:00,7508.1298828125,7508.330078125,7507.83984375,7507.919921875,4147000
2026-07-21 14:59:00-04:00,7509.0400390625,7509.2001953125,7508.06982421875,7508.06982421875,4193000
2026-07-21 15:00:00-04:00,7508.35009765625,7509.8701171875,7508.169921875,7508.990234375,5652000
2026-07-21 15:01:00-04:00,7507.64013671875,7508.39990234375,7506.740234375,7508.35986328125,4256000
2026-07-21 15:02:00-04:00,7507.72998046875,7508.27001953125,7507.39013671875,7507.58984375,4504000
2026-07-21 15:03:00-04:00,7507.77978515625,7508.02978515625,7507.3798828125,7507.740234375,4000000
2026-07-21 15:04:00-04:00,7508.259765625,7509.240234375,7507.75,7507.75,4316000
2026-07-21 15:05:00-04:00,7508.419921875,7508.97021484375,7507.25,7508.18994140625,4578000
2026-07-21 15:06:00-04:00,7509.080078125,7509.2900390625,7508.14013671875,7508.39013671875,4744000
2026-07-21 15:07:00-04:00,7508.52001953125,7509.6201171875,7508.43994140625,7509.10986328125,4867000
2026-07-21 15:08:00-04:00,7507.330078125,7508.81005859375,7507.330078125,7508.490234375,4606000
2026-07-21 15:09:00-04:00,7506.490234375,7508.14013671875,7506.4599609375,7507.419921875,5280000
2026-07-21 15:10:00-04:00,7506.2900390625,7507.14990234375,7506.02001953125,7506.56005859375,4857000
2026-07-21 15:11:00-04:00,7507.39990234375,7507.43994140625,7506.330078125,7506.330078125,5052000
2026-07-21 15:12:00-04:00,7507.9599609375,7508.43017578125,7507.47021484375,7507.64990234375,4285000
2026-07-21 15:13:00-04:00,7507.2998046875,7507.93017578125,7507.22021484375,7507.93017578125,4958000
2026-07-21 15:14:00-04:00,7507.759765625,7508.4599609375,7506.81005859375,7507.2900390625,4686000
2026-07-21 15:15:00-04:00,7508.0,7508.52001953125,7507.14013671875,7507.8798828125,5826000
2026-07-21 15:16:00-04:00,7509.1298828125,7509.2900390625,7507.7900390625,7508.06005859375,5016000
2026-07-21 15:17:00-04:00,7509.02001953125,7509.7099609375,7508.6298828125,7509.16015625,4677000
2026-07-21 15:18:00-04:00,7508.669921875,7509.39990234375,7508.6201171875,7508.9599609375,6734000
2026-07-21 15:19:00-04:00,7508.60986328125,7509.08984375,7508.43017578125,7508.6298828125,5274000
2026-07-21 15:20:00-04:00,7508.77001953125,7508.85009765625,7507.3798828125,7508.52978515625,6011000
2026-07-21 15:21:00-04:00,7507.60986328125,7508.68994140625,7507.4501953125,7508.64013671875,5348000
2026-07-21 15:22:00-04:00,7507.7001953125,7507.7001953125,7506.85986328125,7507.60009765625,4706000
2026-07-21 15:23:00-04:00,7507.5400390625,7508.08984375,7507.22998046875,7507.60986328125,5058000
2026-07-21 15:24:00-04:00,7508.3798828125,7508.43017578125,7507.47021484375,7507.47998046875,5097000
2026-07-21 15:25:00-04:00,7507.7099609375,7508.5400390625,7507.7099609375,7508.27001953125,5741000
2026-07-21 15:26:00-04:00,7508.169921875,7508.18017578125,7507.14013671875,7507.7998046875,6287000
2026-07-21 15:27:00-04:00,7507.6298828125,7509.18017578125,7507.580078125,7508.18017578125,5836000
2026-07-21 15:28:00-04:00,7507.68017578125,7508.2998046875,7507.52001953125,7507.6201171875,5486000
2026-07-21 15:29:00-04:00,7507.66015625,7508.1201171875,7507.2900390625,7507.669921875,6878000
2026-07-21 15:30:00-04:00,7507.85009765625,7508.259765625,7506.9501953125,7507.41015625,7628000
2026-07-21 15:31:00-04:00,7507.72021484375,7508.7998046875,7507.31005859375,7507.81005859375,6499000
2026-07-21 15:32:00-04:00,7507.5,7508.41015625,7507.31005859375,7507.60009765625,7050000
2026-07-21 15:33:00-04:00,7507.080078125,7507.509765625,7506.7900390625,7507.509765625,7144000
2026-07-21 15:34:00-04:00,7506.66015625,7507.33984375,7506.5400390625,7507.080078125,6086000
2026-07-21 15:35:00-04:00,7508.7001953125,7508.93994140625,7506.3798828125,7506.740234375,6218000
2026-07-21 15:36:00-04:00,7509.41015625,7510.10986328125,7508.77978515625,7508.83984375,6673000
2026-07-21 15:37:00-04:00,7510.580078125,7510.81982421875,7509.5,7509.5,5808000
2026-07-21 15:38:00-04:00,7509.93017578125,7510.64013671875,7509.7001953125,7510.64013671875,7014000
2026-07-21 15:39:00-04:00,7509.6201171875,7509.919921875,7509.27978515625,7509.8701171875,7330000
2026-07-21 15:40:00-04:00,7508.85986328125,7509.72021484375,7508.81982421875,7509.66015625,6619000
2026-07-21 15:41:00-04:00,7507.9599609375,7509.2001953125,7507.9599609375,7508.93017578125,7734000
2026-07-21 15:42:00-04:00,7508.3798828125,7508.4599609375,7507.9501953125,7508.0,6601000
2026-07-21 15:43:00-04:00,7509.77001953125,7509.89990234375,7507.89990234375,7508.27978515625,6620000
2026-07-21 15:44:00-04:00,7510.7099609375,7511.14990234375,7509.31982421875,7509.7900390625,7256000
2026-07-21 15:45:00-04:00,7509.64013671875,7510.580078125,7509.64013671875,7510.5400390625,10068000
2026-07-21 15:46:00-04:00,7509.669921875,7510.22021484375,7509.56005859375,7509.6298828125,7752000
2026-07-21 15:47:00-04:00,7508.93994140625,7509.740234375,7508.06982421875,7509.740234375,8553000
2026-07-21 15:48:00-04:00,7509.85009765625,7510.330078125,7508.8701171875,7508.9599609375,9019000
2026-07-21 15:49:00-04:00,7511.10986328125,7511.419921875,7509.85009765625,7509.85986328125,10115000
2026-07-21 15:50:00-04:00,7509.25,7512.06005859375,7508.7099609375,7511.06005859375,17412000
2026-07-21 15:51:00-04:00,7509.2900390625,7510.60009765625,7508.81982421875,7509.3701171875,13947000
2026-07-21 15:52:00-04:00,7509.89013671875,7510.8798828125,7509.41015625,7509.41015625,13515000
2026-07-21 15:53:00-04:00,7509.97998046875,7511.1298828125,7509.47021484375,7509.97021484375,13687000
2026-07-21 15:54:00-04:00,7509.2099609375,7511.009765625,7509.2099609375,7510.009765625,16303000
2026-07-21 15:55:00-04:00,7508.56982421875,7510.64013671875,7507.89990234375,7509.2998046875,25684000
2026-07-21 15:56:00-04:00,7510.740234375,7511.240234375,7508.52978515625,7508.52978515625,23415000
2026-07-21 15:57:00-04:00,7510.27978515625,7511.0498046875,7509.740234375,7510.759765625,28599000
2026-07-21 15:58:00-04:00,7508.91015625,7510.240234375,7508.58984375,7510.240234375,43165000
2026-07-21 15:59:00-04:00,7507.31982421875,7509.41015625,7507.169921875,7508.77978515625,75717000
2026-07-22 09:30:00-04:00,7492.64013671875,7499.27001953125,7485.85009765625,7497.47021484375,92457480
2026-07-22 09:31:00-04:00,7497.169921875,7498.3701171875,7492.2099609375,7492.60009765625,15160078
2026-07-22 09:32:00-04:00,7499.580078125,7500.27001953125,7495.3798828125,7496.830078125,11221880
2026-07-22 09:33:00-04:00,7496.35986328125,7500.81982421875,7496.35986328125,7499.93017578125,13503375
2026-07-22 09:34:00-04:00,7497.7998046875,7497.81005859375,7495.080078125,7496.22021484375,9603669
2026-07-22 09:35:00-04:00,7498.64013671875,7498.91015625,7495.60009765625,7497.85986328125,11384432
2026-07-22 09:36:00-04:00,7498.419921875,7500.52978515625,7496.080078125,7498.580078125,10243938
2026-07-22 09:37:00-04:00,7499.18017578125,7499.89990234375,7497.2900390625,7498.1298828125,9764359
2026-07-22 09:38:00-04:00,7496.3701171875,7499.7099609375,7495.60009765625,7499.7099609375,9469131
2026-07-22 09:39:00-04:00,7498.990234375,7499.47998046875,7495.43994140625,7496.16015625,10574934
2026-07-22 09:40:00-04:00,7496.669921875,7499.2001953125,7496.240234375,7499.2001953125,10347288
2026-07-22 09:41:00-04:00,7499.31982421875,7500.77001953125,7496.60986328125,7496.60986328125,9500876
2026-07-22 09:42:00-04:00,7497.7001953125,7500.27978515625,7496.83984375,7499.3701171875,10192833
2026-07-22 09:43:00-04:00,7500.56982421875,7500.60986328125,7497.18017578125,7497.52001953125,7632842
2026-07-22 09:44:00-04:00,7501.2998046875,7502.52001953125,7500.52001953125,7500.83984375,8733897
2026-07-22 09:45:00-04:00,7505.4501953125,7506.22998046875,7501.25,7501.25,10133929
2026-07-22 09:46:00-04:00,7505.4599609375,7506.27001953125,7504.3701171875,7505.27001953125,7749892
2026-07-22 09:47:00-04:00,7503.0498046875,7505.43994140625,7502.64990234375,7505.43994140625,7158290
2026-07-22 09:48:00-04:00,7504.16015625,7504.60986328125,7501.81005859375,7502.9599609375,8476409
2026-07-22 09:49:00-04:00,7502.830078125,7505.14990234375,7502.1298828125,7504.22021484375,8983881
2026-07-22 09:50:00-04:00,7500.75,7503.39990234375,7500.259765625,7502.7099609375,8080681
2026-07-22 09:51:00-04:00,7500.81982421875,7503.6298828125,7500.0,7500.47998046875,8772336
2026-07-22 09:52:00-04:00,7504.240234375,7505.22998046875,7500.64013671875,7500.81982421875,8635463
2026-07-22 09:53:00-04:00,7505.33984375,7505.72021484375,7503.97998046875,7504.22998046875,7958188
2026-07-22 09:54:00-04:00,7506.9599609375,7506.9599609375,7505.1201171875,7505.18017578125,7983808
2026-07-22 09:55:00-04:00,7507.7900390625,7507.7900390625,7505.509765625,7507.02978515625,7720345
2026-07-22 09:56:00-04:00,7509.759765625,7509.759765625,7506.52978515625,7507.85986328125,7784392
2026-07-22 09:57:00-04:00,7512.60009765625,7512.60986328125,7508.9501953125,7509.75,7933459
2026-07-22 09:58:00-04:00,7511.64013671875,7512.56005859375,7510.56982421875,7512.56005859375,7286077
2026-07-22 09:59:00-04:00,7513.240234375,7513.240234375,7510.66015625,7511.4501953125,6934296
2026-07-22 10:00:00-04:00,7514.02978515625,7514.740234375,7511.56982421875,7513.2099609375,9469765
2026-07-22 10:01:00-04:00,7513.56982421875,7514.5,7512.2998046875,7514.18994140625,7542504
2026-07-22 10:02:00-04:00,7514.02001953125,7514.02001953125,7512.5,7513.4599609375,7325811
2026-07-22 10:03:00-04:00,7512.7001953125,7515.31005859375,7511.64013671875,7513.93017578125,7120892
2026-07-22 10:04:00-04:00,7515.22998046875,7515.22998046875,7512.31982421875,7512.77001953125,6423704
2026-07-22 10:05:00-04:00,7519.14990234375,7519.22021484375,7515.14990234375,7515.18017578125,6820186
2026-07-22 10:06:00-04:00,7516.77001953125,7519.14013671875,7516.77001953125,7519.14013671875,6174677
2026-07-22 10:07:00-04:00,7513.669921875,7517.02001953125,7513.64990234375,7516.56982421875,6644288
2026-07-22 10:08:00-04:00,7511.669921875,7513.85986328125,7511.25,7513.85986328125,6120677
2026-07-22 10:09:00-04:00,7510.1298828125,7512.22998046875,7509.91015625,7511.35009765625,6711167
2026-07-22 10:10:00-04:00,7511.4501953125,7512.009765625,7509.330078125,7510.0400390625,6890354
2026-07-22 10:11:00-04:00,7512.10009765625,7513.240234375,7511.27978515625,7511.41015625,5953756
2026-07-22 10:12:00-04:00,7511.06005859375,7512.740234375,7511.06005859375,7511.93994140625,6167676
2026-07-22 10:13:00-04:00,7508.16015625,7511.27978515625,7507.830078125,7511.27978515625,6729234
2026-07-22 10:14:00-04:00,7507.7900390625,7508.91015625,7506.81005859375,7507.919921875,5632333
2026-07-22 10:15:00-04:00,7505.509765625,7508.52978515625,7504.2900390625,7507.97998046875,8131369
2026-07-22 10:16:00-04:00,7505.4599609375,7506.39990234375,7504.0,7505.47998046875,7397538
2026-07-22 10:17:00-04:00,7505.740234375,7505.740234375,7503.22998046875,7505.27001953125,5955074
2026-07-22 10:18:00-04:00,7504.580078125,7506.06982421875,7504.06005859375,7505.68994140625,5191059
2026-07-22 10:19:00-04:00,7506.66015625,7506.66015625,7503.7099609375,7504.27978515625,5481349
2026-07-22 10:20:00-04:00,7509.10009765625,7509.10009765625,7505.919921875,7506.7998046875,6051543
2026-07-22 10:21:00-04:00,7508.3701171875,7509.2900390625,7507.60009765625,7509.169921875,7211558
2026-07-22 10:22:00-04:00,7503.9501953125,7508.27001953125,7503.9501953125,7508.22998046875,6304306
2026-07-22 10:23:00-04:00,7501.1201171875,7504.009765625,7499.52001953125,7504.0,6390243
2026-07-22 10:24:00-04:00,7501.3701171875,7501.56005859375,7499.8701171875,7501.06982421875,6105775
2026-07-22 10:25:00-04:00,7501.64013671875,7502.68017578125,7500.68994140625,7501.56982421875,5391081
2026-07-22 10:26:00-04:00,7498.2998046875,7502.0400390625,7498.2998046875,7501.75,4892634
2026-07-22 10:27:00-04:00,7498.3798828125,7499.740234375,7496.93994140625,7498.490234375,4941256
2026-07-22 10:28:00-04:00,7498.5400390625,7499.81982421875,7497.5,7498.60986328125,4524410
2026-07-22 10:29:00-04:00,7499.0,7499.8701171875,7497.39013671875,7498.83984375,5016232
2026-07-22 10:30:00-04:00,7498.43017578125,7500.5,7497.6298828125,7499.10009765625,6523576
2026-07-22 10:31:00-04:00,7499.31005859375,7499.31005859375,7497.2998046875,7498.68994140625,5382479
2026-07-22 10:32:00-04:00,7502.93017578125,7503.16015625,7499.3798828125,7499.3798828125,5505201
2026-07-22 10:33:00-04:00,7499.58984375,7503.35986328125,7499.58984375,7502.93017578125,5613544
2026-07-22 10:34:00-04:00,7497.47998046875,7499.27001953125,7497.47998046875,7498.97021484375,5712188
2026-07-22 10:35:00-04:00,7498.0400390625,7498.47021484375,7496.68017578125,7497.64990234375,5878427
2026-07-22 10:36:00-04:00,7499.2001953125,7499.56005859375,7497.47998046875,7498.08984375,5803875
2026-07-22 10:37:00-04:00,7497.7998046875,7499.740234375,7497.77001953125,7499.240234375,4579945
2026-07-22 10:38:00-04:00,7497.91015625,7498.56005859375,7496.580078125,7497.64013671875,5045521
2026-07-22 10:39:00-04:00,7498.35986328125,7498.35986328125,7496.22998046875,7498.06005859375,4694682
2026-07-22 10:40:00-04:00,7497.759765625,7499.740234375,7497.68994140625,7498.4501953125,5269153
2026-07-22 10:41:00-04:00,7494.60009765625,7498.22021484375,7494.60009765625,7497.490234375,6553369
2026-07-22 10:42:00-04:00,7495.02001953125,7495.8798828125,7493.259765625,7494.52001953125,6523392
2026-07-22 10:43:00-04:00,7494.39013671875,7495.16015625,7493.4599609375,7495.16015625,4769733
2026-07-22 10:44:00-04:00,7493.330078125,7494.89990234375,7493.330078125,7494.72021484375,6388425
2026-07-22 10:45:00-04:00,7495.52001953125,7495.7099609375,7492.10986328125,7493.33984375,5914681
2026-07-22 10:46:00-04:00,7498.47998046875,7499.68017578125,7495.2900390625,7495.31982421875,5403155
2026-07-22 10:47:00-04:00,7497.47998046875,7498.56005859375,7496.85009765625,7498.56005859375,4970651
2026-07-22 10:48:00-04:00,7498.27978515625,7499.7099609375,7497.3798828125,7497.509765625,5095325
2026-07-22 10:49:00-04:00,7498.5498046875,7498.83984375,7496.31005859375,7498.2998046875,5324941
2026-07-22 10:50:00-04:00,7498.14990234375,7498.77978515625,7497.2900390625,7498.509765625,4857172
2026-07-22 10:51:00-04:00,7498.58984375,7498.740234375,7496.18994140625,7498.3798828125,5150226
2026-07-22 10:52:00-04:00,7496.830078125,7499.64013671875,7496.830078125,7498.77001953125,5583306
2026-07-22 10:53:00-04:00,7498.169921875,7499.89013671875,7496.7099609375,7496.85009765625,4052428
2026-07-22 10:54:00-04:00,7499.39990234375,7501.39990234375,7498.0,7498.0,4669170
2026-07-22 10:55:00-04:00,7498.5400390625,7499.1298828125,7496.81005859375,7499.1298828125,5677240
2026-07-22 10:56:00-04:00,7499.259765625,7500.02001953125,7497.669921875,7498.41015625,4972616
2026-07-22 10:57:00-04:00,7502.14013671875,7502.27978515625,7499.0498046875,7499.06005859375,5929125
2026-07-22 10:58:00-04:00,7505.080078125,7505.5,7502.169921875,7502.169921875,5342690
2026-07-22 10:59:00-04:00,7505.10009765625,7505.3701171875,7503.89013671875,7505.0,5112017
2026-07-22 11:00:00-04:00,7506.60009765625,7507.06005859375,7504.85986328125,7504.85986328125,6045601
2026-07-22 11:01:00-04:00,7504.9501953125,7507.02001953125,7504.740234375,7506.5498046875,5132044
2026-07-22 11:02:00-04:00,7506.169921875,7506.169921875,7504.2099609375,7505.009765625,5269589
2026-07-22 11:03:00-04:00,7507.43017578125,7507.990234375,7506.35986328125,7506.43994140625,5268547
2026-07-22 11:04:00-04:00,7508.68017578125,7509.47998046875,7507.4599609375,7507.4599609375,4670671
2026-07-22 11:05:00-04:00,7510.10009765625,7510.22998046875,7507.6201171875,7508.64013671875,6171851
2026-07-22 11:06:00-04:00,7510.35986328125,7511.10009765625,7509.7099609375,7510.1201171875,6005639
2026-07-22 11:07:00-04:00,7511.64990234375,7511.830078125,7510.0400390625,7510.43994140625,5180116
2026-07-22 11:08:00-04:00,7512.0,7512.0,7510.60986328125,7511.6201171875,5826900
2026-07-22 11:09:00-04:00,7511.7998046875,7513.08984375,7511.5,7512.14990234375,5593680
2026-07-22 11:10:00-04:00,7514.9501953125,7514.9501953125,7511.47998046875,7511.66015625,6025130
2026-07-22 11:11:00-04:00,7513.14013671875,7515.669921875,7512.89013671875,7514.8701171875,6899412
2026-07-22 11:12:00-04:00,7514.56005859375,7514.56005859375,7511.93994140625,7513.1201171875,6240686
2026-07-22 11:13:00-04:00,7514.3798828125,7515.18994140625,7513.2099609375,7515.14013671875,5344031
2026-07-22 11:14:00-04:00,7514.830078125,7514.830078125,7513.2998046875,7514.08984375,5359398
2026-07-22 11:15:00-04:00,7514.97998046875,7515.33984375,7514.009765625,7514.72998046875,5364042
2026-07-22 11:16:00-04:00,7514.830078125,7515.27001953125,7513.60009765625,7514.8701171875,6366159
2026-07-22 11:17:00-04:00,7513.06982421875,7515.02978515625,7513.06982421875,7514.93017578125,5593106
2026-07-22 11:18:00-04:00,7510.64013671875,7513.02001953125,7510.64013671875,7513.02001953125,5710568
2026-07-22 11:19:00-04:00,7514.16015625,7514.16015625,7510.93994140625,7510.93994140625,5548036
2026-07-22 11:20:00-04:00,7516.68017578125,7516.759765625,7514.169921875,7514.2900390625,5479889
2026-07-22 11:21:00-04:00,7514.7900390625,7516.77978515625,7514.740234375,7516.64013671875,6021638
2026-07-22 11:22:00-04:00,7515.97021484375,7515.97021484375,7514.2900390625,7514.7998046875,5615979
2026-07-22 11:23:00-04:00,7516.47021484375,7516.52978515625,7515.06005859375,7516.2001953125,5626662
2026-07-22 11:24:00-04:00,7518.39013671875,7518.740234375,7516.2998046875,7516.2998046875,5528642
2026-07-22 11:25:00-04:00,7519.64013671875,7519.64013671875,7518.08984375,7518.56005859375,5060024
2026-07-22 11:26:00-04:00,7521.0,7521.10986328125,7519.93017578125,7520.009765625,4840330
2026-07-22 11:27:00-04:00,7521.81005859375,7521.83984375,7520.330078125,7520.60986328125,5836800
2026-07-22 11:28:00-04:00,7521.77978515625,7522.22021484375,7521.009765625,7521.52978515625,5376648
2026-07-22 11:29:00-04:00,7519.7998046875,7522.14990234375,7519.2900390625,7521.7998046875,5054495
2026-07-22 11:30:00-04:00,7520.41015625,7520.6201171875,7518.56982421875,7519.89013671875,4723105
2026-07-22 11:31:00-04:00,7519.2998046875,7520.39990234375,7519.18017578125,7520.31005859375,4402889
2026-07-22 11:32:00-04:00,7518.2998046875,7519.68017578125,7517.68017578125,7519.2900390625,5694053
2026-07-22 11:33:00-04:00,7516.2998046875,7518.41015625,7515.83984375,7518.2900390625,5981064
2026-07-22 11:34:00-04:00,7515.41015625,7516.2001953125,7514.77001953125,7516.2001953125,5115253
2026-07-22 11:35:00-04:00,7516.56982421875,7516.56982421875,7515.080078125,7515.2099609375,5080492
2026-07-22 11:36:00-04:00,7516.16015625,7516.4599609375,7515.31005859375,7516.4599609375,5146846
2026-07-22 11:37:00-04:00,7515.009765625,7516.240234375,7513.5,7516.22998046875,4797738
2026-07-22 11:38:00-04:00,7514.6201171875,7516.259765625,7513.9599609375,7515.330078125,5204221
2026-07-22 11:39:00-04:00,7514.33984375,7514.7998046875,7513.18994140625,7514.7998046875,4964851
2026-07-22 11:40:00-04:00,7517.009765625,7517.14990234375,7513.85986328125,7514.3701171875,5799122
2026-07-22 11:41:00-04:00,7516.2001953125,7517.31005859375,7515.68017578125,7516.990234375,5884022
2026-07-22 11:42:00-04:00,7515.669921875,7517.25,7515.669921875,7516.3701171875,4208262
2026-07-22 11:43:00-04:00,7514.72021484375,7515.97021484375,7514.22021484375,7515.669921875,4003495
2026-07-22 11:44:00-04:00,7515.2998046875,7515.72998046875,7514.6298828125,7514.72021484375,4713779
2026-07-22 11:45:00-04:00,7517.56005859375,7517.97021484375,7515.35986328125,7515.35986328125,4388400
2026-07-22 11:46:00-04:00,7516.39013671875,7518.6201171875,7516.39013671875,7517.64990234375,3846879
2026-07-22 11:47:00-04:00,7517.919921875,7517.93994140625,7516.35009765625,7516.35009765625,3672531
2026-07-22 11:48:00-04:00,7518.580078125,7519.1298828125,7517.4599609375,7517.830078125,4138540
2026-07-22 11:49:00-04:00,7519.06005859375,7519.06005859375,7517.52001953125,7518.5498046875,3924232
2026-07-22 11:50:00-04:00,7519.259765625,7519.91015625,7519.06005859375,7519.25,3498992
2026-07-22 11:51:00-04:00,7520.18994140625,7520.490234375,7519.18017578125,7519.22021484375,5089932
2026-07-22 11:52:00-04:00,7521.3798828125,7521.68994140625,7520.27978515625,7520.27978515625,4652435
2026-07-22 11:53:00-04:00,7518.68017578125,7521.509765625,7518.68017578125,7521.31005859375,4269170
2026-07-22 11:54:00-04:00,7518.39013671875,7519.3701171875,7517.81982421875,7518.72021484375,4210272
2026-07-22 11:55:00-04:00,7519.6298828125,7519.6298828125,7517.3701171875,7518.3701171875,4572950
2026-07-22 11:56:00-04:00,7519.27978515625,7519.6298828125,7518.83984375,7519.52978515625,4981000
2026-07-22 11:57:00-04:00,7519.169921875,7519.35009765625,7518.10009765625,7519.31005859375,4246000
2026-07-22 11:58:00-04:00,7521.2099609375,7521.31005859375,7519.18994140625,7519.18994140625,4755000
2026-07-22 11:59:00-04:00,7523.0,7523.0498046875,7520.75,7521.25,4704000
2026-07-22 12:00:00-04:00,7522.759765625,7523.52978515625,7522.72998046875,7523.02978515625,3552000
2026-07-22 12:01:00-04:00,7521.43994140625,7523.0400390625,7521.25,7522.9501953125,4501000
2026-07-22 12:02:00-04:00,7521.85009765625,7521.93017578125,7520.83984375,7521.47021484375,4664000
2026-07-22 12:03:00-04:00,7521.41015625,7521.8798828125,7520.47998046875,7521.85009765625,4548000
2026-07-22 12:04:00-04:00,7522.60986328125,7522.60986328125,7521.22998046875,7521.41015625,5068000
2026-07-22 12:05:00-04:00,7523.56982421875,7523.56982421875,7521.35986328125,7522.68994140625,5222000
2026-07-22 12:06:00-04:00,7523.759765625,7524.77978515625,7523.490234375,7523.490234375,5095000
2026-07-22 12:07:00-04:00,7524.31005859375,7524.3701171875,7523.33984375,7523.77001953125,4156000
2026-07-22 12:08:00-04:00,7523.58984375,7524.31982421875,7523.31005859375,7524.31982421875,4391000
2026-07-22 12:09:00-04:00,7522.9501953125,7523.97998046875,7522.77001953125,7523.72998046875,4095000
2026-07-22 12:10:00-04:00,7522.7001953125,7522.990234375,7522.2001953125,7522.89013671875,4446000
2026-07-22 12:11:00-04:00,7521.43017578125,7523.3701171875,7521.39013671875,7522.52978515625,5005000
2026-07-22 12:12:00-04:00,7522.2001953125,7522.77001953125,7521.43017578125,7521.4501953125,4289000
2026-07-22 12:13:00-04:00,7522.43994140625,7522.89990234375,7521.990234375,7522.240234375,3455000
2026-07-22 12:14:00-04:00,7523.02001953125,7523.77001953125,7522.7099609375,7522.75,4223000
2026-07-22 12:15:00-04:00,7522.89013671875,7524.35009765625,7522.6201171875,7522.81005859375,4407000
2026-07-22 12:16:00-04:00,7522.6298828125,7523.72998046875,7522.27001953125,7522.81982421875,4677000
2026-07-22 12:17:00-04:00,7522.8798828125,7523.77978515625,7522.2998046875,7522.60009765625,5611000
2026-07-22 12:18:00-04:00,7524.93994140625,7524.93994140625,7522.7998046875,7522.97021484375,4532000
2026-07-22 12:19:00-04:00,7524.97021484375,7525.330078125,7524.91015625,7524.990234375,3987000
2026-07-22 12:20:00-04:00,7523.830078125,7524.9501953125,7523.1201171875,7524.93017578125,4555000
2026-07-22 12:21:00-04:00,7523.7900390625,7524.33984375,7523.4501953125,7524.080078125,4042000
2026-07-22 12:22:00-04:00,7524.35986328125,7524.89990234375,7523.93994140625,7523.990234375,3837000
2026-07-22 12:23:00-04:00,7523.72021484375,7524.75,7523.72021484375,7524.22021484375,4176000
2026-07-22 12:24:00-04:00,7524.25,7524.47021484375,7523.64990234375,7523.72021484375,4822000
2026-07-22 12:25:00-04:00,7524.4501953125,7524.7099609375,7523.43994140625,7524.31005859375,4041000
2026-07-22 12:26:00-04:00,7523.60986328125,7524.5400390625,7522.52001953125,7524.5400390625,4245000
2026-07-22 12:27:00-04:00,7523.509765625,7524.5,7523.43017578125,7523.58984375,4879000
2026-07-22 12:28:00-04:00,7523.66015625,7523.66015625,7522.60009765625,7523.509765625,4091000
2026-07-22 12:29:00-04:00,7524.1298828125,7524.509765625,7523.64990234375,7523.64990234375,3923000
2026-07-22 12:30:00-04:00,7523.9501953125,7524.39013671875,7523.4501953125,7524.22021484375,3759000
2026-07-22 12:31:00-04:00,7524.06005859375,7524.91015625,7523.68994140625,7523.89990234375,4045000
2026-07-22 12:32:00-04:00,7524.35009765625,7524.35009765625,7523.66015625,7524.0,3568000
2026-07-22 12:33:00-04:00,7525.77978515625,7525.83984375,7524.35009765625,7524.35009765625,4248000
2026-07-22 12:34:00-04:00,7524.8701171875,7525.93994140625,7524.56982421875,7525.759765625,3844000
2026-07-22 12:35:00-04:00,7524.31005859375,7525.14013671875,7523.97021484375,7524.85986328125,4151000
2026-07-22 12:36:00-04:00,7523.72998046875,7524.52978515625,7523.68994140625,7524.330078125,3853000
2026-07-22 12:37:00-04:00,7523.4501953125,7524.16015625,7523.2998046875,7523.89013671875,4361000
2026-07-22 12:38:00-04:00,7524.7900390625,7524.89990234375,7523.58984375,7523.58984375,4506000
2026-07-22 12:39:00-04:00,7524.009765625,7524.8701171875,7523.419921875,7524.81982421875,3645000
2026-07-22 12:40:00-04:00,7522.60986328125,7524.27978515625,7522.56005859375,7524.10009765625,4293000
2026-07-22 12:41:00-04:00,7523.08984375,7523.35009765625,7522.64013671875,7522.66015625,4393000
2026-07-22 12:42:00-04:00,7522.509765625,7523.41015625,7522.27978515625,7523.14990234375,4110000
2026-07-22 12:43:00-04:00,7522.22021484375,7522.8798828125,7521.81005859375,7522.2998046875,3720000
2026-07-22 12:44:00-04:00,7522.9599609375,7523.31005859375,7522.18017578125,7522.18017578125,3344000
2026-07-22 12:45:00-04:00,7522.6201171875,7524.2099609375,7522.39013671875,7522.91015625,4045000
2026-07-22 12:46:00-04:00,7521.35986328125,7523.2099609375,7521.35986328125,7522.60986328125,4379000
2026-07-22 12:47:00-04:00,7521.2900390625,7521.68994140625,7520.9599609375,7521.419921875,4304000
2026-07-22 12:48:00-04:00,7521.7998046875,7521.91015625,7521.02001953125,7521.2001953125,4900000
2026-07-22 12:49:00-04:00,7521.56005859375,7522.08984375,7521.31982421875,7521.75,3125000
2026-07-22 12:50:00-04:00,7521.830078125,7521.919921875,7521.0,7521.3798828125,3800000
2026-07-22 12:51:00-04:00,7520.89013671875,7522.419921875,7520.77001953125,7521.9501953125,4252000
2026-07-22 12:52:00-04:00,7521.85986328125,7521.97021484375,7520.5498046875,7520.9599609375,3802000
2026-07-22 12:53:00-04:00,7521.2001953125,7522.0,7520.7900390625,7521.81982421875,3937000
2026-07-22 12:54:00-04:00,7520.85009765625,7521.509765625,7520.58984375,7521.27001953125,3277000
2026-07-22 12:55:00-04:00,7523.64990234375,7523.68017578125,7520.56005859375,7520.830078125,4195000
2026-07-22 12:56:00-04:00,7523.85986328125,7524.2099609375,7523.240234375,7523.68994140625,3516000
2026-07-22 12:57:00-04:00,7524.68017578125,7525.14990234375,7523.9599609375,7523.97021484375,3366000
2026-07-22 12:58:00-04:00,7524.52001953125,7524.740234375,7523.85009765625,7524.47998046875,3784000
2026-07-22 12:59:00-04:00,7523.8798828125,7524.490234375,7523.580078125,7524.490234375,3730000
2026-07-22 13:00:00-04:00,7525.1201171875,7525.22998046875,7523.31005859375,7523.85986328125,3510000
2026-07-22 13:01:00-04:00,7524.0400390625,7525.10986328125,7523.85009765625,7525.10986328125,3630000
2026-07-22 13:02:00-04:00,7522.31982421875,7524.0498046875,7522.31982421875,7524.0498046875,3243000
2026-07-22 13:03:00-04:00,7521.47998046875,7522.6298828125,7520.7900390625,7522.35009765625,4298000
2026-07-22 13:04:00-04:00,7520.81982421875,7521.490234375,7520.259765625,7521.490234375,4393000
2026-07-22 13:05:00-04:00,7521.2099609375,7521.47998046875,7520.68994140625,7520.81005859375,3647000
2026-07-22 13:06:00-04:00,7521.490234375,7521.68994140625,7520.60009765625,7521.2998046875,4282000
2026-07-22 13:07:00-04:00,7522.91015625,7523.169921875,7521.2998046875,7521.419921875,3707000
2026-07-22 13:08:00-04:00,7522.22998046875,7523.10009765625,7521.7099609375,7523.10009765625,3558000
2026-07-22 13:09:00-04:00,7521.8701171875,7522.27978515625,7521.22998046875,7522.14013671875,4128000
2026-07-22 13:10:00-04:00,7521.25,7522.08984375,7520.8701171875,7521.93017578125,3446000
2026-07-22 13:11:00-04:00,7521.009765625,7521.64013671875,7520.58984375,7521.31982421875,3612000
2026-07-22 13:12:00-04:00,7520.64990234375,7521.2998046875,7520.31982421875,7521.02978515625,3221000
2026-07-22 13:13:00-04:00,7519.990234375,7520.7001953125,7519.81982421875,7520.669921875,3481000
2026-07-22 13:14:00-04:00,7518.990234375,7519.919921875,7518.43017578125,7519.919921875,4824000
2026-07-22 13:15:00-04:00,7517.64013671875,7519.06005859375,7517.18994140625,7518.830078125,4460000
2026-07-22 13:16:00-04:00,7517.89990234375,7518.66015625,7517.60986328125,7517.60986328125,4500000
2026-07-22 13:17:00-04:00,7519.35986328125,7519.4599609375,7517.93994140625,7518.0,3947000
2026-07-22 13:18:00-04:00,7518.89013671875,7519.68017578125,7518.669921875,7519.2900390625,3887000
2026-07-22 13:19:00-04:00,7518.25,7519.169921875,7518.08984375,7518.89013671875,4462000
2026-07-22 13:20:00-04:00,7517.2998046875,7518.1298828125,7516.9599609375,7518.1298828125,4028000
2026-07-22 13:21:00-04:00,7517.1201171875,7518.2099609375,7517.1201171875,7517.18017578125,3936000
2026-07-22 13:22:00-04:00,7516.22021484375,7517.009765625,7515.419921875,7516.93017578125,4753000
2026-07-22 13:23:00-04:00,7516.77001953125,7517.080078125,7516.1298828125,7516.1298828125,3809000
2026-07-22 13:24:00-04:00,7517.419921875,7517.56982421875,7516.60986328125,7516.77001953125,3287000
2026-07-22 13:25:00-04:00,7515.93017578125,7517.47998046875,7515.85009765625,7517.47998046875,3845000
2026-07-22 13:26:00-04:00,7516.43994140625,7516.64990234375,7515.5400390625,7515.93994140625,3692000
2026-07-22 13:27:00-04:00,7516.52978515625,7516.580078125,7516.240234375,7516.43994140625,3082000
2026-07-22 13:28:00-04:00,7517.66015625,7518.47021484375,7516.31005859375,7516.60009765625,3597000
2026-07-22 13:29:00-04:00,7516.18017578125,7517.89990234375,7516.14013671875,7517.60986328125,4481000
2026-07-22 13:30:00-04:00,7517.31005859375,7517.39990234375,7515.8798828125,7516.10009765625,4257000
2026-07-22 13:31:00-04:00,7517.81005859375,7518.3798828125,7517.2998046875,7517.39990234375,6049000
2026-07-22 13:32:00-04:00,7516.43994140625,7518.009765625,7515.83984375,7517.759765625,4794000
2026-07-22 13:33:00-04:00,7516.10009765625,7516.7001953125,7515.5498046875,7516.41015625,5341000
2026-07-22 13:34:00-04:00,7514.81982421875,7516.31005859375,7514.81982421875,7516.31005859375,4822000
2026-07-22 13:35:00-04:00,7515.5400390625,7515.77001953125,7514.4501953125,7514.83984375,4023000
2026-07-22 13:36:00-04:00,7516.52001953125,7516.52978515625,7515.14013671875,7515.580078125,3837000
2026-07-22 13:37:00-04:00,7517.81982421875,7517.85986328125,7516.35009765625,7516.490234375,4412000
2026-07-22 13:38:00-04:00,7517.330078125,7518.39013671875,7517.1298828125,7517.830078125,3458000
2026-07-22 13:39:00-04:00,7519.27978515625,7519.31982421875,7517.22998046875,7517.41015625,3643000
2026-07-22 13:40:00-04:00,7517.5,7519.2998046875,7517.31982421875,7519.240234375,3914000
2026-07-22 13:41:00-04:00,7517.08984375,7517.60009765625,7516.5,7517.47021484375,4053000
2026-07-22 13:42:00-04:00,7516.97998046875,7517.6298828125,7516.91015625,7517.1201171875,3653000
2026-07-22 13:43:00-04:00,7516.27001953125,7517.419921875,7516.27001953125,7517.0,3268000
2026-07-22 13:44:00-04:00,7516.669921875,7517.10986328125,7516.22021484375,7516.25,3228000
2026-07-22 13:45:00-04:00,7517.18994140625,7517.6298828125,7516.43994140625,7516.68017578125,3262000
2026-07-22 13:46:00-04:00,7517.259765625,7517.68994140625,7516.35986328125,7517.259765625,3790000
2026-07-22 13:47:00-04:00,7516.0498046875,7517.27978515625,7515.830078125,7517.240234375,3554000
2026-07-22 13:48:00-04:00,7515.81005859375,7516.31005859375,7515.64990234375,7516.0498046875,3413000
2026-07-22 13:49:00-04:00,7515.97021484375,7516.7099609375,7515.81982421875,7515.81982421875,4226000
2026-07-22 13:50:00-04:00,7515.919921875,7516.16015625,7515.4501953125,7515.89990234375,3755000
2026-07-22 13:51:00-04:00,7516.580078125,7516.81005859375,7516.0,7516.0,3730000
2026-07-22 13:52:00-04:00,7515.31005859375,7516.77978515625,7514.990234375,7516.6298828125,3672000
2026-07-22 13:53:00-04:00,7513.93994140625,7515.39990234375,7513.93994140625,7515.39990234375,4142000
2026-07-22 13:54:00-04:00,7512.3701171875,7513.919921875,7512.35009765625,7513.919921875,4596000
2026-07-22 13:55:00-04:00,7511.85986328125,7512.330078125,7509.68017578125,7512.330078125,4903000
2026-07-22 13:56:00-04:00,7511.43994140625,7512.080078125,7511.009765625,7511.77978515625,4406000
2026-07-22 13:57:00-04:00,7510.8701171875,7512.22998046875,7510.68994140625,7511.4501953125,3460000
2026-07-22 13:58:00-04:00,7510.43994140625,7511.25,7510.43994140625,7510.81982421875,3746000
2026-07-22 13:59:00-04:00,7510.10009765625,7510.47021484375,7509.72998046875,7510.47021484375,5174000
2026-07-22 14:00:00-04:00,7511.60009765625,7511.97021484375,7510.14990234375,7510.14990234375,3943000
2026-07-22 14:01:00-04:00,7509.8798828125,7511.60009765625,7509.47998046875,7511.580078125,5145000
2026-07-22 14:02:00-04:00,7508.31982421875,7510.02001953125,7507.3798828125,7509.740234375,5393000
2026-07-22 14:03:00-04:00,7508.509765625,7509.06005859375,7508.0498046875,7508.4501953125,3954000
2026-07-22 14:04:00-04:00,7509.5,7509.830078125,7507.9599609375,7508.52978515625,4228000
2026-07-22 14:05:00-04:00,7509.3798828125,7510.18994140625,7508.7998046875,7509.58984375,5314000
2026-07-22 14:06:00-04:00,7509.9599609375,7510.0,7509.02978515625,7509.47021484375,3876000
2026-07-22 14:07:00-04:00,7512.3701171875,7512.3701171875,7509.7900390625,7509.9501953125,4089000
2026-07-22 14:08:00-04:00,7510.52978515625,7512.58984375,7510.52978515625,7512.3798828125,3758000
2026-07-22 14:09:00-04:00,7508.6298828125,7510.52978515625,7508.60009765625,7510.47998046875,4803000
2026-07-22 14:10:00-04:00,7509.33984375,7509.39013671875,7507.330078125,7508.5498046875,5455000
2026-07-22 14:11:00-04:00,7508.22998046875,7509.72021484375,7508.14013671875,7509.3798828125,4237000
2026-07-22 14:12:00-04:00,7506.89990234375,7508.27001953125,7506.64990234375,7508.240234375,4937000
2026-07-22 14:13:00-04:00,7506.5400390625,7507.68994140625,7505.91015625,7506.83984375,4068000
2026-07-22 14:14:00-04:00,7506.25,7507.27978515625,7506.25,7506.47021484375,3822000
2026-07-22 14:15:00-04:00,7506.240234375,7506.58984375,7505.830078125,7505.97998046875,4379000
2026-07-22 14:16:00-04:00,7507.18994140625,7507.830078125,7506.0,7506.14013671875,4483000
2026-07-22 14:17:00-04:00,7507.25,7507.7998046875,7506.47998046875,7507.14990234375,4210000
2026-07-22 14:18:00-04:00,7509.10986328125,7509.14990234375,7507.2099609375,7507.2099609375,4487000
2026-07-22 14:19:00-04:00,7508.1298828125,7509.72021484375,7507.5400390625,7509.16015625,4108000
2026-07-22 14:20:00-04:00,7509.31982421875,7509.490234375,7507.41015625,7508.18017578125,4256000
2026-07-22 14:21:00-04:00,7509.43994140625,7510.7998046875,7509.33984375,7509.33984375,3733000
2026-07-22 14:22:00-04:00,7508.740234375,7509.3798828125,7508.47021484375,7509.3798828125,3501000
2026-07-22 14:23:00-04:00,7507.64990234375,7508.740234375,7507.419921875,7508.7001953125,4258000
2026-07-22 14:24:00-04:00,7507.8701171875,7509.25,7507.56005859375,7507.81005859375,4063000
2026-07-22 14:25:00-04:00,7508.330078125,7508.60009765625,7507.58984375,7507.81982421875,3610000
2026-07-22 14:26:00-04:00,7508.47998046875,7508.77978515625,7508.009765625,7508.2900390625,3838000
2026-07-22 14:27:00-04:00,7508.64013671875,7508.9599609375,7507.740234375,7508.4599609375,3938000
2026-07-22 14:28:00-04:00,7510.81982421875,7510.83984375,7508.56005859375,7508.68017578125,4403000
2026-07-22 14:29:00-04:00,7510.25,7511.0,7510.1298828125,7510.669921875,4030000
2026-07-22 14:30:00-04:00,7508.669921875,7510.33984375,7507.81982421875,7510.25,5288000
2026-07-22 14:31:00-04:00,7506.85009765625,7508.7099609375,7506.669921875,7508.68017578125,6306000
2026-07-22 14:32:00-04:00,7505.89990234375,7506.8701171875,7505.77001953125,7506.8701171875,4278000
2026-07-22 14:33:00-04:00,7507.18994140625,7507.35009765625,7505.8701171875,7505.8701171875,4224000
2026-07-22 14:34:00-04:00,7507.169921875,7507.39013671875,7506.5400390625,7507.18994140625,4314000
2026-07-22 14:35:00-04:00,7509.18017578125,7509.18017578125,7506.64013671875,7507.10009765625,4418000
2026-07-22 14:36:00-04:00,7509.3701171875,7509.6298828125,7508.8701171875,7509.35009765625,3975000
2026-07-22 14:37:00-04:00,7508.77001953125,7509.77001953125,7508.490234375,7509.3701171875,3754000
2026-07-22 14:38:00-04:00,7508.81005859375,7509.56005859375,7508.669921875,7508.83984375,3571000
2026-07-22 14:39:00-04:00,7508.990234375,7508.990234375,7508.0,7508.81005859375,4039000
2026-07-22 14:40:00-04:00,7508.06982421875,7509.509765625,7507.9501953125,7509.14013671875,6433000
2026-07-22 14:41:00-04:00,7508.81005859375,7508.89990234375,7507.66015625,7508.2099609375,4056000
2026-07-22 14:42:00-04:00,7508.4599609375,7509.7001953125,7508.27978515625,7508.89013671875,4356000
2026-07-22 14:43:00-04:00,7508.85986328125,7508.89990234375,7508.35986328125,7508.47021484375,4054000
2026-07-22 14:44:00-04:00,7508.56982421875,7508.919921875,7508.5498046875,7508.919921875,4158000
2026-07-22 14:45:00-04:00,7510.7099609375,7510.93994140625,7508.22021484375,7508.5,4371000
2026-07-22 14:46:00-04:00,7510.35009765625,7510.68994140625,7509.72021484375,7510.68994140625,4106000
2026-07-22 14:47:00-04:00,7509.0498046875,7510.4501953125,7508.8798828125,7510.4501953125,4056000
2026-07-22 14:48:00-04:00,7509.39013671875,7510.0400390625,7508.97021484375,7509.06005859375,5240000
2026-07-22 14:49:00-04:00,7507.2001953125,7509.4599609375,7507.2001953125,7509.4599609375,4750000
2026-07-22 14:50:00-04:00,7506.240234375,7507.330078125,7505.9501953125,7507.31982421875,5886000
2026-07-22 14:51:00-04:00,7507.0498046875,7508.18017578125,7506.18994140625,7506.2900390625,4534000
2026-07-22 14:52:00-04:00,7507.10009765625,7507.56005859375,7506.3701171875,7507.10009765625,4546000
2026-07-22 14:53:00-04:00,7508.52978515625,7508.52978515625,7506.93994140625,7507.18994140625,4352000
2026-07-22 14:54:00-04:00,7510.240234375,7510.419921875,7508.490234375,7508.52001953125,4618000
2026-07-22 14:55:00-04:00,7510.9501953125,7510.97998046875,7509.89013671875,7510.2998046875,4864000
2026-07-22 14:56:00-04:00,7509.66015625,7511.06982421875,7508.9501953125,7510.89013671875,5045000
2026-07-22 14:57:00-04:00,7510.27001953125,7510.27001953125,7509.58984375,7509.72998046875,4069000
2026-07-22 14:58:00-04:00,7510.27001953125,7510.8798828125,7510.14013671875,7510.25,4547000
2026-07-22 14:59:00-04:00,7509.72998046875,7510.85009765625,7509.72998046875,7510.25,4557000
2026-07-22 15:00:00-04:00,7509.169921875,7510.02978515625,7509.080078125,7509.68994140625,5547000
2026-07-22 15:01:00-04:00,7507.27978515625,7509.85986328125,7507.06005859375,7509.27978515625,5435000
2026-07-22 15:02:00-04:00,7507.22998046875,7508.08984375,7507.2001953125,7507.4599609375,5212000
2026-07-22 15:03:00-04:00,7508.60986328125,7508.60986328125,7507.16015625,7507.16015625,6422000
2026-07-22 15:04:00-04:00,7508.240234375,7509.9501953125,7508.1201171875,7508.64990234375,5711000
2026-07-22 15:05:00-04:00,7508.10986328125,7508.60009765625,7507.72021484375,7508.02001953125,5136000
2026-07-22 15:06:00-04:00,7508.33984375,7508.33984375,7507.080078125,7507.60986328125,5529000
2026-07-22 15:07:00-04:00,7507.5,7508.52001953125,7507.18017578125,7508.47021484375,5337000
2026-07-22 15:08:00-04:00,7507.89013671875,7508.56982421875,7507.330078125,7507.4599609375,5224000
2026-07-22 15:09:00-04:00,7507.5400390625,7508.31005859375,7507.52001953125,7507.93017578125,5227000
2026-07-22 15:10:00-04:00,7506.8701171875,7507.47998046875,7506.64990234375,7507.47998046875,7431000
2026-07-22 15:11:00-04:00,7505.6201171875,7507.06005859375,7505.580078125,7506.8701171875,5704000
2026-07-22 15:12:00-04:00,7504.259765625,7505.740234375,7504.06982421875,7505.6298828125,5141000
2026-07-22 15:13:00-04:00,7504.580078125,7505.08984375,7504.169921875,7504.4599609375,5927000
2026-07-22 15:14:00-04:00,7504.56005859375,7504.759765625,7503.5,7504.64990234375,6337000
2026-07-22 15:15:00-04:00,7504.68017578125,7505.02001953125,7503.5498046875,7504.3798828125,6725000
2026-07-22 15:16:00-04:00,7506.419921875,7506.43017578125,7504.41015625,7504.7998046875,6054000
2026-07-22 15:17:00-04:00,7506.22021484375,7506.52001953125,7505.419921875,7506.2001953125,6096000
2026-07-22 15:18:00-04:00,7506.2900390625,7506.8701171875,7505.5498046875,7506.1201171875,5763000
2026-07-22 15:19:00-04:00,7506.7099609375,7507.33984375,7506.39013671875,7506.39013671875,4799000
2026-07-22 15:20:00-04:00,7505.240234375,7506.669921875,7505.240234375,7506.669921875,5381000
2026-07-22 15:21:00-04:00,7504.02001953125,7505.35986328125,7503.259765625,7505.18017578125,6122000
2026-07-22 15:22:00-04:00,7505.14013671875,7505.35009765625,7503.68994140625,7503.97998046875,6025000
2026-07-22 15:23:00-04:00,7504.5498046875,7505.240234375,7504.43017578125,7505.08984375,5683000
2026-07-22 15:24:00-04:00,7503.58984375,7505.18017578125,7503.58984375,7504.5400390625,6698000
2026-07-22 15:25:00-04:00,7502.43994140625,7503.7998046875,7502.2099609375,7503.580078125,7559000
2026-07-22 15:26:00-04:00,7501.68017578125,7503.169921875,7501.43994140625,7502.4501953125,7134000
2026-07-22 15:27:00-04:00,7503.6201171875,7503.77001953125,7501.35986328125,7501.72021484375,6548000
2026-07-22 15:28:00-04:00,7505.669921875,7505.8701171875,7503.60009765625,7503.60009765625,8536000
2026-07-22 15:29:00-04:00,7504.83984375,7505.77978515625,7504.83984375,7505.68017578125,8003000
2026-07-22 15:30:00-04:00,7502.56005859375,7505.0498046875,7502.56005859375,7504.97021484375,8892000
2026-07-22 15:31:00-04:00,7502.64990234375,7503.43994140625,7502.419921875,7502.580078125,8716000
2026-07-22 15:32:00-04:00,7502.580078125,7503.18994140625,7502.25,7502.740234375,7266000
2026-07-22 15:33:00-04:00,7502.1298828125,7503.240234375,7502.1298828125,7502.66015625,6976000
2026-07-22 15:34:00-04:00,7501.68017578125,7502.7001953125,7501.47998046875,7502.06005859375,8086000
2026-07-22 15:35:00-04:00,7501.3798828125,7502.64013671875,7501.3798828125,7501.8798828125,7615000
2026-07-22 15:36:00-04:00,7501.22998046875,7501.3701171875,7499.8701171875,7501.3701171875,8726000
2026-07-22 15:37:00-04:00,7500.580078125,7501.43017578125,7500.41015625,7501.1201171875,8399000
2026-07-22 15:38:00-04:00,7499.330078125,7500.580078125,7498.72998046875,7500.56982421875,8528000
2026-07-22 15:39:00-04:00,7498.9501953125,7499.419921875,7498.27001953125,7499.18017578125,7993000
2026-07-22 15:40:00-04:00,7499.56982421875,7500.43017578125,7498.9501953125,7498.97998046875,8780000
2026-07-22 15:41:00-04:00,7501.10009765625,7501.10009765625,7499.1201171875,7499.64990234375,9669000
2026-07-22 15:42:00-04:00,7502.77978515625,7502.77978515625,7500.89013671875,7501.18017578125,7639000
2026-07-22 15:43:00-04:00,7503.169921875,7503.2998046875,7502.56005859375,7502.740234375,7849000
2026-07-22 15:44:00-04:00,7502.39013671875,7503.85986328125,7502.35986328125,7503.18017578125,8722000
2026-07-22 15:45:00-04:00,7503.240234375,7504.490234375,7502.31005859375,7502.41015625,11952000
2026-07-22 15:46:00-04:00,7502.85986328125,7504.47021484375,7502.759765625,7502.990234375,8749000
2026-07-22 15:47:00-04:00,7503.830078125,7504.27001953125,7502.6201171875,7502.6201171875,9270000
2026-07-22 15:48:00-04:00,7503.39990234375,7504.830078125,7503.1298828125,7503.5498046875,10337000
2026-07-22 15:49:00-04:00,7504.5400390625,7505.35986328125,7503.43017578125,7503.43017578125,11890000
2026-07-22 15:50:00-04:00,7502.830078125,7507.18994140625,7502.5,7504.5400390625,21174000
2026-07-22 15:51:00-04:00,7502.22021484375,7503.47998046875,7501.41015625,7502.81982421875,13930000
2026-07-22 15:52:00-04:00,7503.7099609375,7504.919921875,7501.89013671875,7502.2998046875,14732000
2026-07-22 15:53:00-04:00,7504.330078125,7505.97998046875,7503.27978515625,7504.0400390625,14427000
2026-07-22 15:54:00-04:00,7503.06005859375,7504.4599609375,7501.68994140625,7504.27001953125,17120000
2026-07-22 15:55:00-04:00,7501.18017578125,7502.89013671875,7500.0498046875,7502.89013671875,25419000
2026-07-22 15:56:00-04:00,7502.39990234375,7503.0,7500.7001953125,7501.240234375,23680000
2026-07-22 15:57:00-04:00,7504.14013671875,7505.10986328125,7502.10986328125,7502.1201171875,30036000
2026-07-22 15:58:00-04:00,7504.1201171875,7506.68017578125,7503.64013671875,7504.2998046875,43666000
2026-07-22 15:59:00-04:00,7499.43994140625,7506.4501953125,7499.330078125,7503.9501953125,76624000
2026-07-23 09:30:00-04:00,7414.330078125,7418.2900390625,7408.240234375,7418.2900390625,0
2026-07-23 09:31:00-04:00,7420.25,7420.35009765625,7413.509765625,7413.8798828125,16659815
2026-07-23 09:32:00-04:00,7426.3701171875,7426.9599609375,7419.85986328125,7419.85986328125,15192525
2026-07-23 09:33:00-04:00,7429.77001953125,7430.02978515625,7423.64013671875,7426.39013671875,13537913
2026-07-23 09:34:00-04:00,7437.7001953125,7437.85986328125,7429.43017578125,7429.43017578125,13931701
2026-07-23 09:35:00-04:00,7436.18994140625,7439.39013671875,7435.77978515625,7437.75,14383485
2026-07-23 09:36:00-04:00,7436.75,7437.1298828125,7433.5,7436.4501953125,14814954
2026-07-23 09:37:00-04:00,7440.330078125,7441.08984375,7436.72998046875,7436.93017578125,12504436
2026-07-23 09:38:00-04:00,7437.7001953125,7442.85986328125,7436.52978515625,7440.08984375,11354959
2026-07-23 09:39:00-04:00,7439.08984375,7440.2099609375,7436.2001953125,7437.990234375,10856270
2026-07-23 09:40:00-04:00,7440.64990234375,7443.0,7439.06982421875,7439.06982421875,11854035
2026-07-23 09:41:00-04:00,7442.97998046875,7442.97998046875,7439.56005859375,7440.56005859375,11010487
2026-07-23 09:42:00-04:00,7446.759765625,7447.18994140625,7442.39013671875,7443.10986328125,10070887
2026-07-23 09:43:00-04:00,7448.93994140625,7450.1201171875,7446.4599609375,7446.5400390625,10080155
2026-07-23 09:44:00-04:00,7443.6298828125,7448.77978515625,7443.6298828125,7448.77978515625,8658137
2026-07-23 09:45:00-04:00,7441.97021484375,7444.47998046875,7438.5,7443.5,12032170
2026-07-23 09:46:00-04:00,7441.97021484375,7441.97021484375,7437.66015625,7441.97021484375,11589945
2026-07-23 09:47:00-04:00,7437.93994140625,7441.72998046875,7437.56982421875,7441.72998046875,9827136
2026-07-23 09:48:00-04:00,7433.4599609375,7438.33984375,7432.60009765625,7437.7900390625,10464893
2026-07-23 09:49:00-04:00,7428.25,7434.47998046875,7427.2998046875,7433.3798828125,11323615
2026-07-23 09:50:00-04:00,7429.3798828125,7430.080078125,7427.330078125,7428.080078125,10071268
2026-07-23 09:51:00-04:00,7424.35986328125,7429.16015625,7423.89990234375,7429.1201171875,9010161
2026-07-23 09:52:00-04:00,7425.77978515625,7425.77978515625,7422.3798828125,7424.43017578125,9075822
2026-07-23 09:53:00-04:00,7428.419921875,7428.56005859375,7424.47021484375,7425.97998046875,9446213
2026-07-23 09:54:00-04:00,7434.10986328125,7434.22998046875,7428.02978515625,7428.39990234375,9069682
2026-07-23 09:55:00-04:00,7434.3701171875,7438.1201171875,7434.009765625,7434.009765625,9558696
2026-07-23 09:56:00-04:00,7426.66015625,7433.41015625,7426.66015625,7433.41015625,7797005
2026-07-23 09:57:00-04:00,7423.58984375,7426.669921875,7421.52001953125,7426.509765625,7533767
2026-07-23 09:58:00-04:00,7423.27001953125,7423.490234375,7418.85009765625,7423.490234375,8201083
2026-07-23 09:59:00-04:00,7421.41015625,7424.52001953125,7421.41015625,7423.419921875,8222985
2026-07-23 10:00:00-04:00,7428.1298828125,7430.830078125,7421.52978515625,7421.52978515625,10524663
2026-07-23 10:01:00-04:00,7422.9501953125,7427.91015625,7422.9501953125,7427.8701171875,9132862
2026-07-23 10:02:00-04:00,7424.31005859375,7426.06982421875,7423.0498046875,7423.10986328125,8010118
2026-07-23 10:03:00-04:00,7425.39013671875,7426.60009765625,7424.27978515625,7424.27978515625,6991344
2026-07-23 10:04:00-04:00,7428.27978515625,7429.85009765625,7425.02001953125,7425.33984375,7830253
2026-07-23 10:05:00-04:00,7431.330078125,7431.41015625,7426.5400390625,7428.72021484375,9011040
2026-07-23 10:06:00-04:00,7431.080078125,7434.080078125,7430.9599609375,7431.7099609375,7972048
2026-07-23 10:07:00-04:00,7430.4599609375,7432.330078125,7429.240234375,7431.2001953125,8637689
2026-07-23 10:08:00-04:00,7418.97998046875,7432.52978515625,7418.89990234375,7430.0400390625,9232400
2026-07-23 10:09:00-04:00,7418.02001953125,7419.08984375,7414.0498046875,7418.9599609375,8548464
2026-07-23 10:10:00-04:00,7421.77978515625,7424.7998046875,7418.419921875,7418.419921875,8010543
2026-07-23 10:11:00-04:00,7423.41015625,7423.41015625,7417.72998046875,7421.18017578125,8013368
2026-07-23 10:12:00-04:00,7426.2900390625,7426.72998046875,7422.93994140625,7423.4501953125,7684831
2026-07-23 10:13:00-04:00,7426.6298828125,7429.22021484375,7425.8798828125,7426.72998046875,6983606
2026-07-23 10:14:00-04:00,7421.52978515625,7427.240234375,7419.7099609375,7426.1201171875,8260019
2026-07-23 10:15:00-04:00,7421.330078125,7424.25,7419.6201171875,7421.08984375,7347667
2026-07-23 10:16:00-04:00,7425.43017578125,7425.43017578125,7419.9501953125,7420.830078125,9199598
2026-07-23 10:17:00-04:00,7425.68017578125,7426.10009765625,7423.10986328125,7425.080078125,8296473
2026-07-23 10:18:00-04:00,7425.509765625,7428.1201171875,7425.509765625,7426.759765625,7572142
2026-07-23 10:19:00-04:00,7420.18994140625,7425.52001953125,7419.39990234375,7425.52001953125,6754713
2026-07-23 10:20:00-04:00,7421.02978515625,7422.7998046875,7419.3701171875,7420.259765625,7073085
2026-07-23 10:21:00-04:00,7425.8701171875,7426.10009765625,7420.3701171875,7420.83984375,7091343
2026-07-23 10:22:00-04:00,7427.3798828125,7428.97021484375,7424.6298828125,7426.02978515625,7606841
2026-07-23 10:23:00-04:00,7422.77978515625,7427.89013671875,7422.66015625,7427.81982421875,5795655
2026-07-23 10:24:00-04:00,7419.240234375,7423.39990234375,7417.2900390625,7422.8701171875,8070235
2026-07-23 10:25:00-04:00,7421.75,7422.89990234375,7417.66015625,7419.080078125,7165616
2026-07-23 10:26:00-04:00,7417.7900390625,7421.58984375,7415.490234375,7421.58984375,6583234
2026-07-23 10:27:00-04:00,7417.2099609375,7418.2900390625,7415.509765625,7417.56982421875,6028171
2026-07-23 10:28:00-04:00,7417.759765625,7420.919921875,7417.2001953125,7417.240234375,6178269
2026-07-23 10:29:00-04:00,7422.9599609375,7422.9599609375,7417.009765625,7417.009765625,5951824
2026-07-23 10:30:00-04:00,7420.93017578125,7423.60986328125,7419.14990234375,7422.1201171875,7285155
2026-07-23 10:31:00-04:00,7418.91015625,7423.89990234375,7418.91015625,7420.72998046875,6634142
2026-07-23 10:32:00-04:00,7415.10009765625,7419.02001953125,7414.43017578125,7418.83984375,6844177
2026-07-23 10:33:00-04:00,7411.330078125,7415.91015625,7410.72021484375,7415.16015625,7682651
2026-07-23 10:34:00-04:00,7414.08984375,7415.4599609375,7411.39013671875,7411.919921875,7211653
2026-07-23 10:35:00-04:00,7411.16015625,7414.66015625,7410.7001953125,7413.83984375,6857992
2026-07-23 10:36:00-04:00,7413.27001953125,7413.39990234375,7410.56005859375,7411.2998046875,6121211
2026-07-23 10:37:00-04:00,7426.47998046875,7426.52978515625,7413.419921875,7413.419921875,7355420
2026-07-23 10:38:00-04:00,7423.64990234375,7427.169921875,7421.93994140625,7426.77978515625,5523798
2026-07-23 10:39:00-04:00,7427.080078125,7429.25,7423.68017578125,7423.68017578125,6027719
2026-07-23 10:40:00-04:00,7424.97021484375,7430.39990234375,7424.97021484375,7427.6201171875,6569334
2026-07-23 10:41:00-04:00,7418.52001953125,7424.580078125,7417.77978515625,7424.580078125,6645622
2026-07-23 10:42:00-04:00,7415.41015625,7420.240234375,7414.25,7418.66015625,5911163
2026-07-23 10:43:00-04:00,7413.77001953125,7416.52978515625,7411.6201171875,7415.580078125,6548727
2026-07-23 10:44:00-04:00,7412.9501953125,7414.3798828125,7411.47021484375,7413.31982421875,6179784
2026-07-23 10:45:00-04:00,7411.759765625,7415.009765625,7411.759765625,7413.16015625,7254933
2026-07-23 10:46:00-04:00,7414.7001953125,7416.18017578125,7411.56982421875,7411.68017578125,6745455
2026-07-23 10:47:00-04:00,7416.77978515625,7418.31005859375,7414.759765625,7414.85009765625,6465067
2026-07-23 10:48:00-04:00,7413.8798828125,7416.2099609375,7413.0400390625,7416.2099609375,6525010
2026-07-23 10:49:00-04:00,7412.240234375,7414.18994140625,7411.1298828125,7413.580078125,7104121
2026-07-23 10:50:00-04:00,7410.14990234375,7414.6201171875,7408.64990234375,7412.1201171875,6932984
2026-07-23 10:51:00-04:00,7404.85986328125,7409.85986328125,7404.490234375,7409.85986328125,6742071
2026-07-23 10:52:00-04:00,7407.56005859375,7407.8701171875,7404.419921875,7404.77978515625,6481456
2026-07-23 10:53:00-04:00,7405.7998046875,7407.58984375,7404.31982421875,7407.58984375,5301407
2026-07-23 10:54:00-04:00,7405.31982421875,7406.43994140625,7404.06005859375,7405.43017578125,6138309
2026-07-23 10:55:00-04:00,7405.06005859375,7407.0498046875,7405.06005859375,7405.22021484375,5860920
2026-07-23 10:56:00-04:00,7407.60009765625,7408.18017578125,7404.85009765625,7404.8701171875,6477227
2026-07-23 10:57:00-04:00,7408.97998046875,7409.4599609375,7407.58984375,7407.990234375,6370466
2026-07-23 10:58:00-04:00,7406.259765625,7408.8701171875,7405.47021484375,7408.8701171875,5893370
2026-07-23 10:59:00-04:00,7407.0400390625,7408.97998046875,7405.5400390625,7406.080078125,5584779
2026-07-23 11:00:00-04:00,7406.89990234375,7408.02978515625,7406.0,7407.009765625,6734882
2026-07-23 11:01:00-04:00,7403.02001953125,7406.759765625,7401.7001953125,7406.60009765625,6943010
2026-07-23 11:02:00-04:00,7401.47998046875,7404.169921875,7401.47998046875,7402.9599609375,6271838
2026-07-23 11:03:00-04:00,7401.47021484375,7403.27001953125,7400.41015625,7401.3701171875,6700154
2026-07-23 11:04:00-04:00,7400.0400390625,7401.2998046875,7398.759765625,7401.2998046875,6204045
2026-07-23 11:05:00-04:00,7397.64990234375,7400.5,7397.64990234375,7400.259765625,7012014
2026-07-23 11:06:00-04:00,7393.7998046875,7397.58984375,7393.39990234375,7397.58984375,7772721
2026-07-23 11:07:00-04:00,7396.919921875,7398.0498046875,7393.91015625,7393.97998046875,6747555
2026-07-23 11:08:00-04:00,7396.72998046875,7397.419921875,7395.97021484375,7397.22021484375,5987353
2026-07-23 11:09:00-04:00,7395.64013671875,7398.2099609375,7394.89990234375,7396.509765625,8770551
2026-07-23 11:10:00-04:00,7396.009765625,7397.22998046875,7393.81982421875,7395.52001953125,7378040
2026-07-23 11:11:00-04:00,7392.5498046875,7395.8798828125,7392.5498046875,7395.8798828125,6550854
2026-07-23 11:12:00-04:00,7389.81005859375,7392.740234375,7388.72021484375,7392.259765625,8007219
2026-07-23 11:13:00-04:00,7391.22021484375,7391.759765625,7389.35009765625,7389.66015625,6754862
2026-07-23 11:14:00-04:00,7390.02001953125,7391.6201171875,7388.27978515625,7391.4599609375,7106383
2026-07-23 11:15:00-04:00,7392.5400390625,7394.14990234375,7390.0,7390.14990234375,7090906
2026-07-23 11:16:00-04:00,7392.330078125,7392.66015625,7389.89013671875,7392.39013671875,6177411
2026-07-23 11:17:00-04:00,7394.41015625,7395.35986328125,7392.35009765625,7392.39990234375,5472069
2026-07-23 11:18:00-04:00,7393.75,7395.3798828125,7393.60986328125,7394.33984375,5532912
2026-07-23 11:19:00-04:00,7395.93017578125,7396.240234375,7393.06982421875,7393.77978515625,7315513
2026-07-23 11:20:00-04:00,7398.02978515625,7400.43994140625,7395.919921875,7395.919921875,7036967
2026-07-23 11:21:00-04:00,7393.18994140625,7398.81982421875,7393.1201171875,7398.02978515625,6270661
2026-07-23 11:22:00-04:00,7385.81982421875,7394.9599609375,7383.919921875,7393.080078125,8622000
2026-07-23 11:23:00-04:00,7388.9599609375,7390.47021484375,7386.22998046875,7386.22998046875,6764000
2026-07-23 11:24:00-04:00,7390.77978515625,7391.0,7388.7099609375,7388.93994140625,5117000
2026-07-23 11:25:00-04:00,7386.5400390625,7390.52001953125,7385.91015625,7390.490234375,5562000
2026-07-23 11:26:00-04:00,7384.7099609375,7386.89990234375,7384.16015625,7386.89990234375,6635000
2026-07-23 11:27:00-04:00,7384.39013671875,7385.27001953125,7383.7001953125,7385.25,6101000
2026-07-23 11:28:00-04:00,7382.16015625,7386.52978515625,7382.16015625,7384.2001953125,6914000
2026-07-23 11:29:00-04:00,7383.22998046875,7383.7099609375,7382.0,7382.0,5579000
2026-07-23 11:30:00-04:00,7378.81982421875,7383.93017578125,7378.43994140625,7383.0498046875,6369000
2026-07-23 11:31:00-04:00,7380.9599609375,7381.89990234375,7376.0,7378.5400390625,6489000
2026-07-23 11:32:00-04:00,7383.56982421875,7383.77978515625,7380.8798828125,7380.8798828125,6373000
2026-07-23 11:33:00-04:00,7385.22021484375,7386.5400390625,7382.56005859375,7383.81005859375,6662000
2026-07-23 11:34:00-04:00,7386.77978515625,7387.0400390625,7384.47021484375,7385.22998046875,5415000
2026-07-23 11:35:00-04:00,7389.93994140625,7391.25,7386.9501953125,7386.9501953125,5938000
2026-07-23 11:36:00-04:00,7390.419921875,7390.419921875,7387.9599609375,7389.85009765625,5955000
2026-07-23 11:37:00-04:00,7392.60986328125,7395.02001953125,7389.3798828125,7391.009765625,6946000
2026-07-23 11:38:00-04:00,7396.580078125,7396.85986328125,7392.41015625,7392.41015625,5460000
2026-07-23 11:39:00-04:00,7397.27001953125,7397.919921875,7394.47998046875,7396.89990234375,5190000
2026-07-23 11:40:00-04:00,7398.1298828125,7399.759765625,7397.2998046875,7397.2998046875,5409000
2026-07-23 11:41:00-04:00,7398.16015625,7398.16015625,7394.669921875,7397.4501953125,6735000
2026-07-23 11:42:00-04:00,7393.240234375,7399.419921875,7393.10009765625,7397.8798828125,5435000
2026-07-23 11:43:00-04:00,7391.77978515625,7393.93017578125,7391.6201171875,7393.580078125,5162000
2026-07-23 11:44:00-04:00,7390.64013671875,7392.91015625,7390.330078125,7391.72998046875,5067000
2026-07-23 11:45:00-04:00,7391.7099609375,7392.4501953125,7387.580078125,7390.4599609375,5102000
2026-07-23 11:46:00-04:00,7390.10986328125,7392.1201171875,7388.81982421875,7391.64990234375,5265000
2026-07-23 11:47:00-04:00,7389.330078125,7390.919921875,7388.58984375,7389.91015625,4577000
2026-07-23 11:48:00-04:00,7390.419921875,7391.41015625,7389.10986328125,7389.39013671875,4773000
2026-07-23 11:49:00-04:00,7392.580078125,7393.06005859375,7389.830078125,7390.31982421875,4935000
2026-07-23 11:50:00-04:00,7393.60986328125,7394.080078125,7390.25,7392.60986328125,6171000
2026-07-23 11:51:00-04:00,7391.60009765625,7393.8701171875,7391.22021484375,7393.52001953125,5286000
2026-07-23 11:52:00-04:00,7393.14990234375,7394.18994140625,7391.58984375,7391.669921875,4334000
2026-07-23 11:53:00-04:00,7393.41015625,7393.93017578125,7392.3701171875,7393.02978515625,5631000
2026-07-23 11:54:00-04:00,7397.16015625,7397.16015625,7393.419921875,7393.419921875,5753000
2026-07-23 11:55:00-04:00,7397.7998046875,7398.43994140625,7396.72998046875,7397.06982421875,5528000
2026-07-23 11:56:00-04:00,7397.85009765625,7399.7998046875,7396.83984375,7397.81005859375,5506000
2026-07-23 11:57:00-04:00,7397.75,7398.85009765625,7395.6298828125,7398.0,5014000
2026-07-23 11:58:00-04:00,7400.68994140625,7401.02001953125,7398.06982421875,7398.06982421875,4788000
2026-07-23 11:59:00-04:00,7402.0400390625,7402.35009765625,7400.759765625,7400.759765625,4880000
2026-07-23 12:00:00-04:00,7402.669921875,7402.72021484375,7400.47021484375,7402.08984375,5737000
2026-07-23 12:01:00-04:00,7402.41015625,7402.990234375,7400.02001953125,7402.72021484375,5295000
2026-07-23 12:02:00-04:00,7405.830078125,7405.91015625,7401.81982421875,7402.39990234375,5403000
2026-07-23 12:03:00-04:00,7405.5400390625,7407.1298828125,7404.72998046875,7406.2099609375,5104000
2026-07-23 12:04:00-04:00,7405.2900390625,7405.39990234375,7403.81982421875,7405.39990234375,4465000
2026-07-23 12:05:00-04:00,7400.68994140625,7405.490234375,7400.14990234375,7405.14990234375,4652000
2026-07-23 12:06:00-04:00,7401.75,7403.490234375,7399.9599609375,7400.6298828125,4590000
2026-07-23 12:07:00-04:00,7402.64990234375,7402.81005859375,7401.68017578125,7401.72998046875,4264000
2026-07-23 12:08:00-04:00,7407.60986328125,7407.60986328125,7402.56982421875,7402.56982421875,4917000
2026-07-23 12:09:00-04:00,7408.35986328125,7408.4501953125,7406.66015625,7407.43017578125,4641000
2026-07-23 12:10:00-04:00,7410.0,7410.10009765625,7408.5400390625,7408.6298828125,5157000
2026-07-23 12:11:00-04:00,7410.2998046875,7411.10009765625,7409.0,7409.8798828125,4747000
2026-07-23 12:12:00-04:00,7410.39013671875,7412.35009765625,7410.14013671875,7410.47998046875,5723000
2026-07-23 12:13:00-04:00,7409.72021484375,7411.7001953125,7409.6298828125,7410.0498046875,4682000
2026-07-23 12:14:00-04:00,7410.6201171875,7411.14013671875,7409.5498046875,7409.58984375,4193000
2026-07-23 12:15:00-04:00,7411.1298828125,7411.75,7409.64013671875,7410.3798828125,4715000
2026-07-23 12:16:00-04:00,7410.39013671875,7411.2001953125,7409.3701171875,7411.18017578125,5418000
2026-07-23 12:17:00-04:00,7412.10009765625,7412.259765625,7410.10009765625,7410.10009765625,4479000
2026-07-23 12:18:00-04:00,7411.47021484375,7412.47021484375,7410.93994140625,7412.330078125,4397000
2026-07-23 12:19:00-04:00,7410.10009765625,7411.3798828125,7407.02001953125,7411.3798828125,4780000
2026-07-23 12:20:00-04:00,7413.35986328125,7413.35986328125,7410.06005859375,7410.06005859375,4954000
2026-07-23 12:21:00-04:00,7414.33984375,7414.89990234375,7412.759765625,7413.35986328125,4328000
2026-07-23 12:22:00-04:00,7416.759765625,7416.85986328125,7413.56005859375,7414.3701171875,4479000
2026-07-23 12:23:00-04:00,7419.93017578125,7420.509765625,7416.27978515625,7416.759765625,5453000
2026-07-23 12:24:00-04:00,7419.5400390625,7420.7099609375,7419.009765625,7419.81982421875,4447000
2026-07-23 12:25:00-04:00,7418.77001953125,7420.25,7418.43994140625,7419.64013671875,4958000
2026-07-23 12:26:00-04:00,7416.4599609375,7419.06005859375,7416.3701171875,7418.89013671875,4535000
2026-07-23 12:27:00-04:00,7418.5498046875,7419.02978515625,7416.14990234375,7416.5,10802000
2026-07-23 12:28:00-04:00,7418.22998046875,7418.9599609375,7417.85986328125,7418.68994140625,4224000
2026-07-23 12:29:00-04:00,7418.41015625,7420.080078125,7417.47021484375,7418.259765625,5812000
2026-07-23 12:30:00-04:00,7417.68017578125,7419.10986328125,7416.52978515625,7418.990234375,5338000
2026-07-23 12:31:00-04:00,7418.14013671875,7418.9599609375,7417.4501953125,7418.0,4319000
2026-07-23 12:32:00-04:00,7417.72021484375,7418.330078125,7416.77978515625,7418.2099609375,4221000
2026-07-23 12:33:00-04:00,7417.47998046875,7419.0,7416.9599609375,7417.830078125,4943000
2026-07-23 12:34:00-04:00,7415.77001953125,7418.1298828125,7415.5498046875,7417.27978515625,5705000
2026-07-23 12:35:00-04:00,7417.06982421875,7418.2001953125,7414.43994140625,7415.56982421875,5729000
2026-07-23 12:36:00-04:00,7417.830078125,7418.10009765625,7415.8798828125,7417.22998046875,4847000
2026-07-23 12:37:00-04:00,7417.43017578125,7418.10009765625,7416.18017578125,7417.97021484375,5671000
2026-07-23 12:38:00-04:00,7419.56005859375,7419.56005859375,7415.8798828125,7417.3701171875,5109000
2026-07-23 12:39:00-04:00,7420.8701171875,7421.31005859375,7419.66015625,7419.66015625,6010000
2026-07-23 12:40:00-04:00,7417.64990234375,7421.22021484375,7417.43017578125,7420.830078125,4913000
2026-07-23 12:41:00-04:00,7416.41015625,7418.009765625,7416.14013671875,7417.830078125,4548000
2026-07-23 12:42:00-04:00,7415.56982421875,7416.35009765625,7415.14990234375,7416.35009765625,4298000
2026-07-23 12:43:00-04:00,7416.330078125,7416.77001953125,7415.2998046875,7415.509765625,3367000
2026-07-23 12:44:00-04:00,7414.68994140625,7416.41015625,7414.47021484375,7416.14013671875,4397000
2026-07-23 12:45:00-04:00,7409.18017578125,7414.490234375,7409.18017578125,7414.490234375,5114000
2026-07-23 12:46:00-04:00,7408.68017578125,7409.5,7408.25,7408.919921875,4937000
2026-07-23 12:47:00-04:00,7408.81982421875,7409.7099609375,7407.68017578125,7408.830078125,4476000
2026-07-23 12:48:00-04:00,7406.41015625,7409.27978515625,7405.89990234375,7408.9599609375,4289000
2026-07-23 12:49:00-04:00,7405.43994140625,7407.669921875,7405.43994140625,7406.43017578125,3830000
2026-07-23 12:50:00-04:00,7403.990234375,7405.3701171875,7403.27978515625,7405.35986328125,4392000
2026-07-23 12:51:00-04:00,7403.52001953125,7405.5400390625,7403.1201171875,7403.990234375,4288000
2026-07-23 12:52:00-04:00,7405.39013671875,7407.4501953125,7403.669921875,7403.669921875,4537000
2026-07-23 12:53:00-04:00,7403.56005859375,7405.52001953125,7402.77978515625,7405.52001953125,3916000
2026-07-23 12:54:00-04:00,7404.240234375,7404.39013671875,7403.25,7403.5,3715000
2026-07-23 12:55:00-04:00,7406.830078125,7408.02001953125,7404.080078125,7404.080078125,5207000
2026-07-23 12:56:00-04:00,7407.68017578125,7407.77978515625,7405.81982421875,7406.9501953125,4254000
2026-07-23 12:57:00-04:00,7406.56982421875,7408.7001953125,7406.43017578125,7408.009765625,4160000
2026-07-23 12:58:00-04:00,7406.72998046875,7407.740234375,7406.10009765625,7406.759765625,4200000
2026-07-23 12:59:00-04:00,7410.60986328125,7411.0,7406.56005859375,7406.7099609375,4949000
2026-07-23 13:00:00-04:00,7413.47998046875,7413.91015625,7407.93017578125,7410.47021484375,5345000
2026-07-23 13:01:00-04:00,7412.56005859375,7413.52001953125,7411.66015625,7413.31005859375,3958000
2026-07-23 13:02:00-04:00,7412.39013671875,7412.72998046875,7409.6298828125,7412.72998046875,4279000
2026-07-23 13:03:00-04:00,7412.2099609375,7412.4501953125,7411.2099609375,7412.3798828125,3809000
2026-07-23 13:04:00-04:00,7407.2001953125,7412.43017578125,7407.2001953125,7412.25,4331000
2026-07-23 13:05:00-04:00,7404.35986328125,7407.22021484375,7403.2099609375,7407.22021484375,4936000
2026-07-23 13:06:00-04:00,7404.0,7406.1298828125,7403.60009765625,7404.39013671875,3768000
2026-07-23 13:07:00-04:00,7405.330078125,7406.93017578125,7403.6201171875,7403.89990234375,3594000
2026-07-23 13:08:00-04:00,7405.81982421875,7408.31982421875,7404.41015625,7405.25,3819000
2026-07-23 13:09:00-04:00,7409.2998046875,7409.35986328125,7404.58984375,7405.77978515625,3948000
2026-07-23 13:10:00-04:00,7410.91015625,7412.7099609375,7409.25,7409.25,3983000
2026-07-23 13:11:00-04:00,7410.64013671875,7411.2900390625,7409.77978515625,7411.02001953125,3194000
2026-07-23 13:12:00-04:00,7412.3798828125,7412.89990234375,7410.7998046875,7410.8701171875,4027000
2026-07-23 13:13:00-04:00,7410.5400390625,7413.22998046875,7410.4501953125,7412.5,3645000
2026-07-23 13:14:00-04:00,7410.85986328125,7411.419921875,7409.6298828125,7410.60009765625,3940000
2026-07-23 13:15:00-04:00,7410.68994140625,7411.1298828125,7409.91015625,7410.72021484375,3354000
2026-07-23 13:16:00-04:00,7411.68017578125,7413.080078125,7410.6298828125,7410.7001953125,3991000
2026-07-23 13:17:00-04:00,7408.2998046875,7412.64990234375,7408.2998046875,7411.56005859375,4467000
2026-07-23 13:18:00-04:00,7408.2998046875,7409.85009765625,7406.66015625,7408.06982421875,4820000
2026-07-23 13:19:00-04:00,7409.43017578125,7409.4501953125,7407.72021484375,7408.3701171875,4506000
2026-07-23 13:20:00-04:00,7412.14990234375,7414.10009765625,7409.52978515625,7409.52978515625,3994000
2026-07-23 13:21:00-04:00,7410.4501953125,7413.1298828125,7410.4501953125,7412.31982421875,4159000
2026-07-23 13:22:00-04:00,7409.580078125,7410.9501953125,7409.0498046875,7410.66015625,3931000
2026-07-23 13:23:00-04:00,7413.14013671875,7413.14013671875,7409.41015625,7409.60009765625,3578000
2026-07-23 13:24:00-04:00,7413.89013671875,7414.31982421875,7412.64013671875,7413.16015625,3443000
2026-07-23 13:25:00-04:00,7414.85009765625,7414.97998046875,7413.08984375,7413.89013671875,3656000
2026-07-23 13:26:00-04:00,7415.33984375,7415.64990234375,7414.0498046875,7414.72998046875,3285000
2026-07-23 13:27:00-04:00,7413.0498046875,7415.2998046875,7412.7998046875,7415.2998046875,3096000
2026-07-23 13:28:00-04:00,7413.3701171875,7413.9599609375,7412.8798828125,7413.080078125,3188000
2026-07-23 13:29:00-04:00,7412.43994140625,7413.7998046875,7412.43994140625,7413.6201171875,3114000
2026-07-23 13:30:00-04:00,7410.85009765625,7412.240234375,7409.740234375,7412.240234375,4460000
2026-07-23 13:31:00-04:00,7407.2099609375,7410.83984375,7406.66015625,7410.83984375,4350000
2026-07-23 13:32:00-04:00,7405.77001953125,7407.27978515625,7405.240234375,7407.240234375,4805000
2026-07-23 13:33:00-04:00,7406.08984375,7407.5,7405.2998046875,7405.66015625,5163000
2026-07-23 13:34:00-04:00,7405.77978515625,7407.2998046875,7405.77978515625,7406.1201171875,3631000
2026-07-23 13:35:00-04:00,7401.27978515625,7405.9501953125,7401.22021484375,7405.830078125,4339000
2026-07-23 13:36:00-04:00,7400.35986328125,7401.72021484375,7400.18017578125,7401.22998046875,3976000
2026-07-23 13:37:00-04:00,7400.259765625,7400.6298828125,7399.56005859375,7400.31005859375,3668000
2026-07-23 13:38:00-04:00,7400.259765625,7402.3701171875,7400.259765625,7400.3798828125,4162000
2026-07-23 13:39:00-04:00,7400.2001953125,7402.240234375,7400.2001953125,7400.2900390625,3431000
2026-07-23 13:40:00-04:00,7397.97021484375,7401.330078125,7397.7099609375,7400.1298828125,4074000
2026-07-23 13:41:00-04:00,7399.3701171875,7399.669921875,7397.39990234375,7397.97021484375,3748000
2026-07-23 13:42:00-04:00,7399.75,7400.14990234375,7398.990234375,7399.3798828125,3199000
2026-07-23 13:43:00-04:00,7401.64013671875,7401.919921875,7399.91015625,7399.91015625,4136000
2026-07-23 13:44:00-04:00,7401.81005859375,7402.56005859375,7400.93994140625,7401.66015625,3876000
2026-07-23 13:45:00-04:00,7405.64990234375,7406.259765625,7399.97021484375,7401.81982421875,3954000
2026-07-23 13:46:00-04:00,7405.68017578125,7406.39013671875,7403.77978515625,7405.68994140625,3746000
2026-07-23 13:47:00-04:00,7406.3798828125,7406.919921875,7405.52001953125,7405.669921875,3401000
2026-07-23 13:48:00-04:00,7405.64990234375,7406.72021484375,7404.3701171875,7406.1201171875,3440000
2026-07-23 13:49:00-04:00,7406.4501953125,7406.9599609375,7405.6201171875,7405.6201171875,2727000
2026-07-23 13:50:00-04:00,7405.580078125,7406.43017578125,7403.919921875,7406.06982421875,3644000
2026-07-23 13:51:00-04:00,7403.68017578125,7405.64013671875,7403.490234375,7405.419921875,3027000
2026-07-23 13:52:00-04:00,7405.7001953125,7406.52001953125,7403.75,7403.75,3365000
2026-07-23 13:53:00-04:00,7404.2001953125,7405.830078125,7403.33984375,7405.7099609375,4311000
2026-07-23 13:54:00-04:00,7402.14990234375,7403.93017578125,7402.14990234375,7403.93017578125,3545000
2026-07-23 13:55:00-04:00,7400.0400390625,7401.91015625,7398.89013671875,7401.91015625,3909000
2026-07-23 13:56:00-04:00,7397.9599609375,7400.02001953125,7397.58984375,7399.93017578125,4048000
2026-07-23 13:57:00-04:00,7396.7099609375,7398.58984375,7396.7099609375,7398.0400390625,3696000
2026-07-23 13:58:00-04:00,7397.02001953125,7397.1298828125,7395.919921875,7396.83984375,4858000
2026-07-23 13:59:00-04:00,7396.259765625,7397.02978515625,7395.97021484375,7396.85009765625,4450000
2026-07-23 14:00:00-04:00,7395.830078125,7397.22021484375,7394.52978515625,7396.16015625,5259000
2026-07-23 14:01:00-04:00,7394.72998046875,7396.009765625,7393.31982421875,7395.83984375,5435000
2026-07-23 14:02:00-04:00,7395.0,7395.169921875,7394.16015625,7394.85986328125,4942000
2026-07-23 14:03:00-04:00,7396.35986328125,7396.490234375,7395.27978515625,7395.35009765625,4039000
2026-07-23 14:04:00-04:00,7394.02001953125,7396.8798828125,7393.7998046875,7396.2998046875,4165000
2026-07-23 14:05:00-04:00,7393.43994140625,7393.91015625,7393.02001953125,7393.91015625,3905000
2026-07-23 14:06:00-04:00,7395.10986328125,7395.18017578125,7393.33984375,7393.58984375,4675000
2026-07-23 14:07:00-04:00,7392.22021484375,7395.02978515625,7392.2001953125,7395.02978515625,4571000
2026-07-23 14:08:00-04:00,7394.080078125,7394.330078125,7392.10009765625,7392.18994140625,4830000
2026-07-23 14:09:00-04:00,7393.08984375,7394.14013671875,7393.08984375,7393.64013671875,4153000
2026-07-23 14:10:00-04:00,7394.5400390625,7394.5400390625,7393.0,7393.10986328125,3795000
2026-07-23 14:11:00-04:00,7394.9599609375,7395.56982421875,7393.3798828125,7394.52001953125,3912000
2026-07-23 14:12:00-04:00,7397.7099609375,7397.77978515625,7395.08984375,7395.08984375,4225000
2026-07-23 14:13:00-04:00,7397.06982421875,7397.759765625,7396.14013671875,7397.759765625,4305000
2026-07-23 14:14:00-04:00,7394.330078125,7396.91015625,7394.27001953125,7396.91015625,5950000
2026-07-23 14:15:00-04:00,7396.0,7396.0,7393.7099609375,7394.18017578125,4325000
2026-07-23 14:16:00-04:00,7395.85009765625,7397.2900390625,7395.2099609375,7395.830078125,3780000
2026-07-23 14:17:00-04:00,7393.2998046875,7396.41015625,7393.2998046875,7395.85009765625,4298000
2026-07-23 14:18:00-04:00,7393.47021484375,7395.2998046875,7393.10009765625,7393.3701171875,3600000
2026-07-23 14:19:00-04:00,7393.919921875,7393.93994140625,7392.5498046875,7393.47998046875,3666000
2026-07-23 14:20:00-04:00,7394.8798828125,7395.14013671875,7393.8701171875,7393.8701171875,4189000
2026-07-23 14:21:00-04:00,7396.35986328125,7396.4599609375,7393.81982421875,7394.669921875,4203000
2026-07-23 14:22:00-04:00,7396.22998046875,7396.81005859375,7395.6298828125,7396.419921875,4141000
2026-07-23 14:23:00-04:00,7396.52001953125,7396.5498046875,7394.9501953125,7395.77978515625,3610000
2026-07-23 14:24:00-04:00,7398.2998046875,7398.39990234375,7396.52978515625,7396.5498046875,3748000
2026-07-23 14:25:00-04:00,7395.93017578125,7398.56982421875,7395.93017578125,7398.3798828125,4273000
2026-07-23 14:26:00-04:00,7395.25,7396.89013671875,7395.25,7396.3701171875,3926000
2026-07-23 14:27:00-04:00,7394.89990234375,7396.56005859375,7394.89990234375,7395.330078125,4588000
2026-07-23 14:28:00-04:00,7396.64013671875,7397.31005859375,7394.68017578125,7394.68017578125,4312000
2026-07-23 14:29:00-04:00,7398.2900390625,7398.35986328125,7396.77978515625,7396.77978515625,3799000
2026-07-23 14:30:00-04:00,7398.9501953125,7399.8798828125,7397.85986328125,7398.18994140625,4308000
2026-07-23 14:31:00-04:00,7399.72021484375,7400.1298828125,7398.81005859375,7399.009765625,4286000
2026-07-23 14:32:00-04:00,7398.93017578125,7400.06982421875,7398.41015625,7399.759765625,3862000
2026-07-23 14:33:00-04:00,7398.47021484375,7398.77001953125,7397.97998046875,7398.64990234375,4914000
2026-07-23 14:34:00-04:00,7400.0400390625,7400.5498046875,7398.89990234375,7398.89990234375,4185000
2026-07-23 14:35:00-04:00,7398.22998046875,7400.669921875,7397.9599609375,7400.10986328125,4597000
2026-07-23 14:36:00-04:00,7395.3701171875,7398.39990234375,7395.27978515625,7398.16015625,4341000
2026-07-23 14:37:00-04:00,7394.43994140625,7395.4501953125,7393.419921875,7395.39013671875,4000000
2026-07-23 14:38:00-04:00,7393.009765625,7394.85009765625,7392.9501953125,7394.41015625,3555000
2026-07-23 14:39:00-04:00,7393.68994140625,7394.330078125,7393.06005859375,7393.35009765625,4452000
2026-07-23 14:40:00-04:00,7394.0498046875,7394.08984375,7392.77001953125,7393.83984375,4607000
2026-07-23 14:41:00-04:00,7391.5,7394.66015625,7391.43994140625,7394.66015625,4367000
2026-07-23 14:42:00-04:00,7392.22998046875,7392.4599609375,7390.259765625,7391.580078125,4382000
2026-07-23 14:43:00-04:00,7392.47998046875,7392.56982421875,7391.60986328125,7392.31005859375,5256000
2026-07-23 14:44:00-04:00,7392.490234375,7392.7900390625,7391.740234375,7392.43994140625,3680000
2026-07-23 14:45:00-04:00,7395.06005859375,7395.27001953125,7392.6298828125,7392.6298828125,5296000
2026-07-23 14:46:00-04:00,7395.9501953125,7396.18994140625,7394.8701171875,7394.97021484375,4755000
2026-07-23 14:47:00-04:00,7397.72998046875,7397.75,7395.93017578125,7395.93017578125,3437000
2026-07-23 14:48:00-04:00,7398.22998046875,7398.259765625,7396.77978515625,7397.85009765625,4763000
2026-07-23 14:49:00-04:00,7396.56005859375,7398.31982421875,7396.259765625,7397.9501953125,4600000
2026-07-23 14:50:00-04:00,7395.97998046875,7397.60986328125,7395.7998046875,7396.93994140625,4549000
2026-07-23 14:51:00-04:00,7395.6201171875,7396.990234375,7395.580078125,7396.02001953125,3950000
2026-07-23 14:52:00-04:00,7395.7900390625,7396.43017578125,7395.25,7395.64990234375,4120000
2026-07-23 14:53:00-04:00,7395.6298828125,7396.47021484375,7394.77978515625,7395.68994140625,3906000
2026-07-23 14:54:00-04:00,7391.0,7395.6201171875,7391.0,7395.419921875,4882000
2026-07-23 14:55:00-04:00,7391.97021484375,7392.10986328125,7390.66015625,7391.14990234375,4965000
2026-07-23 14:56:00-04:00,7392.2001953125,7392.5498046875,7390.72021484375,7392.0498046875,4434000
2026-07-23 14:57:00-04:00,7391.47021484375,7392.240234375,7391.35986328125,7392.240234375,3224000
2026-07-23 14:58:00-04:00,7391.8798828125,7392.0,7390.509765625,7391.3798828125,3853000
2026-07-23 14:59:00-04:00,7394.4599609375,7394.4599609375,7392.0400390625,7392.0400390625,4843000
2026-07-23 15:00:00-04:00,7396.8701171875,7397.52978515625,7394.490234375,7394.490234375,6072000
2026-07-23 15:01:00-04:00,7395.6201171875,7396.85986328125,7395.08984375,7396.85986328125,4254000
2026-07-23 15:02:00-04:00,7396.509765625,7396.64990234375,7395.35009765625,7395.509765625,3573000
2026-07-23 15:03:00-04:00,7392.72021484375,7396.3798828125,7392.72021484375,7396.3798828125,3627000
2026-07-23 15:04:00-04:00,7392.0,7392.830078125,7392.0,7392.740234375,3910000
2026-07-23 15:05:00-04:00,7393.10009765625,7393.10009765625,7391.490234375,7392.08984375,4259000
2026-07-23 15:06:00-04:00,7393.0498046875,7393.22021484375,7392.06982421875,7393.10986328125,4393000
2026-07-23 15:07:00-04:00,7391.8701171875,7393.18017578125,7391.64990234375,7393.1201171875,4539000
2026-07-23 15:08:00-04:00,7393.1298828125,7393.240234375,7391.66015625,7391.66015625,5656000
2026-07-23 15:09:00-04:00,7391.5498046875,7393.419921875,7391.5498046875,7393.14013671875,5273000
2026-07-23 15:10:00-04:00,7389.14990234375,7391.56982421875,7389.14990234375,7391.56982421875,6366000
2026-07-23 15:11:00-04:00,7390.43017578125,7390.56982421875,7388.89990234375,7389.330078125,5289000
2026-07-23 15:12:00-04:00,7391.419921875,7392.47998046875,7390.3798828125,7390.3798828125,4930000
2026-07-23 15:13:00-04:00,7390.43994140625,7391.4501953125,7390.0498046875,7391.31005859375,4448000
2026-07-23 15:14:00-04:00,7390.2099609375,7390.990234375,7390.009765625,7390.5400390625,4277000
2026-07-23 15:15:00-04:00,7391.68017578125,7392.77001953125,7389.93017578125,7390.0400390625,6012000
2026-07-23 15:16:00-04:00,7392.77001953125,7393.31005859375,7391.60009765625,7391.75,5516000
2026-07-23 15:17:00-04:00,7394.4501953125,7395.330078125,7392.6201171875,7392.740234375,6175000
2026-07-23 15:18:00-04:00,7393.0,7394.259765625,7392.14990234375,7394.16015625,5509000
2026-07-23 15:19:00-04:00,7393.35009765625,7393.75,7392.7099609375,7393.08984375,5398000
2026-07-23 15:20:00-04:00,7396.490234375,7396.8701171875,7393.4501953125,7393.4599609375,9012000
2026-07-23 15:21:00-04:00,7397.89013671875,7398.8798828125,7396.39013671875,7396.39013671875,6895000
2026-07-23 15:22:00-04:00,7397.06982421875,7399.25,7396.990234375,7397.830078125,5442000
2026-07-23 15:23:00-04:00,7398.06005859375,7398.5498046875,7396.669921875,7396.93994140625,5511000
2026-07-23 15:24:00-04:00,7399.77001953125,7399.77001953125,7398.14990234375,7398.2998046875,5132000
2026-07-23 15:25:00-04:00,7401.68017578125,7402.5,7399.89013671875,7399.89013671875,6856000
2026-07-23 15:26:00-04:00,7401.06982421875,7402.02978515625,7400.77001953125,7401.6298828125,6862000
2026-07-23 15:27:00-04:00,7401.39013671875,7402.56005859375,7400.2900390625,7400.9501953125,6744000
2026-07-23 15:28:00-04:00,7398.27978515625,7401.81005859375,7398.06982421875,7401.27001953125,6642000
2026-07-23 15:29:00-04:00,7398.85009765625,7398.9501953125,7397.240234375,7398.240234375,6964000
2026-07-23 15:30:00-04:00,7400.009765625,7400.8798828125,7397.93017578125,7398.89990234375,8425000
2026-07-23 15:31:00-04:00,7394.490234375,7400.14990234375,7394.490234375,7400.14990234375,7732000
2026-07-23 15:32:00-04:00,7393.89990234375,7395.419921875,7393.89990234375,7394.18017578125,7199000
2026-07-23 15:33:00-04:00,7392.93017578125,7394.7001953125,7390.7099609375,7393.740234375,8098000
2026-07-23 15:34:00-04:00,7395.490234375,7396.56982421875,7392.93017578125,7392.93017578125,7462000
2026-07-23 15:35:00-04:00,7394.14013671875,7396.080078125,7394.10986328125,7395.35009765625,8336000
2026-07-23 15:36:00-04:00,7394.10009765625,7394.2001953125,7392.5,7394.0400390625,7420000
2026-07-23 15:37:00-04:00,7394.68994140625,7395.509765625,7393.52001953125,7393.85009765625,7116000
2026-07-23 15:38:00-04:00,7392.3798828125,7394.89013671875,7392.1201171875,7394.56982421875,7790000
2026-07-23 15:39:00-04:00,7393.22998046875,7394.1298828125,7392.31982421875,7392.3798828125,8739000
2026-07-23 15:40:00-04:00,7392.18994140625,7393.72998046875,7392.10009765625,7392.89990234375,8738000
2026-07-23 15:41:00-04:00,7391.58984375,7392.18017578125,7390.56982421875,7392.18017578125,7871000
2026-07-23 15:42:00-04:00,7388.02001953125,7391.58984375,7388.02001953125,7391.58984375,8752000
2026-07-23 15:43:00-04:00,7388.5,7388.8798828125,7387.2001953125,7387.990234375,9457000
2026-07-23 15:44:00-04:00,7387.080078125,7388.4501953125,7387.080078125,7388.4501953125,11337000
2026-07-23 15:45:00-04:00,7386.669921875,7387.93017578125,7386.2998046875,7386.8798828125,13695000
2026-07-23 15:46:00-04:00,7384.240234375,7386.75,7383.89013671875,7386.6201171875,10744000
2026-07-23 15:47:00-04:00,7385.830078125,7386.830078125,7383.18017578125,7384.2998046875,11356000
2026-07-23 15:48:00-04:00,7383.77001953125,7385.89013671875,7383.77001953125,7385.81982421875,10117000
2026-07-23 15:49:00-04:00,7383.5,7384.009765625,7381.64990234375,7383.89013671875,11906000
2026-07-23 15:50:00-04:00,7390.89013671875,7391.7900390625,7383.5498046875,7383.5498046875,24837000
2026-07-23 15:51:00-04:00,7391.85986328125,7391.85986328125,7388.39990234375,7391.2099609375,16204000
2026-07-23 15:52:00-04:00,7390.14990234375,7392.43994140625,7388.259765625,7391.830078125,15273000
2026-07-23 15:53:00-04:00,7387.0,7389.81005859375,7386.52001953125,7389.81005859375,17415000
2026-07-23 15:54:00-04:00,7390.3798828125,7390.58984375,7386.240234375,7387.0400390625,21745000
2026-07-23 15:55:00-04:00,7398.419921875,7398.93994140625,7390.580078125,7390.580078125,26714000
2026-07-23 15:56:00-04:00,7399.85009765625,7400.1201171875,7398.2001953125,7398.91015625,26015000
2026-07-23 15:57:00-04:00,7404.31005859375,7404.509765625,7399.7001953125,7399.7998046875,34120000
2026-07-23 15:58:00-04:00,7408.85986328125,7409.080078125,7404.31005859375,7404.31005859375,52745000
2026-07-23 15:59:00-04:00,7408.18017578125,7410.06005859375,7407.240234375,7408.77978515625,89170000
2026-07-24 09:30:00-04:00,7413.60986328125,7414.6298828125,7406.2998046875,7406.2998046875,0
2026-07-24 09:31:00-04:00,7410.58984375,7414.419921875,7409.919921875,7413.22998046875,12889736
2026-07-24 09:32:00-04:00,7416.39990234375,7418.41015625,7411.81982421875,7411.81982421875,11243077
2026-07-24 09:33:00-04:00,7415.75,7419.669921875,7415.68017578125,7416.47998046875,10960191
2026-07-24 09:34:00-04:00,7418.1298828125,7418.669921875,7415.93994140625,7416.18994140625,11684330
2026-07-24 09:35:00-04:00,7417.60986328125,7420.83984375,7416.27978515625,7417.81005859375,11984892
2026-07-24 09:36:00-04:00,7413.68017578125,7417.509765625,7412.35986328125,7417.509765625,12095832
2026-07-24 09:37:00-04:00,7419.52978515625,7419.9599609375,7412.93017578125,7412.93017578125,9761571
2026-07-24 09:38:00-04:00,7417.89990234375,7421.14013671875,7416.1201171875,7420.0,9102474
2026-07-24 09:39:00-04:00,7414.6298828125,7417.31982421875,7414.0498046875,7417.31982421875,9478628
2026-07-24 09:40:00-04:00,7413.31982421875,7414.89013671875,7412.240234375,7414.89013671875,9681779
2026-07-24 09:41:00-04:00,7413.9599609375,7415.39990234375,7412.7001953125,7413.06982421875,9435918
2026-07-24 09:42:00-04:00,7412.02001953125,7414.47998046875,7410.7099609375,7413.83984375,9866535
2026-07-24 09:43:00-04:00,7411.56005859375,7413.08984375,7411.33984375,7412.56982421875,8756932
2026-07-24 09:44:00-04:00,7411.830078125,7413.4501953125,7410.4501953125,7411.4501953125,8835898
2026-07-24 09:45:00-04:00,7413.0400390625,7414.72998046875,7410.68994140625,7411.66015625,10219703
2026-07-24 09:46:00-04:00,7416.259765625,7416.41015625,7412.06982421875,7413.16015625,9548810
2026-07-24 09:47:00-04:00,7418.43994140625,7419.81005859375,7415.77978515625,7416.06005859375,8736365
2026-07-24 09:48:00-04:00,7419.10009765625,7420.35986328125,7417.66015625,7418.5498046875,8416179
2026-07-24 09:49:00-04:00,7421.85986328125,7423.009765625,7419.08984375,7419.08984375,9274917
2026-07-24 09:50:00-04:00,7412.7099609375,7421.64013671875,7410.47021484375,7421.64013671875,10393525
2026-07-24 09:51:00-04:00,7406.5,7412.89990234375,7406.2998046875,7412.56005859375,7962370
2026-07-24 09:52:00-04:00,7403.52978515625,7406.97998046875,7402.5400390625,7406.97998046875,8298900
2026-07-24 09:53:00-04:00,7403.06982421875,7404.22021484375,7402.35986328125,7403.3798828125,8861107
2026-07-24 09:54:00-04:00,7401.27978515625,7403.0498046875,7400.58984375,7402.6201171875,8053108
2026-07-24 09:55:00-04:00,7399.31005859375,7402.16015625,7397.85009765625,7401.6201171875,8109859
2026-07-24 09:56:00-04:00,7400.56982421875,7402.43017578125,7398.2001953125,7399.6298828125,8221816
2026-07-24 09:57:00-04:00,7401.27001953125,7402.68017578125,7399.02001953125,7399.47998046875,7488312
2026-07-24 09:58:00-04:00,7402.81005859375,7405.81982421875,7400.97998046875,7400.97998046875,7814716
2026-07-24 09:59:00-04:00,7399.52978515625,7403.52001953125,7399.25,7402.93017578125,6865894
2026-07-24 10:00:00-04:00,7405.10009765625,7405.240234375,7397.580078125,7399.39013671875,8421323
2026-07-24 10:01:00-04:00,7404.68994140625,7406.64990234375,7404.39013671875,7405.2001953125,7715500
2026-07-24 10:02:00-04:00,7407.31005859375,7410.06982421875,7404.97021484375,7404.97021484375,7564703
2026-07-24 10:03:00-04:00,7407.39990234375,7407.39990234375,7403.02001953125,7407.18017578125,7351992
2026-07-24 10:04:00-04:00,7400.97998046875,7408.2998046875,7400.97998046875,7407.39990234375,6286762
2026-07-24 10:05:00-04:00,7404.7998046875,7405.33984375,7400.72998046875,7401.08984375,7120580
2026-07-24 10:06:00-04:00,7403.4501953125,7405.75,7402.2099609375,7404.7998046875,7753354
2026-07-24 10:07:00-04:00,7406.10986328125,7407.759765625,7401.91015625,7403.81005859375,7349470
2026-07-24 10:08:00-04:00,7413.759765625,7414.14990234375,7405.91015625,7406.39013671875,8014602
2026-07-24 10:09:00-04:00,7417.4599609375,7417.83984375,7412.58984375,7413.7998046875,6820236
2026-07-24 10:10:00-04:00,7417.8701171875,7417.8701171875,7414.60009765625,7416.759765625,7302787
2026-07-24 10:11:00-04:00,7416.4599609375,7418.22021484375,7416.0498046875,7417.669921875,6691525
2026-07-24 10:12:00-04:00,7413.16015625,7417.10009765625,7412.8701171875,7416.169921875,7045469
2026-07-24 10:13:00-04:00,7416.64990234375,7416.91015625,7411.7099609375,7413.02001953125,6289275
2026-07-24 10:14:00-04:00,7419.08984375,7421.93017578125,7416.6201171875,7416.7001953125,7891727
2026-07-24 10:15:00-04:00,7414.419921875,7420.240234375,7414.419921875,7418.85986328125,6733536
2026-07-24 10:16:00-04:00,7414.35986328125,7415.0498046875,7412.3798828125,7414.43994140625,7515247
2026-07-24 10:17:00-04:00,7409.080078125,7414.10009765625,7406.64013671875,7414.10009765625,7351445
2026-07-24 10:18:00-04:00,7405.41015625,7411.580078125,7405.39013671875,7409.080078125,7746665
2026-07-24 10:19:00-04:00,7408.419921875,7408.419921875,7403.39990234375,7405.35986328125,7686636
2026-07-24 10:20:00-04:00,7409.3798828125,7410.14013671875,7404.919921875,7408.35986328125,7272873
2026-07-24 10:21:00-04:00,7416.06982421875,7416.47021484375,7409.3798828125,7409.39990234375,6431218
2026-07-24 10:22:00-04:00,7416.419921875,7418.35009765625,7415.89990234375,7416.25,5799279
2026-07-24 10:23:00-04:00,7421.08984375,7422.14990234375,7416.81005859375,7416.81005859375,6258792
2026-07-24 10:24:00-04:00,7418.43994140625,7421.56982421875,7417.7900390625,7421.31982421875,5918011
2026-07-24 10:25:00-04:00,7416.58984375,7419.64013671875,7415.490234375,7418.580078125,5218701
2026-07-24 10:26:00-04:00,7418.41015625,7419.330078125,7416.16015625,7416.56005859375,5447395
2026-07-24 10:27:00-04:00,7414.52001953125,7420.169921875,7413.97021484375,7418.169921875,6003394
2026-07-24 10:28:00-04:00,7415.66015625,7416.97021484375,7413.8701171875,7414.60986328125,4973999
2026-07-24 10:29:00-04:00,7415.93994140625,7418.169921875,7415.85986328125,7415.85986328125,5689644
2026-07-24 10:30:00-04:00,7410.669921875,7415.77978515625,7409.2900390625,7415.7099609375,7783117
2026-07-24 10:31:00-04:00,7412.91015625,7413.169921875,7410.6298828125,7410.7001953125,5853263
2026-07-24 10:32:00-04:00,7411.10986328125,7413.3798828125,7409.580078125,7413.1298828125,5830936
2026-07-24 10:33:00-04:00,7409.97998046875,7412.91015625,7409.6298828125,7410.740234375,5493655
2026-07-24 10:34:00-04:00,7407.5,7411.39013671875,7407.4599609375,7410.1298828125,6304926
2026-07-24 10:35:00-04:00,7409.93994140625,7411.0,7406.8701171875,7407.02978515625,6753147
2026-07-24 10:36:00-04:00,7409.009765625,7411.1298828125,7408.509765625,7410.27001953125,5496330
2026-07-24 10:37:00-04:00,7407.7001953125,7409.2099609375,7407.60009765625,7408.4501953125,5452841
2026-07-24 10:38:00-04:00,7407.47998046875,7409.169921875,7407.10986328125,7407.419921875,5783879
2026-07-24 10:39:00-04:00,7403.60986328125,7408.490234375,7402.419921875,7407.009765625,6535262
2026-07-24 10:40:00-04:00,7405.2998046875,7406.2001953125,7402.22998046875,7403.56005859375,7320147
2026-07-24 10:41:00-04:00,7405.06982421875,7406.35009765625,7402.52978515625,7405.33984375,6188501
2026-07-24 10:42:00-04:00,7402.56005859375,7405.81005859375,7401.7900390625,7404.43994140625,6804868
2026-07-24 10:43:00-04:00,7403.85986328125,7404.10986328125,7402.35009765625,7402.5,6720560
2026-07-24 10:44:00-04:00,7402.22021484375,7405.72021484375,7402.10986328125,7403.66015625,7318657
2026-07-24 10:45:00-04:00,7399.72021484375,7402.5498046875,7399.35986328125,7402.5498046875,5991935
2026-07-24 10:46:00-04:00,7403.22998046875,7403.39990234375,7397.56982421875,7399.27001953125,7849929
2026-07-24 10:47:00-04:00,7400.39013671875,7405.10986328125,7399.6298828125,7403.31982421875,6717404
2026-07-24 10:48:00-04:00,7401.58984375,7402.169921875,7400.4599609375,7400.4599609375,5038080
2026-07-24 10:49:00-04:00,7408.16015625,7408.47021484375,7401.7001953125,7401.8798828125,8016402
2026-07-24 10:50:00-04:00,7413.9599609375,7413.9599609375,7408.330078125,7408.330078125,7762343
2026-07-24 10:51:00-04:00,7415.18994140625,7415.77978515625,7412.9501953125,7413.93017578125,7719409
2026-07-24 10:52:00-04:00,7410.25,7416.22021484375,7410.25,7415.02001953125,5909137
2026-07-24 10:53:00-04:00,7415.58984375,7416.490234375,7409.91015625,7410.4501953125,4966821
2026-07-24 10:54:00-04:00,7413.169921875,7416.06005859375,7410.759765625,7415.47021484375,5544038
2026-07-24 10:55:00-04:00,7417.22998046875,7417.64013671875,7413.330078125,7413.330078125,4982766
2026-07-24 10:56:00-04:00,7418.25,7418.31005859375,7416.4599609375,7417.08984375,5306024
2026-07-24 10:57:00-04:00,7424.06005859375,7424.27001953125,7418.2998046875,7418.2998046875,7913171
2026-07-24 10:58:00-04:00,7427.3701171875,7427.39013671875,7422.3701171875,7424.10986328125,5518684
2026-07-24 10:59:00-04:00,7429.68994140625,7430.0,7427.56005859375,7427.56005859375,6274018
2026-07-24 11:00:00-04:00,7431.60009765625,7431.89990234375,7427.5498046875,7429.740234375,6505678
2026-07-24 11:01:00-04:00,7427.89990234375,7433.0,7427.72998046875,7432.10009765625,6210503
2026-07-24 11:02:00-04:00,7427.93994140625,7428.4599609375,7425.77978515625,7428.0400390625,5119770
2026-07-24 11:03:00-04:00,7427.16015625,7428.77001953125,7426.31982421875,7428.02978515625,6199473
2026-07-24 11:04:00-04:00,7425.39990234375,7427.7001953125,7425.39990234375,7427.18017578125,5439341
2026-07-24 11:05:00-04:00,7427.009765625,7427.93994140625,7425.3701171875,7425.3701171875,4945465
2026-07-24 11:06:00-04:00,7425.259765625,7428.52978515625,7425.16015625,7427.14013671875,5438015
2026-07-24 11:07:00-04:00,7425.39990234375,7425.52001953125,7422.08984375,7424.77001953125,5509511
2026-07-24 11:08:00-04:00,7426.0498046875,7429.52978515625,7425.330078125,7425.509765625,6248034
2026-07-24 11:09:00-04:00,7420.4501953125,7426.97021484375,7420.4501953125,7425.91015625,5324325
2026-07-24 11:10:00-04:00,7430.740234375,7431.5498046875,7419.5400390625,7420.39013671875,7585993
2026-07-24 11:11:00-04:00,7432.3701171875,7440.18017578125,7430.4501953125,7430.85009765625,8553182
2026-07-24 11:12:00-04:00,7432.7900390625,7435.85009765625,7432.5400390625,7432.5400390625,5060484
2026-07-24 11:13:00-04:00,7432.240234375,7434.06982421875,7431.7900390625,7432.9599609375,4016672
2026-07-24 11:14:00-04:00,7442.81005859375,7444.56982421875,7432.259765625,7432.259765625,7715440
2026-07-24 11:15:00-04:00,7452.4501953125,7453.22021484375,7441.06005859375,7442.5498046875,10395762
2026-07-24 11:16:00-04:00,7446.68017578125,7453.240234375,7446.169921875,7452.27001953125,6066944
2026-07-24 11:17:00-04:00,7443.1298828125,7447.4501953125,7443.080078125,7446.14013671875,6265261
2026-07-24 11:18:00-04:00,7442.0400390625,7445.43994140625,7440.60009765625,7442.89990234375,5618825
2026-07-24 11:19:00-04:00,7438.22021484375,7443.06982421875,7437.89013671875,7442.0,6005423
2026-07-24 11:20:00-04:00,7444.2001953125,7445.77001953125,7437.7998046875,7438.18994140625,6321479
2026-07-24 11:21:00-04:00,7445.2900390625,7446.3701171875,7443.830078125,7443.97021484375,6099088
2026-07-24 11:22:00-04:00,7445.83984375,7447.419921875,7444.77978515625,7445.31005859375,5157393
2026-07-24 11:23:00-04:00,7448.39013671875,7449.81005859375,7445.7099609375,7445.7099609375,5585390
2026-07-24 11:24:00-04:00,7447.43994140625,7449.60986328125,7446.75,7448.25,5342020
2026-07-24 11:25:00-04:00,7449.509765625,7449.72021484375,7447.1201171875,7447.3798828125,5948640
2026-07-24 11:26:00-04:00,7449.14990234375,7451.2099609375,7449.14990234375,7449.7900390625,5265341
2026-07-24 11:27:00-04:00,7451.669921875,7452.14990234375,7448.91015625,7448.9599609375,5507514
2026-07-24 11:28:00-04:00,7451.669921875,7454.509765625,7451.669921875,7451.7099609375,5963454
2026-07-24 11:29:00-04:00,7448.9599609375,7452.02978515625,7448.64013671875,7451.490234375,6090328
2026-07-24 11:30:00-04:00,7449.41015625,7450.06982421875,7447.4599609375,7449.16015625,5267042
2026-07-24 11:31:00-04:00,7452.06005859375,7452.580078125,7449.58984375,7449.58984375,5075702
2026-07-24 11:32:00-04:00,7448.3798828125,7452.4501953125,7448.080078125,7452.4501953125,5364386
2026-07-24 11:33:00-04:00,7447.52978515625,7448.47021484375,7446.22998046875,7448.0400390625,4532923
2026-07-24 11:34:00-04:00,7444.759765625,7448.169921875,7444.759765625,7447.419921875,4402796
2026-07-24 11:35:00-04:00,7447.85986328125,7447.85986328125,7444.509765625,7444.72998046875,4858794
2026-07-24 11:36:00-04:00,7449.2001953125,7449.35986328125,7446.72998046875,7447.77978515625,5140890
2026-07-24 11:37:00-04:00,7450.0400390625,7450.0400390625,7445.990234375,7449.2900390625,4999979
2026-07-24 11:38:00-04:00,7453.39990234375,7453.39990234375,7450.35009765625,7450.47998046875,4773768
2026-07-24 11:39:00-04:00,7454.66015625,7455.18017578125,7453.4501953125,7453.58984375,3965475
2026-07-24 11:40:00-04:00,7454.10986328125,7456.56005859375,7454.10986328125,7454.77001953125,5181496
2026-07-24 11:41:00-04:00,7450.08984375,7453.81982421875,7449.830078125,7453.81982421875,5163420
2026-07-24 11:42:00-04:00,7449.89990234375,7450.9501953125,7448.18994140625,7450.16015625,4442205
2026-07-24 11:43:00-04:00,7445.64990234375,7449.91015625,7444.85009765625,7449.68017578125,5490432
2026-07-24 11:44:00-04:00,7446.6298828125,7447.81982421875,7445.66015625,7445.66015625,4412000
2026-07-24 11:45:00-04:00,7447.919921875,7449.52001953125,7446.33984375,7446.33984375,4791000
2026-07-24 11:46:00-04:00,7448.2900390625,7449.06005859375,7448.06005859375,7448.06005859375,4283000
2026-07-24 11:47:00-04:00,7445.97998046875,7448.669921875,7445.47021484375,7447.85986328125,4761000
2026-07-24 11:48:00-04:00,7446.93017578125,7447.0498046875,7444.14013671875,7446.1298828125,4663000
2026-07-24 11:49:00-04:00,7444.4501953125,7446.9501953125,7444.4501953125,7446.919921875,3888000
2026-07-24 11:50:00-04:00,7450.14990234375,7450.22998046875,7444.58984375,7444.58984375,4123000
2026-07-24 11:51:00-04:00,7448.5498046875,7451.31005859375,7448.5498046875,7450.259765625,4244000
2026-07-24 11:52:00-04:00,7447.06982421875,7449.3701171875,7446.759765625,7448.509765625,4538000
2026-07-24 11:53:00-04:00,7449.3701171875,7449.47021484375,7446.0,7447.0498046875,4095000
2026-07-24 11:54:00-04:00,7449.06982421875,7450.8798828125,7448.6201171875,7449.56982421875,3983000
2026-07-24 11:55:00-04:00,7450.2998046875,7451.41015625,7448.91015625,7449.10009765625,4699000
2026-07-24 11:56:00-04:00,7452.52978515625,7452.759765625,7450.27978515625,7450.43994140625,4940000
2026-07-24 11:57:00-04:00,7451.5,7452.91015625,7451.47021484375,7452.60009765625,5945000
2026-07-24 11:58:00-04:00,7453.39013671875,7453.39013671875,7450.52978515625,7451.4501953125,4260000
2026-07-24 11:59:00-04:00,7453.64990234375,7454.22998046875,7452.9599609375,7453.240234375,4830000
2026-07-24 12:00:00-04:00,7450.89990234375,7454.10986328125,7450.58984375,7453.72021484375,5784000
2026-07-24 12:01:00-04:00,7452.35009765625,7452.35009765625,7450.259765625,7451.1201171875,3897000
2026-07-24 12:02:00-04:00,7452.43017578125,7452.6298828125,7451.3798828125,7452.18017578125,5738000
2026-07-24 12:03:00-04:00,7454.2001953125,7454.31005859375,7452.2099609375,7452.3798828125,4844000
2026-07-24 12:04:00-04:00,7456.52001953125,7456.7001953125,7453.830078125,7453.91015625,4441000
2026-07-24 12:05:00-04:00,7457.0,7457.3798828125,7455.72021484375,7456.5498046875,4833000
2026-07-24 12:06:00-04:00,7454.56005859375,7456.919921875,7454.419921875,7456.64013671875,4298000
2026-07-24 12:07:00-04:00,7458.52001953125,7458.56005859375,7453.83984375,7454.10986328125,5164000
2026-07-24 12:08:00-04:00,7457.31005859375,7459.08984375,7457.27001953125,7458.56005859375,4182000
2026-07-24 12:09:00-04:00,7456.7099609375,7458.419921875,7456.7099609375,7457.490234375,3929000
2026-07-24 12:10:00-04:00,7460.91015625,7460.91015625,7456.85986328125,7456.9501953125,4458000
2026-07-24 12:11:00-04:00,7458.1298828125,7460.97998046875,7457.830078125,7460.85986328125,5112000
2026-07-24 12:12:00-04:00,7456.9501953125,7459.14990234375,7456.7900390625,7458.16015625,4193000
2026-07-24 12:13:00-04:00,7454.10009765625,7457.4501953125,7453.68994140625,7457.02001953125,4871000
2026-07-24 12:14:00-04:00,7453.91015625,7454.60986328125,7452.6201171875,7453.93994140625,4310000
2026-07-24 12:15:00-04:00,7453.6298828125,7454.35009765625,7452.68017578125,7453.77978515625,4567000
2026-07-24 12:16:00-04:00,7453.490234375,7454.39990234375,7452.419921875,7453.669921875,4684000
2026-07-24 12:17:00-04:00,7453.240234375,7453.669921875,7452.27978515625,7453.52978515625,4448000
2026-07-24 12:18:00-04:00,7455.16015625,7455.68017578125,7453.009765625,7453.27978515625,4391000
2026-07-24 12:19:00-04:00,7455.41015625,7456.43994140625,7454.740234375,7455.06005859375,4458000
2026-07-24 12:20:00-04:00,7457.97021484375,7457.97021484375,7455.18017578125,7455.4599609375,3828000
2026-07-24 12:21:00-04:00,7456.33984375,7458.39013671875,7455.419921875,7457.85009765625,3983000
2026-07-24 12:22:00-04:00,7458.47998046875,7458.47998046875,7455.64013671875,7456.27978515625,3391000
2026-07-24 12:23:00-04:00,7457.60986328125,7458.33984375,7457.10986328125,7458.33984375,3591000
2026-07-24 12:24:00-04:00,7457.2998046875,7458.18017578125,7456.4599609375,7457.6298828125,4315000
2026-07-24 12:25:00-04:00,7458.10009765625,7458.14990234375,7456.22021484375,7457.22998046875,3936000
2026-07-24 12:26:00-04:00,7458.60009765625,7458.72998046875,7457.7900390625,7458.35986328125,3641000
2026-07-24 12:27:00-04:00,7457.52001953125,7458.990234375,7457.52001953125,7458.669921875,3556000
2026-07-24 12:28:00-04:00,7456.990234375,7457.97021484375,7456.68994140625,7457.43994140625,3469000
2026-07-24 12:29:00-04:00,7455.580078125,7457.22998046875,7455.580078125,7456.89013671875,3364000
2026-07-24 12:30:00-04:00,7450.77978515625,7455.66015625,7449.14990234375,7455.5400390625,7773000
2026-07-24 12:31:00-04:00,7450.93994140625,7451.259765625,7449.2900390625,7450.68994140625,4415000
2026-07-24 12:32:00-04:00,7450.1298828125,7451.56982421875,7449.02978515625,7450.759765625,3459000
2026-07-24 12:33:00-04:00,7448.3701171875,7450.919921875,7448.2099609375,7450.1298828125,3175000
2026-07-24 12:34:00-04:00,7449.14013671875,7450.35009765625,7448.18017578125,7448.31005859375,4331000
2026-07-24 12:35:00-04:00,7450.08984375,7450.509765625,7448.4599609375,7449.14013671875,3314000
2026-07-24 12:36:00-04:00,7450.0400390625,7451.14990234375,7449.3798828125,7450.08984375,3979000
2026-07-24 12:37:00-04:00,7449.97998046875,7450.02001953125,7448.27001953125,7449.990234375,3601000
2026-07-24 12:38:00-04:00,7446.919921875,7450.56982421875,7446.919921875,7450.08984375,3324000
2026-07-24 12:39:00-04:00,7446.580078125,7447.89990234375,7446.3701171875,7446.77978515625,3265000
2026-07-24 12:40:00-04:00,7445.0,7446.6298828125,7444.330078125,7446.6298828125,3671000
2026-07-24 12:41:00-04:00,7444.06982421875,7444.52001953125,7443.27978515625,7444.4599609375,3874000
2026-07-24 12:42:00-04:00,7443.72021484375,7444.6201171875,7442.52001953125,7444.47021484375,3188000
2026-07-24 12:43:00-04:00,7442.66015625,7444.2001953125,7441.66015625,7443.740234375,4199000
2026-07-24 12:44:00-04:00,7440.7001953125,7442.580078125,7440.7001953125,7442.5400390625,3611000
2026-07-24 12:45:00-04:00,7441.7998046875,7442.2099609375,7439.509765625,7440.56982421875,3267000
2026-07-24 12:46:00-04:00,7439.7998046875,7442.10009765625,7439.7998046875,7442.02978515625,3184000
2026-07-24 12:47:00-04:00,7437.14013671875,7440.3798828125,7437.02001953125,7439.81005859375,3232000
2026-07-24 12:48:00-04:00,7435.919921875,7437.2001953125,7435.2900390625,7437.14013671875,4534000
2026-07-24 12:49:00-04:00,7435.830078125,7436.77978515625,7434.2001953125,7435.7998046875,4247000
2026-07-24 12:50:00-04:00,7435.68017578125,7436.669921875,7434.5,7435.89013671875,3881000
2026-07-24 12:51:00-04:00,7435.5498046875,7436.419921875,7434.740234375,7435.6201171875,4016000
2026-07-24 12:52:00-04:00,7434.14013671875,7435.72998046875,7433.93994140625,7435.47021484375,3883000
2026-07-24 12:53:00-04:00,7433.60986328125,7434.6298828125,7431.990234375,7434.06005859375,4259000
2026-07-24 12:54:00-04:00,7435.27001953125,7436.2900390625,7433.43994140625,7433.68994140625,3255000
2026-07-24 12:55:00-04:00,7436.81982421875,7437.97998046875,7433.64013671875,7435.0,3583000
2026-07-24 12:56:00-04:00,7436.7001953125,7437.25,7435.75,7436.830078125,3708000
2026-07-24 12:57:00-04:00,7439.35986328125,7439.35986328125,7436.77001953125,7436.77001953125,3740000
2026-07-24 12:58:00-04:00,7440.64013671875,7441.330078125,7439.18017578125,7439.4599609375,3867000
2026-07-24 12:59:00-04:00,7439.06005859375,7441.52001953125,7438.9501953125,7440.64990234375,3406000
2026-07-24 13:00:00-04:00,7437.830078125,7439.759765625,7437.56982421875,7438.8701171875,3631000
2026-07-24 13:01:00-04:00,7437.66015625,7437.759765625,7435.0,7437.7001953125,4737000
2026-07-24 13:02:00-04:00,7436.0400390625,7437.75,7435.77001953125,7437.75,3099000
2026-07-24 13:03:00-04:00,7434.97021484375,7436.5400390625,7434.35986328125,7435.93994140625,3446000
2026-07-24 13:04:00-04:00,7435.669921875,7436.240234375,7434.8798828125,7434.8798828125,3111000
2026-07-24 13:05:00-04:00,7436.330078125,7436.93017578125,7435.25,7435.64990234375,3451000
2026-07-24 13:06:00-04:00,7433.06982421875,7436.259765625,7430.27978515625,7436.259765625,8632000
2026-07-24 13:07:00-04:00,7431.2099609375,7432.990234375,7430.8798828125,7432.93017578125,3541000
2026-07-24 13:08:00-04:00,7430.1201171875,7431.2900390625,7428.77001953125,7431.14013671875,3151000
2026-07-24 13:09:00-04:00,7428.89990234375,7430.41015625,7428.3701171875,7429.91015625,3412000
2026-07-24 13:10:00-04:00,7428.81982421875,7430.080078125,7427.06982421875,7428.43994140625,5010000
2026-07-24 13:11:00-04:00,7430.93994140625,7431.7900390625,7428.56005859375,7428.81982421875,3305000
2026-07-24 13:12:00-04:00,7432.18994140625,7433.52001953125,7430.89990234375,7430.89990234375,2901000
2026-07-24 13:13:00-04:00,7433.06005859375,7433.669921875,7431.4501953125,7432.10009765625,2667000
2026-07-24 13:14:00-04:00,7433.240234375,7434.39013671875,7432.85986328125,7432.85986328125,3939000
2026-07-24 13:15:00-04:00,7432.1298828125,7434.2001953125,7432.1298828125,7433.2998046875,2487000
2026-07-24 13:16:00-04:00,7431.83984375,7432.4501953125,7430.89990234375,7432.169921875,3746000
2026-07-24 13:17:00-04:00,7435.41015625,7435.47021484375,7431.740234375,7431.759765625,3559000
2026-07-24 13:18:00-04:00,7437.02978515625,7437.8701171875,7434.2998046875,7435.5498046875,4028000
2026-07-24 13:19:00-04:00,7437.8798828125,7438.47998046875,7436.35986328125,7436.93017578125,3379000
2026-07-24 13:20:00-04:00,7437.18994140625,7438.75,7436.919921875,7437.85009765625,3649000
2026-07-24 13:21:00-04:00,7436.759765625,7438.0400390625,7436.6298828125,7437.259765625,3553000
2026-07-24 13:22:00-04:00,7434.43017578125,7436.990234375,7433.77001953125,7436.47998046875,3569000
2026-07-24 13:23:00-04:00,7434.10009765625,7435.47021484375,7433.85986328125,7434.41015625,3235000
2026-07-24 13:24:00-04:00,7436.22998046875,7436.22998046875,7433.22998046875,7433.8701171875,3788000
2026-07-24 13:25:00-04:00,7436.580078125,7437.10009765625,7434.4501953125,7436.56982421875,3660000
2026-07-24 13:26:00-04:00,7439.009765625,7439.009765625,7436.8701171875,7436.8701171875,3086000
2026-07-24 13:27:00-04:00,7440.66015625,7441.169921875,7438.7998046875,7438.9501953125,3867000
2026-07-24 13:28:00-04:00,7441.27001953125,7441.85986328125,7440.52001953125,7440.89990234375,3369000
2026-07-24 13:29:00-04:00,7441.2099609375,7441.419921875,7439.9501953125,7441.22021484375,3610000
2026-07-24 13:30:00-04:00,7441.43017578125,7442.39990234375,7440.1201171875,7441.259765625,5291000
2026-07-24 13:31:00-04:00,7442.35009765625,7442.66015625,7440.81005859375,7441.4501953125,3810000
2026-07-24 13:32:00-04:00,7441.5498046875,7442.8701171875,7440.8701171875,7442.43994140625,3786000
2026-07-24 13:33:00-04:00,7443.81005859375,7444.2099609375,7441.2099609375,7441.89013671875,4257000
2026-07-24 13:34:00-04:00,7445.47998046875,7445.47998046875,7443.2998046875,7443.81982421875,4207000
2026-07-24 13:35:00-04:00,7444.83984375,7445.52001953125,7444.58984375,7445.5,3636000
2026-07-24 13:36:00-04:00,7443.14013671875,7445.10009765625,7442.64013671875,7444.91015625,4001000
2026-07-24 13:37:00-04:00,7440.5498046875,7443.16015625,7440.240234375,7443.14990234375,3857000
2026-07-24 13:38:00-04:00,7440.81982421875,7441.52001953125,7439.7998046875,7440.5498046875,3904000
2026-07-24 13:39:00-04:00,7439.06982421875,7441.080078125,7438.16015625,7440.93994140625,3881000
2026-07-24 13:40:00-04:00,7437.43994140625,7439.02001953125,7436.759765625,7438.9501953125,3661000
2026-07-24 13:41:00-04:00,7436.64990234375,7437.27001953125,7435.43994140625,7437.27001953125,3688000
2026-07-24 13:42:00-04:00,7436.14013671875,7436.830078125,7435.3798828125,7436.66015625,3925000
2026-07-24 13:43:00-04:00,7435.740234375,7436.77978515625,7435.64013671875,7436.10986328125,2968000
2026-07-24 13:44:00-04:00,7434.580078125,7437.06982421875,7434.580078125,7435.669921875,3349000
2026-07-24 13:45:00-04:00,7433.93017578125,7434.64013671875,7433.22021484375,7434.64013671875,3918000
2026-07-24 13:46:00-04:00,7436.27978515625,7436.77978515625,7434.1298828125,7434.2001953125,3335000
2026-07-24 13:47:00-04:00,7435.27978515625,7437.39990234375,7434.85986328125,7436.330078125,3113000
2026-07-24 13:48:00-04:00,7434.68994140625,7435.25,7433.490234375,7435.25,4084000
2026-07-24 13:49:00-04:00,7436.52978515625,7436.68994140625,7434.56005859375,7434.60009765625,4066000
2026-07-24 13:50:00-04:00,7437.7900390625,7437.8701171875,7435.75,7436.56982421875,3611000
2026-07-24 13:51:00-04:00,7434.81982421875,7439.02978515625,7434.81982421875,7437.89990234375,3205000
2026-07-24 13:52:00-04:00,7434.3798828125,7434.9501953125,7433.91015625,7434.85986328125,3464000
2026-07-24 13:53:00-04:00,7435.27001953125,7435.77978515625,7434.47021484375,7434.47021484375,3418000
2026-07-24 13:54:00-04:00,7436.330078125,7436.52001953125,7435.009765625,7435.18017578125,2924000
2026-07-24 13:55:00-04:00,7435.419921875,7437.52001953125,7435.419921875,7436.27978515625,3230000
2026-07-24 13:56:00-04:00,7436.83984375,7436.89013671875,7434.97998046875,7435.259765625,3553000
2026-07-24 13:57:00-04:00,7434.93994140625,7436.7998046875,7434.85009765625,7436.7998046875,3538000
2026-07-24 13:58:00-04:00,7435.39013671875,7436.06982421875,7434.5400390625,7434.89013671875,3502000
2026-07-24 13:59:00-04:00,7433.91015625,7435.5400390625,7433.91015625,7435.33984375,3550000
2026-07-24 14:00:00-04:00,7435.4501953125,7435.509765625,7433.419921875,7433.89990234375,3913000
2026-07-24 14:01:00-04:00,7433.22021484375,7436.43994140625,7433.22021484375,7435.419921875,3781000
2026-07-24 14:02:00-04:00,7433.27001953125,7433.60009765625,7432.18994140625,7433.009765625,4221000
2026-07-24 14:03:00-04:00,7431.66015625,7433.56982421875,7431.52001953125,7433.2900390625,3736000
2026-07-24 14:04:00-04:00,7432.58984375,7432.740234375,7431.52978515625,7431.68017578125,3633000
2026-07-24 14:05:00-04:00,7432.5400390625,7432.60986328125,7431.740234375,7432.509765625,4006000
2026-07-24 14:06:00-04:00,7431.81005859375,7433.18994140625,7431.56982421875,7432.4599609375,4196000
2026-07-24 14:07:00-04:00,7435.419921875,7435.419921875,7432.06982421875,7432.10009765625,4484000
2026-07-24 14:08:00-04:00,7434.85986328125,7436.43017578125,7434.85986328125,7435.4599609375,4047000
2026-07-24 14:09:00-04:00,7433.56982421875,7435.740234375,7433.56982421875,7434.77978515625,4073000
2026-07-24 14:10:00-04:00,7432.47021484375,7434.14990234375,7432.2001953125,7433.60009765625,4376000
2026-07-24 14:11:00-04:00,7431.22998046875,7432.43994140625,7430.8798828125,7432.25,4063000
2026-07-24 14:12:00-04:00,7430.43994140625,7431.240234375,7429.509765625,7431.080078125,5252000
2026-07-24 14:13:00-04:00,7429.6298828125,7431.02001953125,7429.5400390625,7430.52978515625,3654000
2026-07-24 14:14:00-04:00,7429.56982421875,7430.35986328125,7428.990234375,7429.7099609375,3597000
2026-07-24 14:15:00-04:00,7429.14990234375,7429.6201171875,7428.35986328125,7429.490234375,3861000
2026-07-24 14:16:00-04:00,7428.93017578125,7429.52978515625,7427.9599609375,7429.169921875,3833000
2026-07-24 14:17:00-04:00,7428.669921875,7430.080078125,7428.66015625,7428.81982421875,3580000
2026-07-24 14:18:00-04:00,7428.27001953125,7428.990234375,7426.81982421875,7428.7001953125,4433000
2026-07-24 14:19:00-04:00,7425.419921875,7428.6201171875,7425.2001953125,7428.27001953125,4954000
2026-07-24 14:20:00-04:00,7423.2001953125,7425.52001953125,7423.2001953125,7425.5,4072000
2026-07-24 14:21:00-04:00,7421.85986328125,7423.41015625,7421.72021484375,7423.169921875,3969000
2026-07-24 14:22:00-04:00,7422.08984375,7422.7001953125,7421.43994140625,7421.75,3478000
2026-07-24 14:23:00-04:00,7422.669921875,7423.08984375,7420.93017578125,7422.1201171875,4879000
2026-07-24 14:24:00-04:00,7421.56982421875,7423.0400390625,7421.18994140625,7422.759765625,4152000
2026-07-24 14:25:00-04:00,7419.31005859375,7421.9501953125,7418.3701171875,7421.47998046875,4465000
2026-07-24 14:26:00-04:00,7418.25,7419.68994140625,7417.5400390625,7419.35986328125,3732000
2026-07-24 14:27:00-04:00,7416.72998046875,7418.52001953125,7416.4599609375,7418.08984375,4272000
2026-07-24 14:28:00-04:00,7415.52001953125,7416.72021484375,7415.41015625,7416.60986328125,3856000
2026-07-24 14:29:00-04:00,7413.97998046875,7417.0400390625,7413.83984375,7415.60009765625,4447000
2026-07-24 14:30:00-04:00,7413.81005859375,7415.02978515625,7413.52978515625,7413.8701171875,4768000
2026-07-24 14:31:00-04:00,7410.72021484375,7413.85986328125,7410.16015625,7413.85986328125,5757000
2026-07-24 14:32:00-04:00,7410.56005859375,7412.0,7410.5400390625,7410.64990234375,4109000
2026-07-24 14:33:00-04:00,7407.72021484375,7411.52978515625,7407.3798828125,7410.52978515625,4885000
2026-07-24 14:34:00-04:00,7405.52001953125,7408.259765625,7405.1201171875,7407.7900390625,6198000
2026-07-24 14:35:00-04:00,7404.77978515625,7405.64013671875,7402.3798828125,7405.5400390625,7224000
2026-07-24 14:36:00-04:00,7405.81005859375,7409.2998046875,7404.85009765625,7404.85009765625,5657000
2026-07-24 14:37:00-04:00,7405.2099609375,7407.47021484375,7405.06982421875,7405.85009765625,4104000
2026-07-24 14:38:00-04:00,7407.669921875,7408.10009765625,7404.6201171875,7405.22998046875,4502000
2026-07-24 14:39:00-04:00,7406.27978515625,7407.740234375,7403.68017578125,7407.740234375,8549000
2026-07-24 14:40:00-04:00,7402.419921875,7406.27001953125,7402.1201171875,7406.27001953125,5209000
2026-07-24 14:41:00-04:00,7401.3701171875,7403.85986328125,7401.3701171875,7402.14990234375,5050000
2026-07-24 14:42:00-04:00,7402.240234375,7402.47021484375,7400.14013671875,7401.35986328125,5644000
2026-07-24 14:43:00-04:00,7403.330078125,7404.27001953125,7402.31005859375,7402.43017578125,4591000
2026-07-24 14:44:00-04:00,7402.1298828125,7404.16015625,7401.830078125,7403.18017578125,5018000
2026-07-24 14:45:00-04:00,7406.47998046875,7406.93994140625,7401.3798828125,7402.06005859375,4979000
2026-07-24 14:46:00-04:00,7408.93017578125,7410.27978515625,7406.9501953125,7406.9501953125,4814000
2026-07-24 14:47:00-04:00,7409.759765625,7410.25,7408.18017578125,7408.52978515625,4299000
2026-07-24 14:48:00-04:00,7407.25,7410.22998046875,7407.2099609375,7409.89013671875,5022000
2026-07-24 14:49:00-04:00,7406.60009765625,7407.52001953125,7406.39013671875,7407.2001953125,3572000
2026-07-24 14:50:00-04:00,7405.68994140625,7408.02978515625,7404.169921875,7406.52978515625,4695000
2026-07-24 14:51:00-04:00,7406.43017578125,7408.64013671875,7405.35009765625,7405.3798828125,4662000
2026-07-24 14:52:00-04:00,7407.60986328125,7407.60986328125,7405.39013671875,7406.56982421875,4185000
2026-07-24 14:53:00-04:00,7407.18017578125,7407.9501953125,7406.16015625,7407.509765625,3806000
2026-07-24 14:54:00-04:00,7405.39990234375,7407.22998046875,7404.22021484375,7407.22998046875,4409000
2026-07-24 14:55:00-04:00,7406.89013671875,7406.89013671875,7404.68017578125,7405.330078125,4185000
2026-07-24 14:56:00-04:00,7409.68994140625,7410.0,7406.35009765625,7406.77978515625,4347000
2026-07-24 14:57:00-04:00,7409.1298828125,7410.259765625,7408.919921875,7409.31982421875,4603000
2026-07-24 14:58:00-04:00,7407.39013671875,7409.33984375,7407.169921875,7408.990234375,4206000
2026-07-24 14:59:00-04:00,7407.4599609375,7408.740234375,7407.2998046875,7407.3798828125,6670000
2026-07-24 15:00:00-04:00,7408.14013671875,7409.08984375,7406.259765625,7407.27978515625,5865000
2026-07-24 15:01:00-04:00,7409.31005859375,7412.02978515625,7408.02001953125,7408.60009765625,6819000
2026-07-24 15:02:00-04:00,7406.60009765625,7409.6298828125,7406.60009765625,7409.02978515625,8243000
2026-07-24 15:03:00-04:00,7406.06005859375,7407.240234375,7405.64013671875,7406.68017578125,5303000
2026-07-24 15:04:00-04:00,7406.169921875,7407.330078125,7405.669921875,7406.169921875,5045000
2026-07-24 15:05:00-04:00,7408.47021484375,7408.93017578125,7405.0,7406.080078125,5457000
2026-07-24 15:06:00-04:00,7406.1201171875,7409.7900390625,7405.72998046875,7408.47021484375,6524000
2026-07-24 15:07:00-04:00,7401.0,7405.990234375,7400.56982421875,7405.990234375,7269000
2026-07-24 15:08:00-04:00,7401.240234375,7402.2998046875,7400.2900390625,7400.97998046875,6002000
2026-07-24 15:09:00-04:00,7399.56982421875,7401.47998046875,7399.0498046875,7401.1298828125,6749000
2026-07-24 15:10:00-04:00,7398.83984375,7400.39013671875,7398.39013671875,7399.56005859375,6923000
2026-07-24 15:11:00-04:00,7400.1298828125,7400.25,7398.6298828125,7399.0498046875,6032000
2026-07-24 15:12:00-04:00,7402.33984375,7405.0400390625,7400.14013671875,7400.14013671875,6881000
2026-07-24 15:13:00-04:00,7401.759765625,7402.75,7401.16015625,7402.330078125,6133000
2026-07-24 15:14:00-04:00,7399.33984375,7401.77001953125,7399.08984375,7401.77001953125,6397000
2026-07-24 15:15:00-04:00,7399.14990234375,7400.31005859375,7398.41015625,7399.31005859375,8246000
2026-07-24 15:16:00-04:00,7398.81982421875,7399.16015625,7397.830078125,7399.14013671875,7111000
2026-07-24 15:17:00-04:00,7399.02001953125,7400.990234375,7398.60986328125,7398.91015625,7124000
2026-07-24 15:18:00-04:00,7399.93994140625,7400.43994140625,7398.56982421875,7399.18994140625,6587000
2026-07-24 15:19:00-04:00,7401.2001953125,7401.2001953125,7399.10986328125,7399.7900390625,6125000
2026-07-24 15:20:00-04:00,7400.6201171875,7401.35009765625,7399.27001953125,7401.35009765625,6271000
2026-07-24 15:21:00-04:00,7402.64990234375,7402.97998046875,7400.14013671875,7400.64013671875,7191000
2026-07-24 15:22:00-04:00,7402.4501953125,7403.2099609375,7401.7900390625,7402.669921875,6507000
2026-07-24 15:23:00-04:00,7400.97998046875,7402.43994140625,7400.43994140625,7402.43994140625,6911000
2026-07-24 15:24:00-04:00,7397.6201171875,7401.10986328125,7396.8701171875,7400.9599609375,6979000
2026-07-24 15:25:00-04:00,7397.4501953125,7398.330078125,7396.52978515625,7397.5498046875,6860000
2026-07-24 15:26:00-04:00,7398.18017578125,7398.18017578125,7396.93017578125,7397.41015625,6064000
2026-07-24 15:27:00-04:00,7399.5,7401.08984375,7398.0,7398.0,6164000
2026-07-24 15:28:00-04:00,7399.759765625,7399.89990234375,7398.18017578125,7399.3798828125,6611000
2026-07-24 15:29:00-04:00,7399.990234375,7401.56982421875,7399.18017578125,7400.06982421875,7796000
2026-07-24 15:30:00-04:00,7401.14990234375,7402.39990234375,7399.8701171875,7399.8701171875,8863000
2026-07-24 15:31:00-04:00,7402.16015625,7403.5,7400.7099609375,7401.18994140625,9280000
2026-07-24 15:32:00-04:00,7404.93994140625,7405.169921875,7402.8701171875,7402.8701171875,10856000
2026-07-24 15:33:00-04:00,7405.39990234375,7406.41015625,7404.14990234375,7404.9501953125,8777000
2026-07-24 15:34:00-04:00,7404.39990234375,7406.81982421875,7404.39990234375,7405.35009765625,7968000
2026-07-24 15:35:00-04:00,7408.52978515625,7409.35009765625,7403.2001953125,7404.1298828125,9851000
2026-07-24 15:36:00-04:00,7405.60986328125,7409.080078125,7405.5400390625,7408.419921875,7742000
2026-07-24 15:37:00-04:00,7407.91015625,7409.4501953125,7405.5498046875,7405.5498046875,7646000
2026-07-24 15:38:00-04:00,7408.2099609375,7408.8798828125,7406.91015625,7407.89990234375,6786000
2026-07-24 15:39:00-04:00,7404.10986328125,7408.64013671875,7403.85986328125,7408.02978515625,7817000
2026-07-24 15:40:00-04:00,7404.83984375,7406.4501953125,7403.9501953125,7404.2900390625,7832000
2026-07-24 15:41:00-04:00,7403.9501953125,7404.81005859375,7402.509765625,7404.81005859375,8463000
2026-07-24 15:42:00-04:00,7403.580078125,7404.06982421875,7402.580078125,7403.81982421875,8830000
2026-07-24 15:43:00-04:00,7403.72021484375,7404.31982421875,7401.4599609375,7403.52001953125,10883000
2026-07-24 15:44:00-04:00,7405.77001953125,7406.0400390625,7403.009765625,7403.64013671875,9124000
2026-07-24 15:45:00-04:00,7402.97998046875,7407.43017578125,7402.43017578125,7406.02978515625,11490000
2026-07-24 15:46:00-04:00,7402.27978515625,7403.02978515625,7401.60986328125,7402.93017578125,8909000
2026-07-24 15:47:00-04:00,7401.64990234375,7403.89013671875,7401.60986328125,7402.1201171875,9817000
2026-07-24 15:48:00-04:00,7401.3701171875,7402.919921875,7400.919921875,7401.64013671875,9895000
2026-07-24 15:49:00-04:00,7406.47998046875,7406.47998046875,7400.8798828125,7401.22998046875,13037000
2026-07-24 15:50:00-04:00,7401.77001953125,7407.35986328125,7401.77001953125,7406.240234375,19354000
2026-07-24 15:51:00-04:00,7400.89013671875,7401.7001953125,7400.330078125,7401.64990234375,15238000
2026-07-24 15:52:00-04:00,7400.68994140625,7401.06005859375,7399.5400390625,7401.06005859375,13178000
2026-07-24 15:53:00-04:00,7403.47998046875,7403.52978515625,7400.3701171875,7401.080078125,15745000
2026-07-24 15:54:00-04:00,7408.02001953125,7408.66015625,7402.85986328125,7403.25,19400000
2026-07-24 15:55:00-04:00,7404.25,7407.9599609375,7404.25,7407.9599609375,29451000
2026-07-24 15:56:00-04:00,7405.5498046875,7406.56982421875,7403.8798828125,7404.25,27063000
2026-07-24 15:57:00-04:00,7407.64990234375,7408.35986328125,7405.7001953125,7405.7001953125,31359000
2026-07-24 15:58:00-04:00,7408.35986328125,7408.85986328125,7406.9599609375,7407.56982421875,45843000
2026-07-24 15:59:00-04:00,7412.8798828125,7414.0400390625,7405.080078125,7408.009765625,89502000
