Price,Close,High,Low,Open,Volume
Ticker,TSLA,TSLA,TSLA,TSLA,TSLA
Datetime,,,,,
2026-07-16 09:30:00-04:00,388.44000244140625,392.5,388.44000244140625,392.3500061035156,1121737
2026-07-16 09:31:00-04:00,388.5899963378906,388.989990234375,387.79998779296875,388.7200012207031,261403
2026-07-16 09:32:00-04:00,387.8699951171875,388.889892578125,387.25,388.4949951171875,200277
2026-07-16 09:33:00-04:00,387.5220031738281,387.92999267578125,387.20001220703125,387.8399963378906,150368
2026-07-16 09:34:00-04:00,388.80499267578125,389.05999755859375,387.4949951171875,387.618408203125,171643
2026-07-16 09:35:00-04:00,388.3299865722656,389.17999267578125,388.014892578125,388.80499267578125,195988
2026-07-16 09:36:00-04:00,388.260009765625,388.3800048828125,387.3299865722656,388.239990234375,194338
2026-07-16 09:37:00-04:00,388.83990478515625,388.84991455078125,387.8605041503906,388.29998779296875,125791
2026-07-16 09:38:00-04:00,388.7550048828125,389.3599853515625,388.6274108886719,388.79998779296875,182775
2026-07-16 09:39:00-04:00,387.8660888671875,388.7900085449219,387.44000244140625,388.739990234375,162513
2026-07-16 09:40:00-04:00,388.7149963378906,389.2200012207031,387.5,387.8902893066406,150376
2026-07-16 09:41:00-04:00,387.80999755859375,388.9837951660156,387.7699890136719,388.68499755859375,108716
2026-07-16 09:42:00-04:00,387.8900146484375,388.5398864746094,387.44000244140625,387.9100036621094,122413
2026-07-16 09:43:00-04:00,387.3599853515625,387.95001220703125,386.70001220703125,387.8900146484375,219317
2026-07-16 09:44:00-04:00,386.6499938964844,388.1000061035156,386.55999755859375,387.3562927246094,143564
2026-07-16 09:45:00-04:00,387.18499755859375,387.70001220703125,386.3999938964844,386.69000244140625,156387
2026-07-16 09:46:00-04:00,387.30499267578125,387.54998779296875,386.8692932128906,387.1441955566406,97533
2026-07-16 09:47:00-04:00,387.17999267578125,387.70001220703125,387.04010009765625,387.3999938964844,71982
2026-07-16 09:48:00-04:00,386.69940185546875,387.5199890136719,386.30999755859375,387.2099914550781,121649
2026-07-16 09:49:00-04:00,386.3692932128906,386.8299865722656,386.1400146484375,386.5899963378906,118967
2026-07-16 09:50:00-04:00,386.29998779296875,386.9800109863281,386.20001220703125,386.3800048828125,135861
2026-07-16 09:51:00-04:00,386.1600036621094,386.8900146484375,386.05999755859375,386.29998779296875,108914
2026-07-16 09:52:00-04:00,386.8399963378906,387.1099853515625,386.0509948730469,386.1300048828125,128960
2026-07-16 09:53:00-04:00,386.4017028808594,386.9822082519531,386.0,386.8299865722656,124200
2026-07-16 09:54:00-04:00,385.7099914550781,386.67999267578125,385.70001220703125,386.3900146484375,118580
2026-07-16 09:55:00-04:00,385.989990234375,386.0,385.32000732421875,385.7650146484375,167241
2026-07-16 09:56:00-04:00,385.9200134277344,386.2296142578125,385.5,385.99951171875,129809
2026-07-16 09:57:00-04:00,385.7850036621094,386.5,385.4599914550781,385.8999938964844,131925
2026-07-16 09:58:00-04:00,386.8599853515625,386.94989013671875,385.7850036621094,385.7850036621094,137143
2026-07-16 09:59:00-04:00,387.1391906738281,387.2799987792969,386.614990234375,386.8599853515625,114188
2026-07-16 10:00:00-04:00,388.7300109863281,388.7499084472656,386.8900146484375,387.07000732421875,196226
2026-07-16 10:01:00-04:00,388.3999938964844,388.79998779296875,387.80010986328125,388.6947021484375,131401
2026-07-16 10:02:00-04:00,389.3399963378906,389.8699951171875,388.3399963378906,388.3599853515625,236698
2026-07-16 10:03:00-04:00,389.9700012207031,390.20001220703125,389.252197265625,389.252197265625,157892
2026-07-16 10:04:00-04:00,388.92889404296875,390.1365966796875,388.8599853515625,389.9649963378906,120641
2026-07-16 10:05:00-04:00,389.9800109863281,390.07000732421875,388.6400146484375,388.9200134277344,124733
2026-07-16 10:06:00-04:00,389.67999267578125,390.3999938964844,389.6499938964844,389.94000244140625,116362
2026-07-16 10:07:00-04:00,390.0,390.2699890136719,389.53009033203125,389.7950134277344,119928
2026-07-16 10:08:00-04:00,390.0,390.3900146484375,389.8581848144531,389.9906005859375,101141
2026-07-16 10:09:00-04:00,390.8299865722656,391.2099914550781,389.65008544921875,390.0249938964844,156758
2026-07-16 10:10:00-04:00,391.1000061035156,391.3299865722656,390.3299865722656,390.9599914550781,114973
2026-07-16 10:11:00-04:00,391.5199890136719,391.8399963378906,390.7037048339844,391.1000061035156,117494
2026-07-16 10:12:00-04:00,392.1400146484375,392.1499938964844,391.0199890136719,391.6698913574219,126179
2026-07-16 10:13:00-04:00,392.94500732421875,393.2699890136719,392.0,392.0,221209
2026-07-16 10:14:00-04:00,392.40771484375,393.19000244140625,392.20001220703125,392.94500732421875,126951
2026-07-16 10:15:00-04:00,392.82000732421875,392.9198913574219,392.05999755859375,392.3450012207031,134824
2026-07-16 10:16:00-04:00,392.3500061035156,393.0199890136719,392.29998779296875,392.82000732421875,88129
2026-07-16 10:17:00-04:00,392.6400146484375,392.70001220703125,392.0,392.4049987792969,83678
2026-07-16 10:18:00-04:00,392.6600036621094,393.0,392.4200134277344,392.6300048828125,83626
2026-07-16 10:19:00-04:00,393.8500061035156,394.1400146484375,392.3900146484375,392.6600036621094,218570
2026-07-16 10:20:00-04:00,393.6449890136719,394.1199951171875,393.54998779296875,393.7799987792969,142395
2026-07-16 10:21:00-04:00,392.94000244140625,393.9100036621094,392.69000244140625,393.6400146484375,112326
2026-07-16 10:22:00-04:00,392.8476867675781,393.05999755859375,392.3515930175781,392.989990234375,120033
2026-07-16 10:23:00-04:00,391.4949951171875,393.0799865722656,391.3999938964844,392.7699890136719,154937
2026-07-16 10:24:00-04:00,391.3999938964844,391.9599914550781,391.2099914550781,391.4731140136719,84115
2026-07-16 10:25:00-04:00,391.3500061035156,391.75,391.05999755859375,391.3399963378906,82523
2026-07-16 10:26:00-04:00,392.6499938964844,392.7594909667969,391.260009765625,391.29998779296875,105668
2026-07-16 10:27:00-04:00,393.7300109863281,393.8800048828125,392.5715026855469,392.614990234375,124475
2026-07-16 10:28:00-04:00,394.5299987792969,394.7799987792969,393.40008544921875,393.82000732421875,150517
2026-07-16 10:29:00-04:00,394.6050109863281,394.989990234375,394.0,394.489990234375,159688
2026-07-16 10:30:00-04:00,393.8399963378906,394.82000732421875,393.7705078125,394.6994934082031,181942
2026-07-16 10:31:00-04:00,393.3299865722656,394.1499938964844,393.1922912597656,393.8399963378906,75192
2026-07-16 10:32:00-04:00,393.8699951171875,394.04998779296875,393.239990234375,393.2950134277344,75815
2026-07-16 10:33:00-04:00,393.6449890136719,393.8999938964844,393.2699890136719,393.8900146484375,89734
2026-07-16 10:34:00-04:00,393.0299987792969,393.6449890136719,392.9700012207031,393.5801086425781,106265
2026-07-16 10:35:00-04:00,393.67498779296875,393.7998962402344,392.9801025390625,393.14520263671875,92685
2026-07-16 10:36:00-04:00,393.6499938964844,394.3299865722656,393.5201110839844,393.7515869140625,69325
2026-07-16 10:37:00-04:00,394.239990234375,394.34991455078125,393.5,393.6199951171875,57562
2026-07-16 10:38:00-04:00,393.8349914550781,394.46990966796875,393.67999267578125,394.239990234375,70032
2026-07-16 10:39:00-04:00,393.510009765625,393.92999267578125,393.3599853515625,393.8349914550781,68543
2026-07-16 10:40:00-04:00,393.2799987792969,393.69000244140625,393.2300109863281,393.4939880371094,48269
2026-07-16 10:41:00-04:00,393.0299987792969,393.2799987792969,392.80999755859375,393.2799987792969,91942
2026-07-16 10:42:00-04:00,393.7049865722656,393.9599914550781,393.0299987792969,393.05999755859375,64109
2026-07-16 10:43:00-04:00,393.6499938964844,393.9800109863281,393.6300048828125,393.7049865722656,67553
2026-07-16 10:44:00-04:00,394.1400146484375,394.239990234375,393.5299987792969,393.69000244140625,77280
2026-07-16 10:45:00-04:00,393.9100036621094,394.25,393.79998779296875,394.1300048828125,74566
2026-07-16 10:46:00-04:00,394.8900146484375,394.8900146484375,393.7200012207031,393.9798889160156,82921
2026-07-16 10:47:00-04:00,394.45001220703125,395.30999755859375,394.2900085449219,394.8999938964844,146183
2026-07-16 10:48:00-04:00,394.360107421875,394.7398986816406,394.2699890136719,394.57501220703125,57691
2026-07-16 10:49:00-04:00,394.20001220703125,394.64990234375,394.04998779296875,394.3599853515625,47304
2026-07-16 10:50:00-04:00,393.6050109863281,394.44000244140625,393.5411071777344,394.20001220703125,69250
2026-07-16 10:51:00-04:00,394.1000061035156,394.239990234375,393.5556945800781,393.614990234375,67215
2026-07-16 10:52:00-04:00,393.67999267578125,394.3399963378906,393.6099853515625,394.1099853515625,51911
2026-07-16 10:53:00-04:00,393.67999267578125,393.83990478515625,393.090087890625,393.7099914550781,62130
2026-07-16 10:54:00-04:00,394.03009033203125,394.19000244140625,393.5799865722656,393.68499755859375,53799
2026-07-16 10:55:00-04:00,392.9700012207031,394.06439208984375,392.6099853515625,394.0599060058594,107921
2026-07-16 10:56:00-04:00,394.1650085449219,394.2200012207031,392.7611999511719,392.9700012207031,59633
2026-07-16 10:57:00-04:00,394.79998779296875,395.1000061035156,393.9505920410156,394.2099914550781,99918
2026-07-16 10:58:00-04:00,394.2049865722656,395.09991455078125,394.1400146484375,394.80999755859375,95779
2026-07-16 10:59:00-04:00,394.3699951171875,394.44000244140625,393.79998779296875,394.2099914550781,58578
2026-07-16 11:00:00-04:00,394.18499755859375,394.5799865722656,393.8605041503906,394.3599853515625,57353
2026-07-16 11:01:00-04:00,393.3999938964844,394.3999938964844,393.37420654296875,394.2998962402344,48900
2026-07-16 11:02:00-04:00,394.25,394.3800048828125,393.360107421875,393.45001220703125,58216
2026-07-16 11:03:00-04:00,393.42999267578125,394.527099609375,393.2799987792969,394.239990234375,71069
2026-07-16 11:04:00-04:00,393.0400085449219,393.6400146484375,392.79998779296875,393.4700012207031,56677
2026-07-16 11:05:00-04:00,393.7300109863281,393.8399963378906,392.4100036621094,393.0450134277344,94241
2026-07-16 11:06:00-04:00,393.02850341796875,393.6700134277344,392.79998779296875,393.6700134277344,53003
2026-07-16 11:07:00-04:00,392.9800109863281,393.2580871582031,392.8500061035156,393.06988525390625,34705
2026-07-16 11:08:00-04:00,393.0450134277344,393.2499084472656,392.8299865722656,393.0,36874
2026-07-16 11:09:00-04:00,393.7781982421875,393.8500061035156,392.7699890136719,392.9949951171875,47757
2026-07-16 11:10:00-04:00,393.375,393.95001220703125,393.2900085449219,393.7550048828125,47394
2026-07-16 11:11:00-04:00,393.3550109863281,393.6700134277344,393.0205993652344,393.4200134277344,45306
2026-07-16 11:12:00-04:00,393.1449890136719,393.4849853515625,392.9851989746094,393.3800048828125,41194
2026-07-16 11:13:00-04:00,392.4599914550781,393.2799987792969,392.3299865722656,393.0101013183594,69933
2026-07-16 11:14:00-04:00,392.7250061035156,392.80999755859375,392.239990234375,392.4403991699219,61607
2026-07-16 11:15:00-04:00,392.7799987792969,392.8399963378906,392.489990234375,392.6700134277344,33674
2026-07-16 11:16:00-04:00,392.7250061035156,392.9999084472656,392.4599914550781,392.7950134277344,36752
2026-07-16 11:17:00-04:00,392.8900146484375,393.1400146484375,392.5600891113281,392.5600891113281,50473
2026-07-16 11:18:00-04:00,393.0249938964844,393.30999755859375,392.830810546875,392.8900146484375,35189
2026-07-16 11:19:00-04:00,392.8550109863281,393.1499938964844,392.54998779296875,393.0799865722656,35930
2026-07-16 11:20:00-04:00,392.79949951171875,392.9700012207031,392.54998779296875,392.8699951171875,40756
2026-07-16 11:21:00-04:00,392.5400085449219,392.8599853515625,392.29949951171875,392.70001220703125,31306
2026-07-16 11:22:00-04:00,392.6000061035156,392.6300048828125,392.0400085449219,392.5950012207031,55164
2026-07-16 11:23:00-04:00,392.8450012207031,393.0,392.5419921875,392.6199951171875,33553
2026-07-16 11:24:00-04:00,393.4049987792969,393.5,392.739990234375,392.81439208984375,82115
2026-07-16 11:25:00-04:00,393.6449890136719,393.7799987792969,393.29998779296875,393.4100036621094,64619
2026-07-16 11:26:00-04:00,394.0249938964844,394.09991455078125,393.6449890136719,393.6449890136719,60846
2026-07-16 11:27:00-04:00,393.7149963378906,394.2900085449219,393.67999267578125,394.0799865722656,65664
2026-07-16 11:28:00-04:00,393.4649963378906,393.8500061035156,393.29998779296875,393.6700134277344,51965
2026-07-16 11:29:00-04:00,393.7300109863281,393.82000732421875,393.260009765625,393.4599914550781,28397
2026-07-16 11:30:00-04:00,393.375,393.82000732421875,393.0000915527344,393.80999755859375,47338
2026-07-16 11:31:00-04:00,394.0299072265625,394.0299072265625,393.32000732421875,393.4045104980469,29938
2026-07-16 11:32:00-04:00,393.8900146484375,394.0400085449219,393.75,394.0150146484375,33496
2026-07-16 11:33:00-04:00,393.8450012207031,393.9800109863281,393.57000732421875,393.82501220703125,31009
2026-07-16 11:34:00-04:00,393.9580078125,394.2300109863281,393.70001220703125,393.889892578125,56715
2026-07-16 11:35:00-04:00,393.93499755859375,394.1199035644531,393.79010009765625,393.8500061035156,35598
2026-07-16 11:36:00-04:00,394.0,394.0,393.7300109863281,393.94000244140625,22772
2026-07-16 11:37:00-04:00,393.9200134277344,394.43560791015625,393.8399963378906,393.8999938964844,42822
2026-07-16 11:38:00-04:00,394.260009765625,394.2799987792969,393.7101135253906,393.8999938964844,34095
2026-07-16 11:39:00-04:00,394.4800109863281,394.58990478515625,394.17999267578125,394.17999267578125,86439
2026-07-16 11:40:00-04:00,393.94000244140625,394.5899963378906,393.93719482421875,394.4800109863281,42832
2026-07-16 11:41:00-04:00,393.375,394.0,393.2401123046875,393.8999938964844,50915
2026-07-16 11:42:00-04:00,393.125,393.44000244140625,393.010009765625,393.3450012207031,38931
2026-07-16 11:43:00-04:00,393.0400085449219,393.5,393.0,393.125,44334
2026-07-16 11:44:00-04:00,393.30999755859375,393.31439208984375,392.8500061035156,393.0,37048
2026-07-16 11:45:00-04:00,392.3699951171875,393.29998779296875,392.010009765625,393.2699890136719,56503
2026-07-16 11:46:00-04:00,392.2300109863281,392.4200134277344,392.0400085449219,392.3500061035156,47508
2026-07-16 11:47:00-04:00,392.4100036621094,392.57000732421875,392.1400146484375,392.25,42982
2026-07-16 11:48:00-04:00,392.6300048828125,392.7449951171875,392.3909912109375,392.4713134765625,29236
2026-07-16 11:49:00-04:00,392.8699951171875,393.0,392.3299865722656,392.6400146484375,53327
2026-07-16 11:50:00-04:00,392.8599853515625,393.0,392.5899963378906,392.8349914550781,40132
2026-07-16 11:51:00-04:00,392.9205017089844,393.25,392.9049987792969,392.95001220703125,56743
2026-07-16 11:52:00-04:00,392.9700012207031,393.0400085449219,392.71051025390625,392.9200134277344,28302
2026-07-16 11:53:00-04:00,392.58880615234375,393.04998779296875,392.5299987792969,393.0398864746094,36357
2026-07-16 11:54:00-04:00,392.7900085449219,392.82000732421875,392.57049560546875,392.5799865722656,20822
2026-07-16 11:55:00-04:00,392.5899963378906,392.9794921875,392.4100036621094,392.80999755859375,43400
2026-07-16 11:56:00-04:00,392.6549987792969,392.8194885253906,392.2300109863281,392.5899963378906,34295
2026-07-16 11:57:00-04:00,392.68499755859375,392.95001220703125,392.54998779296875,392.68499755859375,26837
2026-07-16 11:58:00-04:00,392.6499938964844,392.8900146484375,392.5299987792969,392.7677917480469,21266
2026-07-16 11:59:00-04:00,392.70001220703125,392.7900085449219,392.5426025390625,392.6499938964844,18241
2026-07-16 12:00:00-04:00,392.1600036621094,392.760009765625,392.1600036621094,392.70001220703125,49583
2026-07-16 12:01:00-04:00,391.0950012207031,392.32000732421875,391.05999755859375,392.1400146484375,115244
2026-07-16 12:02:00-04:00,390.30999755859375,391.09490966796875,390.1000061035156,391.09490966796875,160093
2026-07-16 12:03:00-04:00,390.6000061035156,390.7300109863281,390.1199951171875,390.2049865722656,83830
2026-07-16 12:04:00-04:00,390.260009765625,390.8399963378906,390.19000244140625,390.6650085449219,80291
2026-07-16 12:05:00-04:00,389.4599914550781,390.3500061035156,389.3399963378906,390.260009765625,126508
2026-07-16 12:06:00-04:00,389.7550048828125,389.9200134277344,389.3700866699219,389.4200134277344,71051
2026-07-16 12:07:00-04:00,389.6499938964844,390.1000061035156,389.6499938964844,389.70001220703125,63104
2026-07-16 12:08:00-04:00,389.739990234375,390.0299987792969,389.6199951171875,389.7149963378906,45710
2026-07-16 12:09:00-04:00,390.0350036621094,390.1400146484375,389.739990234375,389.739990234375,44332
2026-07-16 12:10:00-04:00,389.3450012207031,390.07000732421875,389.2300109863281,390.0350036621094,91080
2026-07-16 12:11:00-04:00,388.95001220703125,389.5299987792969,388.8800048828125,389.3450012207031,74730
2026-07-16 12:12:00-04:00,388.9299011230469,389.3999938964844,388.7200012207031,388.9800109863281,49422
2026-07-16 12:13:00-04:00,388.92999267578125,389.1000061035156,388.3999938964844,388.8450012207031,73848
2026-07-16 12:14:00-04:00,388.875,389.07000732421875,388.7300109863281,388.8900146484375,46725
2026-07-16 12:15:00-04:00,388.6700134277344,388.8500061035156,388.3699951171875,388.8500061035156,50191
2026-07-16 12:16:00-04:00,388.8599853515625,388.939697265625,388.4599914550781,388.7300109863281,56886
2026-07-16 12:17:00-04:00,388.8999938964844,388.9800109863281,388.510009765625,388.8599853515625,143143
2026-07-16 12:18:00-04:00,389.1600036621094,389.260009765625,388.860107421875,388.885009765625,54265
2026-07-16 12:19:00-04:00,388.94989013671875,389.2799987792969,388.8500061035156,389.1659851074219,60014
2026-07-16 12:20:00-04:00,388.32000732421875,388.95001220703125,388.1300048828125,388.95001220703125,80316
2026-07-16 12:21:00-04:00,388.2698974609375,388.7099914550781,388.2119140625,388.3999938964844,49354
2026-07-16 12:22:00-04:00,388.1099853515625,388.42999267578125,387.79998779296875,388.239990234375,89669
2026-07-16 12:23:00-04:00,388.260009765625,388.3399963378906,387.82000732421875,388.0799865722656,61942
2026-07-16 12:24:00-04:00,388.55999755859375,388.81988525390625,388.1505126953125,388.2950134277344,50867
2026-07-16 12:25:00-04:00,388.80999755859375,388.8999938964844,388.3511962890625,388.5199890136719,52037
2026-07-16 12:26:00-04:00,388.79998779296875,389.0199890136719,388.6099853515625,388.889892578125,54452
2026-07-16 12:27:00-04:00,394.4599914550781,394.4599914550781,388.7850036621094,388.7850036621094,82100
2026-07-16 12:28:00-04:00,389.2499084472656,389.29998779296875,388.79998779296875,388.875,26712
2026-07-16 12:29:00-04:00,389.2898864746094,389.29998779296875,388.95001220703125,389.18499755859375,46277
2026-07-16 12:30:00-04:00,388.9767150878906,389.57000732421875,388.5299987792969,389.2898864746094,85509
2026-07-16 12:31:00-04:00,389.3500061035156,389.3973083496094,388.760009765625,388.9200134277344,46170
2026-07-16 12:32:00-04:00,389.45001220703125,389.6000061035156,389.17999267578125,389.239990234375,38740
2026-07-16 12:33:00-04:00,388.8699951171875,389.55999755859375,388.80999755859375,389.4700012207031,40238
2026-07-16 12:34:00-04:00,388.9800109863281,389.0899963378906,388.80010986328125,388.94500732421875,30889
2026-07-16 12:35:00-04:00,388.635009765625,389.010009765625,388.5201110839844,388.9200134277344,47864
2026-07-16 12:36:00-04:00,389.0299987792969,389.09991455078125,388.5516052246094,388.57000732421875,44736
2026-07-16 12:37:00-04:00,389.1986083984375,389.2300109863281,388.7200012207031,389.1000061035156,35292
2026-07-16 12:38:00-04:00,388.8999938964844,389.3500061035156,388.8599853515625,389.17498779296875,31148
2026-07-16 12:39:00-04:00,388.56500244140625,388.9599914550781,388.3999938964844,388.9599914550781,46200
2026-07-16 12:40:00-04:00,388.510009765625,388.6400146484375,388.32000732421875,388.56500244140625,28555
2026-07-16 12:41:00-04:00,388.5199890136719,388.8500061035156,388.4599914550781,388.6600036621094,28520
2026-07-16 12:42:00-04:00,388.3599853515625,388.70001220703125,388.2699890136719,388.6099853515625,37925
2026-07-16 12:43:00-04:00,388.4800109863281,388.69989013671875,388.3550109863281,388.3599853515625,38136
2026-07-16 12:44:00-04:00,388.3599853515625,388.65521240234375,388.3599853515625,388.4800109863281,31226
2026-07-16 12:45:00-04:00,388.260009765625,388.5199890136719,388.260009765625,388.3599853515625,44311
2026-07-16 12:46:00-04:00,388.30999755859375,388.5299987792969,388.010009765625,388.260009765625,93671
2026-07-16 12:47:00-04:00,388.2699890136719,388.3999938964844,388.05999755859375,388.260009765625,41920
2026-07-16 12:48:00-04:00,388.5899963378906,388.82000732421875,388.2799987792969,388.3900146484375,60318
2026-07-16 12:49:00-04:00,388.3393859863281,388.75,388.2699890136719,388.54998779296875,40885
2026-07-16 12:50:00-04:00,388.1658020019531,388.4100036621094,387.9100036621094,388.4100036621094,60324
2026-07-16 12:51:00-04:00,388.340087890625,388.5599060058594,388.19000244140625,388.2200012207031,45408
2026-07-16 12:52:00-04:00,388.3599853515625,388.6199951171875,388.3399963378906,388.375,27687
2026-07-16 12:53:00-04:00,388.4700012207031,388.59991455078125,388.20001220703125,388.3500061035156,41332
2026-07-16 12:54:00-04:00,388.55999755859375,388.6000061035156,388.29010009765625,388.4700012207031,23648
2026-07-16 12:55:00-04:00,388.6650085449219,388.8800048828125,388.54998779296875,388.6099853515625,55346
2026-07-16 12:56:00-04:00,388.7349853515625,388.8999938964844,388.5899963378906,388.6650085449219,44436
2026-07-16 12:57:00-04:00,388.67498779296875,388.8299865722656,388.510009765625,388.7349853515625,37476
2026-07-16 12:58:00-04:00,388.6650085449219,388.989990234375,388.510009765625,388.68499755859375,51313
2026-07-16 12:59:00-04:00,389.010009765625,389.091796875,388.7001037597656,388.7099914550781,36635
2026-07-16 13:00:00-04:00,388.0,389.1294860839844,388.0,389.0899963378906,64879
2026-07-16 13:01:00-04:00,388.409912109375,388.510009765625,388.010009765625,388.0350036621094,30562
2026-07-16 13:02:00-04:00,388.1700134277344,388.3999938964844,388.0,388.3500061035156,41439
2026-07-16 13:03:00-04:00,388.17999267578125,388.3500061035156,388.0899963378906,388.1799011230469,21763
2026-07-16 13:04:00-04:00,388.364990234375,388.44000244140625,388.1400146484375,388.17999267578125,16432
2026-07-16 13:05:00-04:00,388.239990234375,388.4486083984375,388.1000061035156,388.364990234375,28032
2026-07-16 13:06:00-04:00,388.1300048828125,388.1700134277344,387.8900146484375,388.1000061035156,48524
2026-07-16 13:07:00-04:00,388.3949890136719,388.5950012207031,388.0801086425781,388.0801086425781,33479
2026-07-16 13:08:00-04:00,388.5299987792969,388.5799865722656,388.30999755859375,388.3949890136719,28273
2026-07-16 13:09:00-04:00,388.8800048828125,388.8800048828125,388.4100036621094,388.5249938964844,40642
2026-07-16 13:10:00-04:00,388.5050048828125,389.04998779296875,388.4599914550781,388.9399108886719,55656
2026-07-16 13:11:00-04:00,388.4200134277344,388.60479736328125,388.2099914550781,388.5249938964844,30937
2026-07-16 13:12:00-04:00,388.32000732421875,388.4700012207031,388.1199951171875,388.3399963378906,29526
2026-07-16 13:13:00-04:00,388.2598876953125,388.5400085449219,387.9800109863281,388.2799987792969,36730
2026-07-16 13:14:00-04:00,387.55499267578125,388.1700134277344,387.4200134277344,388.1499938964844,69662
2026-07-16 13:15:00-04:00,387.6799011230469,387.69000244140625,387.3900146484375,387.55499267578125,60127
2026-07-16 13:16:00-04:00,387.67999267578125,387.77899169921875,387.260009765625,387.55999755859375,45374
2026-07-16 13:17:00-04:00,387.4710998535156,387.7300109863281,387.3599853515625,387.6300048828125,36856
2026-07-16 13:18:00-04:00,387.60150146484375,387.6600036621094,387.3299865722656,387.4100036621094,28758
2026-07-16 13:19:00-04:00,387.7200012207031,387.8399963378906,387.6099853515625,387.6600036621094,30112
2026-07-16 13:20:00-04:00,387.67498779296875,387.94989013671875,387.6400146484375,387.82000732421875,29988
2026-07-16 13:21:00-04:00,387.7632141113281,387.8299865722656,387.6099853515625,387.6400146484375,27291
2026-07-16 13:22:00-04:00,387.6449890136719,387.760009765625,387.55999755859375,387.760009765625,23981
2026-07-16 13:23:00-04:00,387.75,387.889892578125,387.6099853515625,387.6499938964844,17390
2026-07-16 13:24:00-04:00,387.5199890136719,387.9700012207031,387.5199890136719,387.7300109863281,25852
2026-07-16 13:25:00-04:00,387.760009765625,387.8489990234375,387.375,387.6366882324219,39316
2026-07-16 13:26:00-04:00,388.0751037597656,388.1700134277344,387.7300109863281,387.80499267578125,46749
2026-07-16 13:27:00-04:00,388.4599914550781,388.6600036621094,387.92999267578125,388.1299133300781,54796
2026-07-16 13:28:00-04:00,388.8200988769531,389.0799865722656,388.42559814453125,388.5,62696
2026-07-16 13:29:00-04:00,389.0150146484375,389.20001220703125,388.7699890136719,388.82049560546875,46292
2026-07-16 13:30:00-04:00,389.1000061035156,389.2300109863281,388.9599914550781,389.0361022949219,61172
2026-07-16 13:31:00-04:00,388.7799987792969,389.1499938964844,388.6600036621094,389.1000061035156,40501
2026-07-16 13:32:00-04:00,388.8299865722656,389.0400085449219,388.7799987792969,388.7799987792969,31699
2026-07-16 13:33:00-04:00,388.55499267578125,388.94000244140625,388.4200134277344,388.760009765625,34402
2026-07-16 13:34:00-04:00,388.32000732421875,388.5199890136719,388.1310119628906,388.5199890136719,48460
2026-07-16 13:35:00-04:00,388.2300109863281,388.32000732421875,388.05999755859375,388.32000732421875,26235
2026-07-16 13:36:00-04:00,388.3699951171875,388.57989501953125,388.2300109863281,388.2300109863281,24974
2026-07-16 13:37:00-04:00,388.0350036621094,388.45001220703125,388.0,388.42999267578125,32696
2026-07-16 13:38:00-04:00,387.8799133300781,388.239990234375,387.80010986328125,388.0400085449219,33171
2026-07-16 13:39:00-04:00,387.5799865722656,387.989990234375,387.4200134277344,387.79998779296875,38640
2026-07-16 13:40:00-04:00,386.9649963378906,387.6299133300781,386.8599853515625,387.54998779296875,121150
2026-07-16 13:41:00-04:00,387.1700134277344,387.25,386.8900146484375,386.989990234375,35633
2026-07-16 13:42:00-04:00,387.07000732421875,387.4200134277344,387.0199890136719,387.2049865722656,52062
2026-07-16 13:43:00-04:00,387.07501220703125,387.1588134765625,386.8699951171875,387.0436096191406,41480
2026-07-16 13:44:00-04:00,387.23040771484375,387.2898864746094,386.9700012207031,387.05999755859375,23740
2026-07-16 13:45:00-04:00,387.1210021972656,387.30999755859375,387.04010009765625,387.239990234375,37253
2026-07-16 13:46:00-04:00,387.69000244140625,387.7099914550781,387.05999755859375,387.17498779296875,36403
2026-07-16 13:47:00-04:00,388.44000244140625,388.4700012207031,387.6000061035156,387.6300048828125,62064
2026-07-16 13:48:00-04:00,389.0199890136719,389.0450134277344,388.2699890136719,388.42999267578125,70684
2026-07-16 13:49:00-04:00,389.19000244140625,389.29998779296875,389.0199890136719,389.1000061035156,60905
2026-07-16 13:50:00-04:00,389.12060546875,389.25,388.9700012207031,389.19000244140625,58368
2026-07-16 13:51:00-04:00,389.0400085449219,389.2383117675781,388.9700012207031,389.0799865722656,29551
2026-07-16 13:52:00-04:00,388.92999267578125,389.010009765625,388.6700134277344,388.9700012207031,41033
2026-07-16 13:53:00-04:00,389.2749938964844,389.3999938964844,388.92010498046875,388.92999267578125,58054
2026-07-16 13:54:00-04:00,388.989990234375,389.2699890136719,388.989990234375,389.2300109863281,25279
2026-07-16 13:55:00-04:00,388.6400146484375,389.1199951171875,388.6099853515625,388.98150634765625,41698
2026-07-16 13:56:00-04:00,388.77850341796875,388.8900146484375,388.360107421875,388.6400146484375,30516
2026-07-16 13:57:00-04:00,388.625,388.7950134277344,388.510009765625,388.7200012207031,18507
2026-07-16 13:58:00-04:00,388.9100036621094,388.9527893066406,388.5899963378906,388.6300048828125,21136
2026-07-16 13:59:00-04:00,388.9049987792969,389.2200012207031,388.8599853515625,388.95001220703125,44849
2026-07-16 14:00:00-04:00,389.17999267578125,389.19000244140625,388.7001037597656,388.94000244140625,24231
2026-07-16 14:01:00-04:00,389.0799865722656,389.3099060058594,388.9700012207031,389.1099853515625,19462
2026-07-16 14:02:00-04:00,388.83050537109375,389.1600036621094,388.80999755859375,389.05999755859375,21309
2026-07-16 14:03:00-04:00,388.7025146484375,388.8900146484375,388.6000061035156,388.80999755859375,21752
2026-07-16 14:04:00-04:00,388.8500061035156,389.07000732421875,388.739990234375,388.739990234375,23189
2026-07-16 14:05:00-04:00,389.06878662109375,389.1899108886719,388.9100036621094,388.989990234375,34058
2026-07-16 14:06:00-04:00,389.2449951171875,389.3999938964844,388.9200134277344,389.0,24540
2026-07-16 14:07:00-04:00,389.5299987792969,389.57000732421875,389.1099853515625,389.2998962402344,36684
2026-07-16 14:08:00-04:00,389.7601013183594,389.8500061035156,389.4100036621094,389.489990234375,67259
2026-07-16 14:09:00-04:00,389.8500061035156,389.8999938964844,389.5400085449219,389.79998779296875,36834
2026-07-16 14:10:00-04:00,390.0,390.20001220703125,389.760009765625,389.8900146484375,98210
2026-07-16 14:11:00-04:00,389.9649963378906,390.17999267578125,389.8800048828125,389.93011474609375,52293
2026-07-16 14:12:00-04:00,389.68060302734375,390.45001220703125,389.6600036621094,390.1400146484375,54713
2026-07-16 14:13:00-04:00,389.760009765625,389.8699951171875,389.57000732421875,389.6700134277344,24175
2026-07-16 14:14:00-04:00,389.3197021484375,389.8501892089844,389.2200012207031,389.760009765625,34458
2026-07-16 14:15:00-04:00,388.75,389.3782043457031,388.7200012207031,389.3349914550781,45417
2026-07-16 14:16:00-04:00,389.30499267578125,389.3999938964844,388.864990234375,388.9299011230469,42688
2026-07-16 14:17:00-04:00,389.5400085449219,389.59991455078125,389.2099914550781,389.314208984375,29566
2026-07-16 14:18:00-04:00,389.75,389.96990966796875,389.44000244140625,389.5018005371094,29578
2026-07-16 14:19:00-04:00,389.7300109863281,389.9100036621094,389.510009765625,389.7650146484375,23614
2026-07-16 14:20:00-04:00,390.0799865722656,390.1400146484375,389.7200012207031,389.7300109863281,34645
2026-07-16 14:21:00-04:00,390.3550109863281,390.3900146484375,389.8599853515625,390.05999755859375,38599
2026-07-16 14:22:00-04:00,390.3999938964844,390.6700134277344,390.2900085449219,390.3299865722656,52682
2026-07-16 14:23:00-04:00,390.6000061035156,390.6632995605469,390.20001220703125,390.3651123046875,39420
2026-07-16 14:24:00-04:00,390.79400634765625,390.82000732421875,390.54998779296875,390.6000061035156,53085
2026-07-16 14:25:00-04:00,390.510009765625,390.8800048828125,390.510009765625,390.7900085449219,37953
2026-07-16 14:26:00-04:00,390.9849853515625,391.04998779296875,390.4599914550781,390.5799865722656,55574
2026-07-16 14:27:00-04:00,390.8349914550781,391.1300048828125,390.7699890136719,390.9849853515625,43595
2026-07-16 14:28:00-04:00,390.7650146484375,391.19000244140625,390.7099914550781,390.8599853515625,64244
2026-07-16 14:29:00-04:00,390.55499267578125,390.82000732421875,390.42999267578125,390.7650146484375,41928
2026-07-16 14:30:00-04:00,390.5,390.6000061035156,390.3500061035156,390.5899963378906,46761
2026-07-16 14:31:00-04:00,390.8800048828125,390.8800048828125,390.4800109863281,390.5,43836
2026-07-16 14:32:00-04:00,390.760009765625,391.05999755859375,390.68011474609375,390.8699951171875,40016
2026-07-16 14:33:00-04:00,390.6499938964844,390.8999938964844,390.6300048828125,390.7200012207031,47104
2026-07-16 14:34:00-04:00,390.4949951171875,390.7998962402344,390.3900146484375,390.7300109863281,30717
2026-07-16 14:35:00-04:00,389.70001220703125,390.45001220703125,389.57000732421875,390.45001220703125,82993
2026-07-16 14:36:00-04:00,389.6650085449219,389.9049987792969,389.5199890136719,389.7698974609375,52376
2026-07-16 14:37:00-04:00,389.69500732421875,389.7799987792969,389.4100036621094,389.67498779296875,31973
2026-07-16 14:38:00-04:00,389.6700134277344,389.8794860839844,389.6300048828125,389.70001220703125,38242
2026-07-16 14:39:00-04:00,389.5946960449219,389.739990234375,389.5,389.6300048828125,49713
2026-07-16 14:40:00-04:00,389.2799987792969,389.6000061035156,389.1615905761719,389.5299987792969,40992
2026-07-16 14:41:00-04:00,389.63330078125,389.6499938964844,389.2349853515625,389.2349853515625,32017
2026-07-16 14:42:00-04:00,389.6499938964844,389.7799987792969,389.4800109863281,389.69000244140625,31882
2026-07-16 14:43:00-04:00,389.8299865722656,389.989990234375,389.6199951171875,389.6499938964844,33980
2026-07-16 14:44:00-04:00,390.0799865722656,390.1499938964844,389.79998779296875,389.8500061035156,29968
2026-07-16 14:45:00-04:00,390.3500061035156,390.6300048828125,389.8999938964844,390.0801086425781,74360
2026-07-16 14:46:00-04:00,390.67999267578125,390.8599853515625,390.385009765625,390.385009765625,52929
2026-07-16 14:47:00-04:00,390.9049987792969,391.0498962402344,390.6700134277344,390.7898864746094,38168
2026-07-16 14:48:00-04:00,390.81671142578125,391.09991455078125,390.70001220703125,390.9049987792969,33980
2026-07-16 14:49:00-04:00,390.7699890136719,391.0799865722656,390.739990234375,390.7699890136719,37437
2026-07-16 14:50:00-04:00,390.7349853515625,390.8699951171875,390.6199951171875,390.8699951171875,41399
2026-07-16 14:51:00-04:00,390.5050048828125,390.79998779296875,390.3963928222656,390.7349853515625,58821
2026-07-16 14:52:00-04:00,390.3299865722656,390.64990234375,390.260009765625,390.54998779296875,38112
2026-07-16 14:53:00-04:00,390.4949951171875,390.55999755859375,390.1709899902344,390.375,29480
2026-07-16 14:54:00-04:00,390.69000244140625,390.75,390.42999267578125,390.42999267578125,30034
2026-07-16 14:55:00-04:00,390.42449951171875,390.760009765625,390.42401123046875,390.6400146484375,19922
2026-07-16 14:56:00-04:00,390.385009765625,390.6099853515625,390.29998779296875,390.45001220703125,32839
2026-07-16 14:57:00-04:00,390.125,390.5799865722656,390.0299987792969,390.3699951171875,37948
2026-07-16 14:58:00-04:00,390.4649963378906,390.510009765625,390.07000732421875,390.0899963378906,28956
2026-07-16 14:59:00-04:00,390.3999938964844,390.55999755859375,390.3599853515625,390.4100036621094,22343
2026-07-16 15:00:00-04:00,390.9700012207031,390.9700012207031,390.260009765625,390.4100036621094,51140
2026-07-16 15:01:00-04:00,390.8599853515625,390.989990234375,390.6000061035156,390.9700012207031,39495
2026-07-16 15:02:00-04:00,390.8999938964844,391.07989501953125,390.79998779296875,390.8800048828125,26490
2026-07-16 15:03:00-04:00,390.9649963378906,391.04998779296875,390.7900085449219,390.8599853515625,32197
2026-07-16 15:04:00-04:00,390.79998779296875,391.139892578125,390.7650146484375,391.0,44037
2026-07-16 15:05:00-04:00,390.92498779296875,390.998291015625,390.75,390.8500061035156,18518
2026-07-16 15:06:00-04:00,390.3299865722656,390.989990234375,390.3299865722656,390.92498779296875,52211
2026-07-16 15:07:00-04:00,390.125,390.4399108886719,389.7560119628906,390.3699951171875,54275
2026-07-16 15:08:00-04:00,390.0899963378906,390.3599853515625,389.95001220703125,390.125,32022
2026-07-16 15:09:00-04:00,390.3399963378906,390.4200134277344,389.989990234375,390.1099853515625,34015
2026-07-16 15:10:00-04:00,390.510009765625,390.69000244140625,390.05999755859375,390.2799987792969,40959
2026-07-16 15:11:00-04:00,390.9200134277344,391.1000061035156,390.4200134277344,390.5,47074
2026-07-16 15:12:00-04:00,390.9200134277344,391.0899963378906,390.8399963378906,390.875,35244
2026-07-16 15:13:00-04:00,390.9649963378906,391.34991455078125,390.8299865722656,390.92498779296875,74780
2026-07-16 15:14:00-04:00,390.8800048828125,391.0,390.7300109863281,390.989990234375,55933
2026-07-16 15:15:00-04:00,390.9700012207031,390.9700012207031,390.6499938964844,390.9399108886719,36896
2026-07-16 15:16:00-04:00,391.0050048828125,391.25,390.8699951171875,390.8999938964844,57852
2026-07-16 15:17:00-04:00,390.79998779296875,391.1099853515625,390.68011474609375,391.010009765625,37530
2026-07-16 15:18:00-04:00,390.9800109863281,391.010009765625,390.5101013183594,390.6499938964844,45330
2026-07-16 15:19:00-04:00,390.79998779296875,391.0,390.7650146484375,390.9700012207031,33233
2026-07-16 15:20:00-04:00,390.5400085449219,390.8251037597656,390.3599853515625,390.8251037597656,32737
2026-07-16 15:21:00-04:00,390.9599914550781,391.04998779296875,390.5199890136719,390.5799865722656,34563
2026-07-16 15:22:00-04:00,390.7650146484375,391.04998779296875,390.6199951171875,390.99688720703125,35192
2026-07-16 15:23:00-04:00,390.7349853515625,390.8349914550781,390.6000061035156,390.79168701171875,17477
2026-07-16 15:24:00-04:00,390.79998779296875,390.9100036621094,390.5899963378906,390.7300109863281,20329
2026-07-16 15:25:00-04:00,390.1700134277344,390.80999755859375,390.0899963378906,390.7699890136719,56189
2026-07-16 15:26:00-04:00,389.8399963378906,390.3299865722656,389.79998779296875,390.17999267578125,54242
2026-07-16 15:27:00-04:00,390.03070068359375,390.14990234375,389.739990234375,389.80499267578125,40978
2026-07-16 15:28:00-04:00,390.30999755859375,390.39990234375,390.04010009765625,390.04010009765625,29242
2026-07-16 15:29:00-04:00,390.30499267578125,390.54998779296875,390.25,390.25,35526
2026-07-16 15:30:00-04:00,390.3299865722656,390.5950012207031,390.07000732421875,390.2300109863281,56091
2026-07-16 15:31:00-04:00,389.8450012207031,390.3598937988281,389.7699890136719,390.3299865722656,47323
2026-07-16 15:32:00-04:00,390.05999755859375,390.1098937988281,389.79998779296875,389.8500061035156,31986
2026-07-16 15:33:00-04:00,390.135009765625,390.1600036621094,389.92999267578125,390.05999755859375,27579
2026-07-16 15:34:00-04:00,390.7950134277344,390.82989501953125,390.07000732421875,390.1600036621094,67150
2026-07-16 15:35:00-04:00,390.6199951171875,390.9200134277344,390.5299987792969,390.7200012207031,69498
2026-07-16 15:36:00-04:00,390.5849914550781,390.7200012207031,390.45001220703125,390.6261901855469,33080
2026-07-16 15:37:00-04:00,390.7300109863281,390.79998779296875,390.5150146484375,390.5849914550781,31285
2026-07-16 15:38:00-04:00,390.80999755859375,390.8900146484375,390.6401062011719,390.739990234375,39435
2026-07-16 15:39:00-04:00,390.6199951171875,390.9700012207031,390.57000732421875,390.8251037597656,33801
2026-07-16 15:40:00-04:00,390.385009765625,390.6650085449219,390.1700134277344,390.6650085449219,39478
2026-07-16 15:41:00-04:00,390.67999267578125,390.79998779296875,390.4100036621094,390.4200134277344,40977
2026-07-16 15:42:00-04:00,390.42498779296875,390.7099914550781,390.3901062011719,390.6400146484375,44821
2026-07-16 15:43:00-04:00,390.510009765625,390.5299987792969,390.239990234375,390.44000244140625,30309
2026-07-16 15:44:00-04:00,389.9200134277344,390.4200134277344,389.85980224609375,390.3800048828125,65421
2026-07-16 15:45:00-04:00,389.7699890136719,389.8949890136719,389.44000244140625,389.8599853515625,90369
2026-07-16 15:46:00-04:00,389.5799865722656,389.8299865722656,389.4599914550781,389.75,52024
2026-07-16 15:47:00-04:00,389.635009765625,389.95001220703125,389.54998779296875,389.6300048828125,54045
2026-07-16 15:48:00-04:00,389.6050109863281,389.681884765625,389.3500061035156,389.6099853515625,98311
2026-07-16 15:49:00-04:00,390.06500244140625,390.20001220703125,389.55999755859375,389.6099853515625,76114
2026-07-16 15:50:00-04:00,390.9100036621094,391.04998779296875,390.1199951171875,390.1400146484375,111722
2026-07-16 15:51:00-04:00,391.1199951171875,391.1600036621094,390.7099914550781,390.9599914550781,98392
2026-07-16 15:52:00-04:00,391.1700134277344,391.70001220703125,390.70001220703125,391.1549987792969,206071
2026-07-16 15:53:00-04:00,391.5899963378906,391.6400146484375,391.07000732421875,391.19500732421875,114442
2026-07-16 15:54:00-04:00,391.4049987792969,391.8500061035156,391.1000061035156,391.5899963378906,109077
2026-07-16 15:55:00-04:00,391.07000732421875,391.5799865722656,391.0,391.4599914550781,88019
2026-07-16 15:56:00-04:00,391.0400085449219,391.1700134277344,390.7300109863281,391.1400146484375,118319
2026-07-16 15:57:00-04:00,390.8299865722656,391.19000244140625,390.5107116699219,391.0299987792969,101388
2026-07-16 15:58:00-04:00,391.05999755859375,391.0899963378906,390.7699890136719,390.8599853515625,115354
2026-07-16 15:59:00-04:00,391.1000061035156,391.2200012207031,390.92999267578125,391.06500244140625,309390
2026-07-17 09:30:00-04:00,381.5,382.1499938964844,379.989990234375,381.7799987792969,2099200
2026-07-17 09:31:00-04:00,382.0,383.0,381.1700134277344,381.44000244140625,202152
2026-07-17 09:32:00-04:00,379.29998779296875,382.3305969238281,379.010009765625,381.9800109863281,282919
2026-07-17 09:33:00-04:00,381.9549865722656,382.1700134277344,378.5799865722656,379.5364074707031,471417
2026-07-17 09:34:00-04:00,381.54998779296875,382.489990234375,381.223388671875,381.947509765625,141880
2026-07-17 09:35:00-04:00,380.9200134277344,382.0,380.6492004394531,381.63720703125,123389
2026-07-17 09:36:00-04:00,379.4599914550781,381.20001220703125,379.30999755859375,380.80999755859375,190583
2026-07-17 09:37:00-04:00,380.25,380.4100036621094,379.30999755859375,379.44000244140625,215105
2026-07-17 09:38:00-04:00,378.7900085449219,380.5,378.70001220703125,380.25,187973
2026-07-17 09:39:00-04:00,378.3800048828125,378.8099060058594,377.7699890136719,378.7001037597656,280943
2026-07-17 09:40:00-04:00,378.6300964355469,379.20001220703125,378.1549987792969,378.260009765625,144639
2026-07-17 09:41:00-04:00,379.32000732421875,379.7300109863281,378.4007873535156,378.68499755859375,162042
2026-07-17 09:42:00-04:00,377.5050048828125,379.5,377.5,379.30999755859375,187967
2026-07-17 09:43:00-04:00,377.7300109863281,377.7699890136719,377.2200012207031,377.5400085449219,130488
2026-07-17 09:44:00-04:00,377.6499938964844,378.04998779296875,377.2900085449219,377.7300109863281,99385
2026-07-17 09:45:00-04:00,377.83990478515625,378.2699890136719,377.5,377.6099853515625,139531
2026-07-17 09:46:00-04:00,378.6300048828125,379.1000061035156,377.610107421875,377.7749938964844,153682
2026-07-17 09:47:00-04:00,379.81500244140625,379.9700012207031,378.05999755859375,378.69500732421875,138027
2026-07-17 09:48:00-04:00,379.4049987792969,380.1099853515625,379.0950012207031,379.8450012207031,183460
2026-07-17 09:49:00-04:00,379.5950012207031,379.8399963378906,379.0199890136719,379.4800109863281,104381
2026-07-17 09:50:00-04:00,379.75,380.20001220703125,379.1300048828125,379.5950012207031,148446
2026-07-17 09:51:00-04:00,379.55499267578125,380.1400146484375,379.010009765625,379.739990234375,110791
2026-07-17 09:52:00-04:00,379.8550109863281,380.25,379.3699951171875,379.55499267578125,84518
2026-07-17 09:53:00-04:00,380.05999755859375,380.57000732421875,379.75048828125,379.80999755859375,122444
2026-07-17 09:54:00-04:00,380.17498779296875,380.5199890136719,379.82000732421875,380.0450134277344,101448
2026-07-17 09:55:00-04:00,380.20001220703125,380.74969482421875,379.5199890136719,380.1199951171875,122580
2026-07-17 09:56:00-04:00,380.8851013183594,381.1199951171875,380.04998779296875,380.19500732421875,96943
2026-07-17 09:57:00-04:00,381.1099853515625,381.2997131347656,380.20001220703125,380.8800048828125,96483
2026-07-17 09:58:00-04:00,381.1400146484375,381.4800109863281,380.69000244140625,381.1400146484375,123150
2026-07-17 09:59:00-04:00,381.4200134277344,381.54998779296875,380.92999267578125,381.26580810546875,91105
2026-07-17 10:00:00-04:00,382.02508544921875,382.0299987792969,380.7699890136719,381.45001220703125,158990
2026-07-17 10:01:00-04:00,382.0,382.4800109863281,381.8900146484375,382.0,178501
2026-07-17 10:02:00-04:00,381.9549865722656,382.69830322265625,381.93499755859375,382.0450134277344,112269
2026-07-17 10:03:00-04:00,382.4577941894531,382.6600036621094,381.94000244140625,381.9700012207031,111105
2026-07-17 10:04:00-04:00,382.6000061035156,382.6899108886719,381.9433898925781,382.3500061035156,115036
2026-07-17 10:05:00-04:00,382.45318603515625,383.0,382.2200012207031,382.5899963378906,184930
2026-07-17 10:06:00-04:00,382.5899963378906,383.0,382.4501037597656,382.54998779296875,125030
2026-07-17 10:07:00-04:00,381.97119140625,382.8599853515625,381.79998779296875,382.55499267578125,354126
2026-07-17 10:08:00-04:00,382.4150085449219,382.79998779296875,381.8999938964844,382.05499267578125,89219
2026-07-17 10:09:00-04:00,382.24249267578125,382.6195068359375,381.82000732421875,382.4800109863281,72492
2026-07-17 10:10:00-04:00,382.6000061035156,383.0400085449219,382.2799987792969,382.28680419921875,112761
2026-07-17 10:11:00-04:00,382.8900146484375,383.1099853515625,382.3699951171875,382.57000732421875,81832
2026-07-17 10:12:00-04:00,382.20001220703125,383.1499938964844,381.95001220703125,382.8699951171875,91949
2026-07-17 10:13:00-04:00,382.2650146484375,382.4399108886719,381.8399963378906,382.1300048828125,52223
2026-07-17 10:14:00-04:00,382.1700134277344,382.260009765625,381.6199951171875,382.260009765625,74556
2026-07-17 10:15:00-04:00,382.9800109863281,383.1199951171875,382.0621032714844,382.1300048828125,137446
2026-07-17 10:16:00-04:00,382.6449890136719,383.25,382.3599853515625,383.0,61390
2026-07-17 10:17:00-04:00,382.6050109863281,383.2149963378906,382.5,382.6400146484375,90304
2026-07-17 10:18:00-04:00,382.3900146484375,382.69000244140625,382.1499938964844,382.5950012207031,54025
2026-07-17 10:19:00-04:00,381.8699951171875,382.44989013671875,381.7200012207031,382.44989013671875,84791
2026-07-17 10:20:00-04:00,381.6600036621094,382.4200134277344,381.6000061035156,381.92999267578125,63674
2026-07-17 10:21:00-04:00,382.20001220703125,382.25,381.29998779296875,381.6600036621094,76658
2026-07-17 10:22:00-04:00,382.2499084472656,382.3399963378906,381.82000732421875,382.1700134277344,56938
2026-07-17 10:23:00-04:00,381.6099853515625,382.6698913574219,381.6099853515625,382.25,45537
2026-07-17 10:24:00-04:00,382.18170166015625,382.3598937988281,381.6099853515625,381.6400146484375,38168
2026-07-17 10:25:00-04:00,382.0,382.3299865722656,381.8800048828125,382.18499755859375,40285
2026-07-17 10:26:00-04:00,381.7799987792969,382.0,381.6199951171875,381.9200134277344,55424
2026-07-17 10:27:00-04:00,381.6449890136719,381.989990234375,381.29998779296875,381.7699890136719,51056
2026-07-17 10:28:00-04:00,381.31500244140625,381.659912109375,381.1400146484375,381.6499938964844,50181
2026-07-17 10:29:00-04:00,380.95001220703125,381.3900146484375,380.9200134277344,381.3900146484375,80665
2026-07-17 10:30:00-04:00,380.5450134277344,381.20001220703125,380.2799987792969,380.9859924316406,115493
2026-07-17 10:31:00-04:00,379.81988525390625,380.69000244140625,379.6700134277344,380.5450134277344,129387
2026-07-17 10:32:00-04:00,379.0067138671875,379.82000732421875,378.8299865722656,379.82000732421875,143316
2026-07-17 10:33:00-04:00,379.1700134277344,379.4299011230469,378.510009765625,379.0799865722656,118040
2026-07-17 10:34:00-04:00,380.0450134277344,380.5899963378906,379.2101135253906,379.2898864746094,80846
2026-07-17 10:35:00-04:00,380.9599914550781,381.0,379.9601135253906,380.0899963378906,67546
2026-07-17 10:36:00-04:00,380.9800109863281,381.55499267578125,380.8699951171875,380.9700012207031,111590
2026-07-17 10:37:00-04:00,380.70001220703125,381.07000732421875,380.4549865722656,380.8599853515625,80660
2026-07-17 10:38:00-04:00,381.1600036621094,381.3699035644531,380.67999267578125,380.7091064453125,67433
2026-07-17 10:39:00-04:00,381.8949890136719,381.94000244140625,381.1431884765625,381.1600036621094,99467
2026-07-17 10:40:00-04:00,381.45989990234375,381.9042053222656,381.2900085449219,381.7709045410156,52080
2026-07-17 10:41:00-04:00,381.2900085449219,381.59991455078125,381.04998779296875,381.3699951171875,55561
2026-07-17 10:42:00-04:00,380.989990234375,381.4898986816406,380.840087890625,381.2799987792969,51863
2026-07-17 10:43:00-04:00,380.0990905761719,381.0498962402344,380.0400085449219,380.9200134277344,68868
2026-07-17 10:44:00-04:00,380.114990234375,380.4800109863281,380.0299987792969,380.114990234375,53736
2026-07-17 10:45:00-04:00,379.8299865722656,380.2699890136719,379.5400085449219,380.1099853515625,98063
2026-07-17 10:46:00-04:00,379.19000244140625,379.79998779296875,378.69000244140625,379.79998779296875,123733
2026-07-17 10:47:00-04:00,379.9700012207031,380.2681884765625,379.1000061035156,379.2179870605469,71352
2026-07-17 10:48:00-04:00,379.4200134277344,380.010009765625,379.19500732421875,379.9700012207031,81942
2026-07-17 10:49:00-04:00,379.231201171875,379.4200134277344,379.1400146484375,379.4200134277344,41503
2026-07-17 10:50:00-04:00,379.434814453125,379.6099853515625,378.80999755859375,379.19500732421875,68937
2026-07-17 10:51:00-04:00,378.9150085449219,379.4599914550781,378.79998779296875,379.3800048828125,95237
2026-07-17 10:52:00-04:00,379.69500732421875,380.0249938964844,378.8349914550781,378.8349914550781,52640
2026-07-17 10:53:00-04:00,379.70050048828125,379.89990234375,379.6199951171875,379.69500732421875,53873
2026-07-17 10:54:00-04:00,380.026611328125,380.17999267578125,379.70001220703125,379.7300109863281,87584
2026-07-17 10:55:00-04:00,380.7699890136719,380.94000244140625,379.9100036621094,380.08209228515625,67498
2026-07-17 10:56:00-04:00,380.489990234375,380.8999938964844,380.3900146484375,380.760009765625,144287
2026-07-17 10:57:00-04:00,380.5199890136719,380.8699035644531,380.3699951171875,380.489990234375,74229
2026-07-17 10:58:00-04:00,379.9800109863281,380.6700134277344,379.85009765625,380.59991455078125,85484
2026-07-17 10:59:00-04:00,380.2099914550781,380.3299865722656,379.8800048828125,379.8800048828125,42437
2026-07-17 11:00:00-04:00,380.05499267578125,380.4100036621094,380.01190185546875,380.20001220703125,76014
2026-07-17 11:01:00-04:00,380.17999267578125,380.260009765625,379.79998779296875,380.05499267578125,44692
2026-07-17 11:02:00-04:00,380.5799865722656,380.760009765625,379.8901062011719,380.17999267578125,78693
2026-07-17 11:03:00-04:00,380.30999755859375,380.67999267578125,380.1600036621094,380.56500244140625,53645
2026-07-17 11:04:00-04:00,380.2449951171875,380.3999938964844,380.0299987792969,380.3299865722656,36401
2026-07-17 11:05:00-04:00,379.989990234375,380.3500061035156,379.92999267578125,380.19000244140625,41095
2026-07-17 11:06:00-04:00,379.95001220703125,380.04998779296875,379.67999267578125,379.9209899902344,66727
2026-07-17 11:07:00-04:00,379.5799865722656,380.1400146484375,379.3616943359375,379.93499755859375,50846
2026-07-17 11:08:00-04:00,379.9549865722656,380.05999755859375,379.6445007324219,379.7598876953125,29610
2026-07-17 11:09:00-04:00,380.0899963378906,380.2300109863281,379.79998779296875,379.9450988769531,41895
2026-07-17 11:10:00-04:00,379.55999755859375,380.2099914550781,379.4200134277344,380.07000732421875,65154
2026-07-17 11:11:00-04:00,379.44000244140625,379.760009765625,379.3800048828125,379.5899963378906,54571
2026-07-17 11:12:00-04:00,380.0799865722656,380.2099914550781,379.3905029296875,379.42999267578125,47763
2026-07-17 11:13:00-04:00,379.79998779296875,380.1499938964844,379.67999267578125,380.0799865722656,49153
2026-07-17 11:14:00-04:00,379.92999267578125,380.0400085449219,379.70050048828125,379.82000732421875,27674
2026-07-17 11:15:00-04:00,379.8699951171875,380.05999755859375,379.7799987792969,379.9200134277344,43490
2026-07-17 11:16:00-04:00,379.7550048828125,380.1600036621094,379.57000732421875,379.92498779296875,65435
2026-07-17 11:17:00-04:00,380.010009765625,380.07000732421875,379.5799865722656,379.7550048828125,44720
2026-07-17 11:18:00-04:00,380.20001220703125,380.3551940917969,379.8800048828125,380.0,83920
2026-07-17 11:19:00-04:00,380.3699951171875,380.8500061035156,380.1401062011719,380.2049865722656,52902
2026-07-17 11:20:00-04:00,380.3800048828125,380.57000732421875,379.9700012207031,380.3900146484375,45565
2026-07-17 11:21:00-04:00,380.3349914550781,380.45001220703125,380.0,380.3500061035156,38263
2026-07-17 11:22:00-04:00,380.1700134277344,380.5,379.9200134277344,380.260009765625,53226
2026-07-17 11:23:00-04:00,379.510009765625,380.3299865722656,379.42010498046875,380.2300109863281,55879
2026-07-17 11:24:00-04:00,379.56500244140625,379.6099853515625,379.0299987792969,379.45001220703125,89363
2026-07-17 11:25:00-04:00,379.8999938964844,379.8999938964844,379.4700012207031,379.56500244140625,49558
2026-07-17 11:26:00-04:00,379.9800109863281,380.0799865722656,379.7466125488281,379.8500061035156,40585
2026-07-17 11:27:00-04:00,380.239990234375,380.3699951171875,379.94000244140625,380.010009765625,58487
2026-07-17 11:28:00-04:00,380.3699951171875,380.5787048339844,380.0799865722656,380.1700134277344,39092
2026-07-17 11:29:00-04:00,380.65008544921875,380.8800048828125,380.32000732421875,380.37030029296875,63644
2026-07-17 11:30:00-04:00,381.32501220703125,381.3999938964844,380.5299987792969,380.69989013671875,69544
2026-07-17 11:31:00-04:00,381.090087890625,381.4700012207031,381.0400085449219,381.3699951171875,63840
2026-07-17 11:32:00-04:00,380.9700012207031,381.2300109863281,380.2699890136719,381.07000732421875,81280
2026-07-17 11:33:00-04:00,380.5799865722656,381.20001220703125,380.5799865722656,381.0,41943
2026-07-17 11:34:00-04:00,379.5199890136719,380.57000732421875,379.489990234375,380.5,97164
2026-07-17 11:35:00-04:00,379.260009765625,379.57501220703125,378.79998779296875,379.57501220703125,119661
2026-07-17 11:36:00-04:00,380.07000732421875,380.1499938964844,379.1300048828125,379.17999267578125,95214
2026-07-17 11:37:00-04:00,380.6099853515625,380.7099914550781,379.8800964355469,380.0398864746094,85318
2026-07-17 11:38:00-04:00,381.0199890136719,381.07000732421875,380.3599853515625,380.6099853515625,65647
2026-07-17 11:39:00-04:00,380.875,381.2327880859375,380.70001220703125,381.0199890136719,42845
2026-07-17 11:40:00-04:00,380.69500732421875,381.1700134277344,380.69500732421875,380.8800048828125,47721
2026-07-17 11:41:00-04:00,380.1000061035156,380.7398986816406,379.8699951171875,380.7398986816406,54251
2026-07-17 11:42:00-04:00,380.1600036621094,380.31500244140625,379.79998779296875,380.125,57359
2026-07-17 11:43:00-04:00,379.8599853515625,380.29998779296875,379.67999267578125,380.07000732421875,57955
2026-07-17 11:44:00-04:00,380.010009765625,380.3599853515625,379.6700134277344,379.9049987792969,55911
2026-07-17 11:45:00-04:00,379.6499938964844,380.197998046875,379.5299987792969,380.0199890136719,45105
2026-07-17 11:46:00-04:00,380.3450012207031,380.3599853515625,379.5299987792969,379.6239929199219,80981
2026-07-17 11:47:00-04:00,380.6400146484375,380.75,380.260009765625,380.42999267578125,42517
2026-07-17 11:48:00-04:00,380.489990234375,380.71990966796875,380.2099914550781,380.6400146484375,34032
2026-07-17 11:49:00-04:00,380.625,380.67999267578125,380.29998779296875,380.44500732421875,51486
2026-07-17 11:50:00-04:00,380.7349853515625,381.1600036621094,380.44000244140625,380.55999755859375,59899
2026-07-17 11:51:00-04:00,381.0400085449219,381.21990966796875,380.6499938964844,380.8099060058594,43145
2026-07-17 11:52:00-04:00,381.8399963378906,381.8399963378906,381.0299987792969,381.0899963378906,72226
2026-07-17 11:53:00-04:00,381.7950134277344,382.07989501953125,381.7300109863281,381.7300109863281,95528
2026-07-17 11:54:00-04:00,381.739990234375,382.0299987792969,381.5306091308594,381.8500061035156,64451
2026-07-17 11:55:00-04:00,382.43328857421875,382.44000244140625,381.70001220703125,381.79998779296875,72672
2026-07-17 11:56:00-04:00,382.3450012207031,382.8999938964844,382.3450012207031,382.3900146484375,76503
2026-07-17 11:57:00-04:00,382.0849914550781,382.3949890136719,382.010009765625,382.3670959472656,73843
2026-07-17 11:58:00-04:00,382.32000732421875,382.45001220703125,382.04998779296875,382.1050109863281,48062
2026-07-17 11:59:00-04:00,382.4639892578125,382.55999755859375,382.239990234375,382.3599853515625,59629
2026-07-17 12:00:00-04:00,382.8800048828125,383.1000061035156,382.489990234375,382.489990234375,133717
2026-07-17 12:01:00-04:00,381.8301086425781,382.9700012207031,381.5,382.8653869628906,186805
2026-07-17 12:02:00-04:00,382.17498779296875,382.69989013671875,381.80999755859375,381.9150085449219,46775
2026-07-17 12:03:00-04:00,382.2200927734375,382.5950012207031,381.75,382.1099853515625,38724
2026-07-17 12:04:00-04:00,382.18499755859375,382.34368896484375,381.8999938964844,382.31500244140625,38165
2026-07-17 12:05:00-04:00,382.2850036621094,382.5350036621094,382.0,382.18499755859375,70309
2026-07-17 12:06:00-04:00,382.66009521484375,382.66009521484375,382.2200012207031,382.2799987792969,82085
2026-07-17 12:07:00-04:00,382.3399963378906,382.9599914550781,382.25,382.6199951171875,66347
2026-07-17 12:08:00-04:00,382.6600036621094,382.69000244140625,382.2099914550781,382.3399963378906,60449
2026-07-17 12:09:00-04:00,383.1099853515625,383.2149963378906,382.55999755859375,382.6700134277344,68825
2026-07-17 12:10:00-04:00,383.6300048828125,384.0,383.04998779296875,383.114990234375,120722
2026-07-17 12:11:00-04:00,383.3699951171875,383.8089904785156,383.260009765625,383.6700134277344,64772
2026-07-17 12:12:00-04:00,383.55999755859375,383.6600036621094,382.9800109863281,383.2699890136719,61640
2026-07-17 12:13:00-04:00,383.54998779296875,383.7099914550781,383.3999938964844,383.6000061035156,35440
2026-07-17 12:14:00-04:00,383.9599914550781,384.05999755859375,383.5400085449219,383.54998779296875,112867
2026-07-17 12:15:00-04:00,383.8500061035156,384.0199890136719,383.510009765625,383.92999267578125,44908
2026-07-17 12:16:00-04:00,383.7799987792969,384.239990234375,383.7799987792969,383.9100036621094,59713
2026-07-17 12:17:00-04:00,384.04998779296875,384.20001220703125,383.66009521484375,383.80999755859375,63707
2026-07-17 12:18:00-04:00,383.768310546875,384.125,383.67999267578125,384.0799865722656,54795
2026-07-17 12:19:00-04:00,383.70001220703125,383.989990234375,383.6300048828125,383.7601013183594,34262
2026-07-17 12:20:00-04:00,383.69000244140625,383.8799133300781,383.6000061035156,383.6700134277344,53356
2026-07-17 12:21:00-04:00,383.05999755859375,383.68499755859375,383.0299987792969,383.68499755859375,58463
2026-07-17 12:22:00-04:00,382.9100036621094,383.4289855957031,382.8999938964844,383.05999755859375,56952
2026-07-17 12:23:00-04:00,382.42498779296875,382.8900146484375,382.25,382.8900146484375,72765
2026-07-17 12:24:00-04:00,382.2149963378906,382.7300109863281,382.010009765625,382.4200134277344,46648
2026-07-17 12:25:00-04:00,382.8900146484375,383.0299987792969,381.9750061035156,382.19049072265625,127464
2026-07-17 12:26:00-04:00,382.6600036621094,382.94000244140625,382.6000061035156,382.94000244140625,41882
2026-07-17 12:27:00-04:00,383.343505859375,383.58990478515625,382.6109924316406,382.739990234375,70112
2026-07-17 12:28:00-04:00,383.1449890136719,383.3699951171875,383.07000732421875,383.30499267578125,25689
2026-07-17 12:29:00-04:00,382.54998779296875,383.2149963378906,382.5,383.0899963378906,36507
2026-07-17 12:30:00-04:00,382.2950134277344,382.80999755859375,382.1600036621094,382.55999755859375,47369
2026-07-17 12:31:00-04:00,382.94000244140625,383.0398864746094,382.25,382.260009765625,27193
2026-07-17 12:32:00-04:00,383.010009765625,383.1300048828125,382.760009765625,382.95001220703125,36522
2026-07-17 12:33:00-04:00,382.9800109863281,383.29998779296875,382.82000732421875,383.06500244140625,32857
2026-07-17 12:34:00-04:00,382.8800048828125,383.1000061035156,382.80999755859375,382.9800109863281,39411
2026-07-17 12:35:00-04:00,383.07000732421875,383.3800048828125,382.8699951171875,382.909912109375,35234
2026-07-17 12:36:00-04:00,383.6099853515625,383.69500732421875,383.0400085449219,383.04998779296875,47631
2026-07-17 12:37:00-04:00,383.2099914550781,383.70989990234375,383.17999267578125,383.70989990234375,33046
2026-07-17 12:38:00-04:00,383.6600036621094,383.7099914550781,383.17999267578125,383.226806640625,26784
2026-07-17 12:39:00-04:00,383.6449890136719,383.9599914550781,383.5299987792969,383.6199951171875,33075
2026-07-17 12:40:00-04:00,383.3299865722656,383.79998779296875,383.1000061035156,383.6650085449219,32856
2026-07-17 12:41:00-04:00,383.4200134277344,383.6400146484375,383.260009765625,383.2900085449219,26079
2026-07-17 12:42:00-04:00,383.79998779296875,383.8599853515625,383.40008544921875,383.5,28577
2026-07-17 12:43:00-04:00,384.0299987792969,384.1000061035156,383.79998779296875,383.79998779296875,45668
2026-07-17 12:44:00-04:00,384.010009765625,384.0199890136719,383.7502136230469,384.010009765625,26472
2026-07-17 12:45:00-04:00,384.1000061035156,384.3999938964844,384.0,384.010009765625,65725
2026-07-17 12:46:00-04:00,384.010009765625,384.29998779296875,384.0,384.1050109863281,34502
2026-07-17 12:47:00-04:00,384.55010986328125,384.70001220703125,383.94000244140625,384.0450134277344,62320
2026-07-17 12:48:00-04:00,384.989990234375,385.1698913574219,384.5000915527344,384.55999755859375,95376
2026-07-17 12:49:00-04:00,384.7225036621094,385.125,384.6600036621094,384.9800109863281,70675
2026-07-17 12:50:00-04:00,384.5849914550781,384.79998779296875,384.4800109863281,384.75,45119
2026-07-17 12:51:00-04:00,385.0150146484375,385.0599060058594,384.55999755859375,384.6300048828125,45618
2026-07-17 12:52:00-04:00,384.82000732421875,385.2200012207031,384.7099914550781,385.0249938964844,57677
2026-07-17 12:53:00-04:00,384.2099914550781,384.87200927734375,384.1499938964844,384.82000732421875,62782
2026-07-17 12:54:00-04:00,384.2900085449219,384.3599853515625,383.852294921875,384.239990234375,49735
2026-07-17 12:55:00-04:00,384.15570068359375,384.70001220703125,384.15570068359375,384.2900085449219,46634
2026-07-17 12:56:00-04:00,384.2749938964844,384.29669189453125,383.989990234375,384.14080810546875,61839
2026-07-17 12:57:00-04:00,384.0299987792969,384.2698974609375,383.989990234375,384.260009765625,29604
2026-07-17 12:58:00-04:00,384.1211853027344,384.1899108886719,383.93011474609375,384.03509521484375,55126
2026-07-17 12:59:00-04:00,384.1199951171875,384.2300109863281,384.0299987792969,384.07000732421875,25216
2026-07-17 13:00:00-04:00,384.54998779296875,384.6400146484375,384.1050109863281,384.1050109863281,39444
2026-07-17 13:01:00-04:00,384.7900085449219,385.07000732421875,384.510009765625,384.6099853515625,61526
2026-07-17 13:02:00-04:00,384.82501220703125,384.8900146484375,384.5199890136719,384.7799987792969,34922
2026-07-17 13:03:00-04:00,385.05999755859375,385.2492980957031,384.8500061035156,384.8797912597656,39458
2026-07-17 13:04:00-04:00,385.0450134277344,385.14990234375,384.82000732421875,385.0400085449219,28755
2026-07-17 13:05:00-04:00,384.9599914550781,385.1300048828125,384.8999938964844,385.010009765625,38299
2026-07-17 13:06:00-04:00,385.1600036621094,385.2200012207031,384.8800048828125,384.9800109863281,63478
2026-07-17 13:07:00-04:00,385.0700988769531,385.20001220703125,384.95001220703125,385.1650085449219,44605
2026-07-17 13:08:00-04:00,385.3699951171875,385.4700012207031,385.0523986816406,385.0523986816406,288238
2026-07-17 13:09:00-04:00,385.19000244140625,385.4494934082031,385.1499938964844,385.3699951171875,38291
2026-07-17 13:10:00-04:00,385.3399963378906,385.5199890136719,385.19000244140625,385.19500732421875,50267
2026-07-17 13:11:00-04:00,385.4150085449219,385.6899108886719,385.3100891113281,385.3100891113281,53278
2026-07-17 13:12:00-04:00,385.4200134277344,385.6050109863281,385.3699951171875,385.3699951171875,43728
2026-07-17 13:13:00-04:00,385.3999938964844,385.510009765625,385.20001220703125,385.4750061035156,42426
2026-07-17 13:14:00-04:00,385.05499267578125,385.4399108886719,385.0299987792969,385.3999938964844,34669
2026-07-17 13:15:00-04:00,385.0150146484375,385.1700134277344,384.92999267578125,385.05499267578125,53694
2026-07-17 13:16:00-04:00,384.9898986816406,385.1400146484375,384.7200012207031,385.0299987792969,34370
2026-07-17 13:17:00-04:00,384.8299865722656,385.0899963378906,384.8299865722656,384.8800048828125,62251
2026-07-17 13:18:00-04:00,384.6050109863281,384.989990234375,384.5299987792969,384.8800048828125,54373
2026-07-17 13:19:00-04:00,384.3699951171875,384.7200012207031,384.18011474609375,384.635009765625,61704
2026-07-17 13:20:00-04:00,384.32000732421875,384.4200134277344,384.1300048828125,384.3599853515625,27803
2026-07-17 13:21:00-04:00,384.1600036621094,384.45001220703125,384.1499938964844,384.3299865722656,34768
2026-07-17 13:22:00-04:00,384.57000732421875,384.57000732421875,384.19000244140625,384.2200012207031,44362
2026-07-17 13:23:00-04:00,384.4100036621094,384.6499938964844,384.3500061035156,384.57000732421875,32973
2026-07-17 13:24:00-04:00,384.4801025390625,385.20001220703125,384.3608093261719,384.3977966308594,119663
2026-07-17 13:25:00-04:00,384.4700012207031,384.7298889160156,384.4100036621094,384.5849914550781,17504
2026-07-17 13:26:00-04:00,384.5799865722656,384.8900146484375,384.44000244140625,384.4849853515625,36027
2026-07-17 13:27:00-04:00,384.4599914550781,384.659912109375,384.32000732421875,384.5899963378906,35736
2026-07-17 13:28:00-04:00,384.5150146484375,384.739990234375,384.4599914550781,384.4599914550781,21463
2026-07-17 13:29:00-04:00,384.5299987792969,384.63531494140625,384.3900146484375,384.5199890136719,21275
2026-07-17 13:30:00-04:00,384.77459716796875,384.77459716796875,384.4200134277344,384.4949951171875,37050
2026-07-17 13:31:00-04:00,384.5799865722656,384.760009765625,384.5299987792969,384.7049865722656,71105
2026-07-17 13:32:00-04:00,384.44500732421875,384.7200012207031,384.4017028808594,384.6000061035156,21565
2026-07-17 13:33:00-04:00,384.2850036621094,384.5419006347656,384.04998779296875,384.5249938964844,46330
2026-07-17 13:34:00-04:00,384.1499938964844,384.4150085449219,383.8999938964844,384.2702941894531,62767
2026-07-17 13:35:00-04:00,383.9200134277344,384.2099914550781,383.6400146484375,384.1000061035156,52632
2026-07-17 13:36:00-04:00,383.5899963378906,384.04998779296875,383.5400085449219,383.9599914550781,108575
2026-07-17 13:37:00-04:00,383.7300109863281,383.8190002441406,383.55999755859375,383.6213073730469,24088
2026-07-17 13:38:00-04:00,383.4100036621094,383.75,383.2799987792969,383.7004089355469,60252
2026-07-17 13:39:00-04:00,383.1050109863281,383.5299987792969,382.75,383.45001220703125,86408
2026-07-17 13:40:00-04:00,382.8299865722656,383.2300109863281,382.7500915527344,383.0899963378906,31681
2026-07-17 13:41:00-04:00,382.8599853515625,383.0,382.5899963378906,382.75799560546875,57766
2026-07-17 13:42:00-04:00,382.8900146484375,383.1499938964844,382.8500061035156,382.8500061035156,34951
2026-07-17 13:43:00-04:00,383.010009765625,383.1700134277344,382.8399963378906,382.8728942871094,36038
2026-07-17 13:44:00-04:00,383.0400085449219,383.0914001464844,382.8599853515625,383.0400085449219,26065
2026-07-17 13:45:00-04:00,383.17999267578125,383.2760009765625,382.80999755859375,382.95001220703125,41293
2026-07-17 13:46:00-04:00,382.6600036621094,383.19500732421875,382.6300964355469,383.17999267578125,47003
2026-07-17 13:47:00-04:00,382.57000732421875,382.6700134277344,382.2900085449219,382.6700134277344,46238
2026-07-17 13:48:00-04:00,382.69500732421875,382.8399963378906,382.5799865722656,382.5950927734375,29312
2026-07-17 13:49:00-04:00,382.80999755859375,382.9800109863281,382.6099853515625,382.69500732421875,26848
2026-07-17 13:50:00-04:00,382.2349853515625,382.8900146484375,382.17999267578125,382.8900146484375,53151
2026-07-17 13:51:00-04:00,382.3800048828125,382.70001220703125,382.1600036621094,382.2349853515625,156545
2026-07-17 13:52:00-04:00,382.30499267578125,382.4700012207031,382.20001220703125,382.3800048828125,26259
2026-07-17 13:53:00-04:00,382.1300964355469,382.3399963378906,381.9100036621094,382.3399963378906,69544
2026-07-17 13:54:00-04:00,382.1499938964844,382.4200134277344,382.10009765625,382.1400146484375,40928
2026-07-17 13:55:00-04:00,382.13189697265625,382.19000244140625,381.79998779296875,382.1449890136719,45029
2026-07-17 13:56:00-04:00,382.20001220703125,382.3299865722656,382.04998779296875,382.19000244140625,28564
2026-07-17 13:57:00-04:00,382.375,382.3999938964844,382.07000732421875,382.2200012207031,33429
2026-07-17 13:58:00-04:00,382.3349914550781,382.3800048828125,382.1199951171875,382.375,46900
2026-07-17 13:59:00-04:00,382.3999938964844,382.44989013671875,382.2200012207031,382.2799987792969,36620
2026-07-17 14:00:00-04:00,382.1700134277344,382.489990234375,382.0799865722656,382.45001220703125,35703
2026-07-17 14:01:00-04:00,381.80499267578125,382.5299987792969,381.739990234375,382.1400146484375,80501
2026-07-17 14:02:00-04:00,382.1883850097656,382.19000244140625,381.75,381.80499267578125,58440
2026-07-17 14:03:00-04:00,382.55499267578125,382.5799865722656,382.0799865722656,382.135009765625,42643
2026-07-17 14:04:00-04:00,382.3599853515625,382.8066101074219,382.2699890136719,382.57501220703125,51614
2026-07-17 14:05:00-04:00,382.30999755859375,382.45001220703125,382.20001220703125,382.29998779296875,21888
2026-07-17 14:06:00-04:00,381.8900146484375,382.3500061035156,381.8399963378906,382.3500061035156,77121
2026-07-17 14:07:00-04:00,382.42999267578125,382.489990234375,381.80999755859375,381.8900146484375,45064
2026-07-17 14:08:00-04:00,382.1600036621094,382.55999755859375,382.04998779296875,382.4049987792969,48572
2026-07-17 14:09:00-04:00,382.20001220703125,382.2598876953125,382.0899963378906,382.17529296875,28209
2026-07-17 14:10:00-04:00,382.0950012207031,382.3699951171875,382.0,382.2001037597656,33296
2026-07-17 14:11:00-04:00,382.0050048828125,382.1736145019531,381.9100036621094,382.1264953613281,31387
2026-07-17 14:12:00-04:00,381.9700012207031,382.1400146484375,381.92999267578125,382.010009765625,28664
2026-07-17 14:13:00-04:00,382.06500244140625,382.29998779296875,381.9200134277344,382.010009765625,25212
2026-07-17 14:14:00-04:00,381.8500061035156,382.1000061035156,381.70001220703125,382.06768798828125,41770
2026-07-17 14:15:00-04:00,381.69000244140625,381.9700012207031,381.5,381.8500061035156,46803
2026-07-17 14:16:00-04:00,381.5450134277344,381.760009765625,381.5,381.7300109863281,41654
2026-07-17 14:17:00-04:00,381.6199951171875,381.8746032714844,381.4599914550781,381.5400085449219,42265
2026-07-17 14:18:00-04:00,381.8299865722656,381.84991455078125,381.6401062011719,381.7200012207031,23920
2026-07-17 14:19:00-04:00,381.79998779296875,381.9700012207031,381.6000061035156,381.8299865722656,34970
2026-07-17 14:20:00-04:00,381.69000244140625,381.82989501953125,381.5,381.7850036621094,35386
2026-07-17 14:21:00-04:00,381.5150146484375,381.80999755859375,381.29998779296875,381.7049865722656,66267
2026-07-17 14:22:00-04:00,381.8299865722656,381.8299865722656,381.5899963378906,381.6449890136719,19986
2026-07-17 14:23:00-04:00,381.7749938964844,381.9599914550781,381.6600036621094,381.7900085449219,34023
2026-07-17 14:24:00-04:00,381.54998779296875,381.82000732421875,381.3299865722656,381.82000732421875,39558
2026-07-17 14:25:00-04:00,381.3599853515625,381.5950012207031,381.2449951171875,381.5950012207031,37798
2026-07-17 14:26:00-04:00,381.4599914550781,381.5400085449219,381.30999755859375,381.3900146484375,139087
2026-07-17 14:27:00-04:00,381.5799865722656,381.75,381.375,381.42498779296875,41774
2026-07-17 14:28:00-04:00,381.6000061035156,381.6400146484375,381.45001220703125,381.55999755859375,28465
2026-07-17 14:29:00-04:00,381.6499938964844,381.75,381.5950012207031,381.5950012207031,24566
2026-07-17 14:30:00-04:00,381.7099914550781,382.239990234375,381.5950012207031,381.6499938964844,65407
2026-07-17 14:31:00-04:00,381.5950012207031,382.0450134277344,381.57000732421875,381.75,33292
2026-07-17 14:32:00-04:00,381.4700012207031,381.739990234375,381.44000244140625,381.57000732421875,30819
2026-07-17 14:33:00-04:00,381.3599853515625,381.6050109863281,381.30999755859375,381.4800109863281,29690
2026-07-17 14:34:00-04:00,381.5400085449219,381.5997009277344,381.30999755859375,381.35009765625,39137
2026-07-17 14:35:00-04:00,381.4049987792969,381.6199951171875,381.3550109863281,381.5299987792969,20511
2026-07-17 14:36:00-04:00,381.43499755859375,381.6000061035156,381.3699951171875,381.4049987792969,19413
2026-07-17 14:37:00-04:00,381.1650085449219,381.3999938964844,381.0899963378906,381.3999938964844,53885
2026-07-17 14:38:00-04:00,381.3399963378906,381.45001220703125,381.0899963378906,381.1400146484375,21562
2026-07-17 14:39:00-04:00,381.1099853515625,381.34478759765625,381.0,381.32000732421875,38852
2026-07-17 14:40:00-04:00,380.82501220703125,381.1449890136719,380.82000732421875,381.1000061035156,38839
2026-07-17 14:41:00-04:00,380.7301025390625,380.89990234375,380.7300109863281,380.8299865722656,31554
2026-07-17 14:42:00-04:00,380.6650085449219,380.8800048828125,380.5899963378906,380.7699890136719,50779
2026-07-17 14:43:00-04:00,380.68499755859375,380.7799987792969,380.6099853515625,380.67999267578125,33918
2026-07-17 14:44:00-04:00,380.7099914550781,380.7950134277344,380.6000061035156,380.6499938964844,23462
2026-07-17 14:45:00-04:00,380.8399963378906,380.9800109863281,380.5799865722656,380.70001220703125,31176
2026-07-17 14:46:00-04:00,381.05999755859375,381.1099853515625,380.6700134277344,380.8399963378906,29015
2026-07-17 14:47:00-04:00,381.375,381.3890075683594,381.0,381.09991455078125,44706
2026-07-17 14:48:00-04:00,381.55499267578125,381.5899963378906,381.3299865722656,381.375,42275
2026-07-17 14:49:00-04:00,381.3800048828125,381.6506042480469,381.32000732421875,381.5299987792969,40108
2026-07-17 14:50:00-04:00,381.3349914550781,381.4399108886719,381.1000061035156,381.3299865722656,35453
2026-07-17 14:51:00-04:00,381.29998779296875,381.45001220703125,381.2510986328125,381.2919921875,16744
2026-07-17 14:52:00-04:00,381.3800048828125,381.489013671875,381.2001037597656,381.2900085449219,26850
2026-07-17 14:53:00-04:00,381.6300048828125,381.7699890136719,381.45001220703125,381.45001220703125,73480
2026-07-17 14:54:00-04:00,381.9898986816406,382.0,381.57000732421875,381.6400146484375,43068
2026-07-17 14:55:00-04:00,381.93499755859375,382.0899963378906,381.82000732421875,381.93499755859375,61990
2026-07-17 14:56:00-04:00,381.760009765625,381.9599914550781,381.760009765625,381.8999938964844,20609
2026-07-17 14:57:00-04:00,381.8699951171875,382.0199890136719,381.65008544921875,381.8299865722656,23606
2026-07-17 14:58:00-04:00,381.79998779296875,381.989990234375,381.77130126953125,381.8500061035156,23925
2026-07-17 14:59:00-04:00,381.75,381.95001220703125,381.75,381.80499267578125,21850
2026-07-17 15:00:00-04:00,381.5299987792969,381.8699035644531,381.5199890136719,381.739990234375,44142
2026-07-17 15:01:00-04:00,381.4800109863281,381.6099853515625,381.2900085449219,381.55999755859375,57411
2026-07-17 15:02:00-04:00,381.4100036621094,381.5498962402344,381.30999755859375,381.44000244140625,73398
2026-07-17 15:03:00-04:00,381.42999267578125,381.4700012207031,381.2099914550781,381.3900146484375,22825
2026-07-17 15:04:00-04:00,381.4800109863281,381.55999755859375,381.2799987792969,381.42999267578125,20972
2026-07-17 15:05:00-04:00,381.70001220703125,381.7298889160156,381.5,381.5799865722656,26920
2026-07-17 15:06:00-04:00,381.6700134277344,381.8699951171875,381.5899963378906,381.7099914550781,23968
2026-07-17 15:07:00-04:00,381.6000061035156,381.747314453125,381.510009765625,381.7200012207031,22215
2026-07-17 15:08:00-04:00,381.45001220703125,381.7099914550781,381.45001220703125,381.54010009765625,37319
2026-07-17 15:09:00-04:00,381.57501220703125,381.6499938964844,381.4200134277344,381.5400085449219,21550
2026-07-17 15:10:00-04:00,381.4599914550781,381.6099853515625,381.4200134277344,381.5899963378906,28390
2026-07-17 15:11:00-04:00,381.3900146484375,381.4649963378906,381.32000732421875,381.4649963378906,48237
2026-07-17 15:12:00-04:00,381.239990234375,381.4100036621094,381.19000244140625,381.3800048828125,39217
2026-07-17 15:13:00-04:00,381.010009765625,381.39898681640625,381.0,381.2300109863281,36080
2026-07-17 15:14:00-04:00,381.0849914550781,381.1700134277344,380.8999938964844,381.07989501953125,30305
2026-07-17 15:15:00-04:00,381.1700134277344,381.20001220703125,380.9800109863281,381.05999755859375,30103
2026-07-17 15:16:00-04:00,381.25,381.45001220703125,381.07000732421875,381.1449890136719,29429
2026-07-17 15:17:00-04:00,381.3500061035156,381.408203125,381.0950012207031,381.29998779296875,23440
2026-07-17 15:18:00-04:00,381.375,381.57000732421875,381.2300109863281,381.25,41089
2026-07-17 15:19:00-04:00,381.69000244140625,381.8299865722656,381.3699951171875,381.3699951171875,37762
2026-07-17 15:20:00-04:00,381.54998779296875,381.6604919433594,381.3999938964844,381.6600036621094,20858
2026-07-17 15:21:00-04:00,381.45001220703125,381.54998779296875,381.3800048828125,381.5199890136719,24848
2026-07-17 15:22:00-04:00,381.5899963378906,381.6050109863281,381.3599853515625,381.5,27590
2026-07-17 15:23:00-04:00,381.6099853515625,381.7398986816406,381.4599914550781,381.6099853515625,17046
2026-07-17 15:24:00-04:00,381.5299987792969,381.739990234375,381.4800109863281,381.6199951171875,36009
2026-07-17 15:25:00-04:00,381.3900146484375,381.5599060058594,381.32000732421875,381.5249938964844,32728
2026-07-17 15:26:00-04:00,381.3299865722656,381.510009765625,381.1499938964844,381.3900146484375,33224
2026-07-17 15:27:00-04:00,381.6650085449219,381.79998779296875,381.31500244140625,381.44000244140625,55263
2026-07-17 15:28:00-04:00,382.25,382.30999755859375,381.7085876464844,381.70941162109375,66894
2026-07-17 15:29:00-04:00,382.4549865722656,382.5,382.2550048828125,382.2887878417969,69511
2026-07-17 15:30:00-04:00,382.79998779296875,383.2099914550781,382.5,382.5,107359
2026-07-17 15:31:00-04:00,382.7699890136719,382.8900146484375,382.5,382.7699890136719,64779
2026-07-17 15:32:00-04:00,382.614990234375,382.79998779296875,382.4700012207031,382.760009765625,46300
2026-07-17 15:33:00-04:00,382.3299865722656,382.6400146484375,382.2200012207031,382.6300048828125,56018
2026-07-17 15:34:00-04:00,382.1199951171875,382.4100036621094,382.04998779296875,382.3299865722656,48589
2026-07-17 15:35:00-04:00,382.0199890136719,382.239990234375,381.95001220703125,382.07000732421875,48498
2026-07-17 15:36:00-04:00,382.0400085449219,382.1199951171875,381.82000732421875,382.0199890136719,32590
2026-07-17 15:37:00-04:00,382.17498779296875,382.231201171875,381.9599914550781,382.0199890136719,34681
2026-07-17 15:38:00-04:00,381.8599853515625,382.19989013671875,381.8299865722656,382.1650085449219,34360
2026-07-17 15:39:00-04:00,381.8299865722656,381.9100036621094,381.70001220703125,381.8500061035156,36730
2026-07-17 15:40:00-04:00,381.9100036621094,381.95001220703125,381.6000061035156,381.9100036621094,58737
2026-07-17 15:41:00-04:00,381.9576110839844,382.0150146484375,381.7810974121094,381.9100036621094,39372
2026-07-17 15:42:00-04:00,381.5199890136719,381.9200134277344,381.3500061035156,381.8699951171875,62097
2026-07-17 15:43:00-04:00,381.5199890136719,381.64990234375,381.3999938964844,381.5150146484375,29527
2026-07-17 15:44:00-04:00,381.4800109863281,381.6600036621094,381.43499755859375,381.5199890136719,36022
2026-07-17 15:45:00-04:00,381.739990234375,381.89990234375,381.3500061035156,381.44000244140625,56415
2026-07-17 15:46:00-04:00,381.69000244140625,381.8900146484375,381.5199890136719,381.8287048339844,39340
2026-07-17 15:47:00-04:00,381.75,381.8999938964844,381.5899963378906,381.7149963378906,31868
2026-07-17 15:48:00-04:00,381.8599853515625,381.9895935058594,381.67999267578125,381.79998779296875,36799
2026-07-17 15:49:00-04:00,381.8299865722656,382.0199890136719,381.7200012207031,381.8999938964844,62569
2026-07-17 15:50:00-04:00,381.32501220703125,382.0,381.260498046875,381.8500061035156,79873
2026-07-17 15:51:00-04:00,381.94000244140625,382.0299987792969,381.31390380859375,381.3399963378906,74433
2026-07-17 15:52:00-04:00,381.82501220703125,382.0899963378906,381.75,382.010009765625,108920
2026-07-17 15:53:00-04:00,381.5400085449219,381.80999755859375,381.10009765625,381.7699890136719,99766
2026-07-17 15:54:00-04:00,381.2699890136719,381.54998779296875,380.8900146484375,381.510009765625,126556
2026-07-17 15:55:00-04:00,381.739990234375,381.86871337890625,381.3999938964844,381.3999938964844,115122
2026-07-17 15:56:00-04:00,381.697509765625,381.909912109375,381.6199951171875,381.739990234375,101333
2026-07-17 15:57:00-04:00,381.5400085449219,381.7799987792969,381.4599914550781,381.68499755859375,120777
2026-07-17 15:58:00-04:00,381.4049987792969,381.6499938964844,381.3699951171875,381.5400085449219,180513
2026-07-17 15:59:00-04:00,380.69000244140625,381.3800048828125,380.6860046386719,381.3800048828125,507631
2026-07-20 09:30:00-04:00,384.13031005859375,386.489990234375,383.3999938964844,386.0880126953125,967074
2026-07-20 09:31:00-04:00,382.6200866699219,384.5,382.6000061035156,384.1820983886719,185066
2026-07-20 09:32:00-04:00,382.8800048828125,383.19000244140625,381.6000061035156,382.9800109863281,159724
2026-07-20 09:33:00-04:00,382.3500061035156,383.260009765625,381.8800964355469,382.92999267578125,102932
2026-07-20 09:34:00-04:00,381.7724914550781,382.70001220703125,381.5,382.2799987792969,111652
2026-07-20 09:35:00-04:00,381.8479919433594,382.3699951171875,381.3999938964844,381.66009521484375,144997
2026-07-20 09:36:00-04:00,381.1600036621094,382.4399108886719,380.54998779296875,381.9024963378906,220039
2026-07-20 09:37:00-04:00,381.0481872558594,381.59991455078125,380.9100036621094,381.1600036621094,105390
2026-07-20 09:38:00-04:00,381.57501220703125,381.6600036621094,380.8299865722656,381.010009765625,114078
2026-07-20 09:39:00-04:00,381.4700012207031,381.94000244140625,381.0799865722656,381.46038818359375,96428
2026-07-20 09:40:00-04:00,381.25,381.510009765625,380.9700012207031,381.42388916015625,79115
2026-07-20 09:41:00-04:00,381.4599914550781,381.6600036621094,380.7200012207031,381.3299865722656,112213
2026-07-20 09:42:00-04:00,381.489990234375,382.1300048828125,381.17999267578125,381.489990234375,164705
2026-07-20 09:43:00-04:00,381.510009765625,381.7300109863281,380.760009765625,381.4599914550781,136940
2026-07-20 09:44:00-04:00,381.5199890136719,381.9700012207031,381.1300048828125,381.45001220703125,93142
2026-07-20 09:45:00-04:00,382.31988525390625,382.70001220703125,381.35009765625,381.4800109863281,155204
2026-07-20 09:46:00-04:00,381.8699951171875,382.5400085449219,381.5,382.1700134277344,99992
2026-07-20 09:47:00-04:00,381.50860595703125,381.96990966796875,380.8999938964844,381.96990966796875,134770
2026-07-20 09:48:00-04:00,381.0400085449219,381.909912109375,380.739990234375,381.55999755859375,113658
2026-07-20 09:49:00-04:00,380.3608093261719,381.510009765625,380.29998779296875,381.2099914550781,129338
2026-07-20 09:50:00-04:00,379.6400146484375,380.3900146484375,379.6000061035156,380.3399963378906,208895
2026-07-20 09:51:00-04:00,380.489990234375,380.489990234375,379.6400146484375,379.7349853515625,125939
2026-07-20 09:52:00-04:00,379.94000244140625,380.6000061035156,379.75,380.4599914550781,146300
2026-07-20 09:53:00-04:00,379.0799865722656,380.010009765625,379.010009765625,379.8804931640625,175095
2026-07-20 09:54:00-04:00,379.1600036621094,379.4999084472656,378.8599853515625,379.0852966308594,152474
2026-07-20 09:55:00-04:00,378.4599914550781,379.239990234375,378.17999267578125,379.0799865722656,121338
2026-07-20 09:56:00-04:00,378.1000061035156,378.6098937988281,377.6499938964844,378.4599914550781,192638
2026-07-20 09:57:00-04:00,376.96661376953125,378.14990234375,376.79998779296875,378.1000061035156,190001
2026-07-20 09:58:00-04:00,376.10009765625,377.20989990234375,376.1000061035156,376.95001220703125,170736
2026-07-20 09:59:00-04:00,375.6000061035156,376.2200012207031,375.3699951171875,376.1005859375,214068
2026-07-20 10:00:00-04:00,375.57000732421875,375.8500061035156,374.8800048828125,375.6300048828125,299592
2026-07-20 10:01:00-04:00,375.8573913574219,375.8800048828125,375.2001037597656,375.5450134277344,123868
2026-07-20 10:02:00-04:00,376.05999755859375,376.0985107421875,375.5199890136719,375.80999755859375,158057
2026-07-20 10:03:00-04:00,376.5150146484375,376.6000061035156,375.94000244140625,376.07000732421875,156884
2026-07-20 10:04:00-04:00,376.07000732421875,376.95989990234375,375.95001220703125,376.5199890136719,192087
2026-07-20 10:05:00-04:00,376.29998779296875,376.29998779296875,375.7300109863281,376.010009765625,107568
2026-07-20 10:06:00-04:00,376.1600036621094,376.5899963378906,376.0101013183594,376.25,92590
2026-07-20 10:07:00-04:00,376.10009765625,376.39990234375,375.79998779296875,376.1600036621094,133763
2026-07-20 10:08:00-04:00,376.2950134277344,376.5899963378906,376.1400146484375,376.1650085449219,99102
2026-07-20 10:09:00-04:00,376.45001220703125,376.55999755859375,376.1499938964844,376.260009765625,71507
2026-07-20 10:10:00-04:00,375.5299987792969,376.45001220703125,375.4700012207031,376.4049987792969,105599
2026-07-20 10:11:00-04:00,374.94000244140625,375.6600036621094,374.9200134277344,375.5899963378906,151255
2026-07-20 10:12:00-04:00,374.9549865722656,375.20001220703125,374.7200012207031,374.94000244140625,121460
2026-07-20 10:13:00-04:00,375.3399963378906,375.489990234375,374.8399963378906,374.8699951171875,70100
2026-07-20 10:14:00-04:00,374.9920959472656,375.54998779296875,374.8399963378906,375.2590026855469,99717
2026-07-20 10:15:00-04:00,375.4549865722656,375.54998779296875,374.7300109863281,375.0249938964844,105634
2026-07-20 10:16:00-04:00,374.3396911621094,375.55999755859375,374.20001220703125,375.4599914550781,275640
2026-07-20 10:17:00-04:00,374.7250061035156,375.0799865722656,374.2500915527344,374.2500915527344,88231
2026-07-20 10:18:00-04:00,374.989990234375,375.0,374.6000061035156,374.68121337890625,66427
2026-07-20 10:19:00-04:00,374.8699951171875,375.3500061035156,374.8500061035156,374.9800109863281,70897
2026-07-20 10:20:00-04:00,374.55499267578125,375.1400146484375,374.510009765625,374.9700012207031,86760
2026-07-20 10:21:00-04:00,374.4800109863281,374.95001220703125,374.0799865722656,374.5799865722656,147192
2026-07-20 10:22:00-04:00,374.0,374.70989990234375,373.7200012207031,374.55999755859375,140914
2026-07-20 10:23:00-04:00,374.5899963378906,374.6499938964844,373.92999267578125,374.0350036621094,94591
2026-07-20 10:24:00-04:00,374.1400146484375,374.7449951171875,374.0,374.56500244140625,91394
2026-07-20 10:25:00-04:00,374.3599853515625,374.6700134277344,374.114990234375,374.1199951171875,59601
2026-07-20 10:26:00-04:00,374.6650085449219,374.7300109863281,374.1499938964844,374.3599853515625,85076
2026-07-20 10:27:00-04:00,374.4949951171875,374.8800048828125,374.4100036621094,374.739990234375,81754
2026-07-20 10:28:00-04:00,374.1400146484375,374.6199951171875,373.8999938964844,374.4949951171875,99954
2026-07-20 10:29:00-04:00,374.8500061035156,375.0199890136719,374.1700134277344,374.2699890136719,120084
2026-07-20 10:30:00-04:00,375.2699890136719,375.45001220703125,374.7200012207031,374.8569030761719,105855
2026-07-20 10:31:00-04:00,375.239990234375,375.389892578125,374.8301086425781,375.29998779296875,93231
2026-07-20 10:32:00-04:00,374.92999267578125,375.260009765625,374.3800048828125,375.2049865722656,92721
2026-07-20 10:33:00-04:00,374.82501220703125,375.1596984863281,374.6700134277344,374.9049987792969,65543
2026-07-20 10:34:00-04:00,374.8900146484375,375.05999755859375,374.54998779296875,374.82501220703125,72873
2026-07-20 10:35:00-04:00,375.364990234375,375.45001220703125,374.8500061035156,374.8900146484375,54696
2026-07-20 10:36:00-04:00,374.6499938964844,375.45001220703125,374.6499938964844,375.364990234375,88837
2026-07-20 10:37:00-04:00,374.6499938964844,374.82000732421875,374.4200134277344,374.69500732421875,75576
2026-07-20 10:38:00-04:00,374.2799987792969,374.7499084472656,374.2799987792969,374.6650085449219,44335
2026-07-20 10:39:00-04:00,375.3500061035156,375.3500061035156,374.2099914550781,374.28009033203125,87767
2026-07-20 10:40:00-04:00,375.2650146484375,375.5199890136719,375.0400085449219,375.29998779296875,63232
2026-07-20 10:41:00-04:00,374.7900085449219,375.3399963378906,374.7500915527344,375.19000244140625,63768
2026-07-20 10:42:00-04:00,375.1199951171875,375.2200012207031,374.7821044921875,374.8399963378906,58663
2026-07-20 10:43:00-04:00,374.82000732421875,375.3500061035156,374.70001220703125,375.1199951171875,63084
2026-07-20 10:44:00-04:00,374.34478759765625,374.9200134277344,374.20001220703125,374.7699890136719,60920
2026-07-20 10:45:00-04:00,374.44000244140625,374.4800109863281,373.6600036621094,374.2699890136719,135766
2026-07-20 10:46:00-04:00,374.32000732421875,374.5899963378906,374.17999267578125,374.4551086425781,50393
2026-07-20 10:47:00-04:00,373.9700012207031,374.4100036621094,373.93011474609375,374.32000732421875,53160
2026-07-20 10:48:00-04:00,373.77490234375,374.0398864746094,373.3299865722656,373.9849853515625,110863
2026-07-20 10:49:00-04:00,373.82501220703125,373.9700012207031,373.4599914550781,373.69500732421875,52462
2026-07-20 10:50:00-04:00,373.95001220703125,374.2300109863281,373.69000244140625,373.7699890136719,63577
2026-07-20 10:51:00-04:00,373.705810546875,373.99969482421875,373.43109130859375,373.92498779296875,74756
2026-07-20 10:52:00-04:00,373.4776916503906,373.9800109863281,373.41009521484375,373.6650085449219,61157
2026-07-20 10:53:00-04:00,373.1700134277344,373.6400146484375,373.04998779296875,373.4549865722656,105003
2026-07-20 10:54:00-04:00,373.70001220703125,373.79998779296875,373.1000061035156,373.1650085449219,85963
2026-07-20 10:55:00-04:00,373.80499267578125,373.8800048828125,373.5,373.6499938964844,77993
2026-07-20 10:56:00-04:00,373.3500061035156,373.83648681640625,373.04998779296875,373.80499267578125,91913
2026-07-20 10:57:00-04:00,373.2349853515625,373.4440002441406,372.95001220703125,373.3399963378906,117306
2026-07-20 10:58:00-04:00,373.1600036621094,373.39990234375,373.010009765625,373.1700134277344,47333
2026-07-20 10:59:00-04:00,373.3699951171875,373.4999084472656,372.8999938964844,373.1911926269531,76731
2026-07-20 11:00:00-04:00,373.57000732421875,373.739990234375,373.1000061035156,373.3599853515625,53455
2026-07-20 11:01:00-04:00,373.7200012207031,373.9200134277344,373.4599914550781,373.5400085449219,98725
2026-07-20 11:02:00-04:00,374.1000061035156,374.19000244140625,373.5199890136719,373.7550048828125,70785
2026-07-20 11:03:00-04:00,374.1199951171875,374.3500061035156,373.9700012207031,374.1499938964844,70052
2026-07-20 11:04:00-04:00,373.8399963378906,374.2698974609375,373.7401123046875,374.1199951171875,73372
2026-07-20 11:05:00-04:00,373.0412902832031,373.989990234375,372.9501037597656,373.8299865722656,71095
2026-07-20 11:06:00-04:00,373.2250061035156,373.4700012207031,373.05999755859375,373.1000061035156,65790
2026-07-20 11:07:00-04:00,374.04998779296875,374.20001220703125,373.17999267578125,373.2099914550781,52833
2026-07-20 11:08:00-04:00,374.4800109863281,374.56988525390625,374.0400085449219,374.0799865722656,84388
2026-07-20 11:09:00-04:00,374.6000061035156,374.739990234375,374.0899963378906,374.4200134277344,74160
2026-07-20 11:10:00-04:00,374.1400146484375,374.6499938964844,374.1000061035156,374.6000061035156,52340
2026-07-20 11:11:00-04:00,374.20599365234375,374.4198913574219,374.0101013183594,374.1449890136719,39672
2026-07-20 11:12:00-04:00,374.1199951171875,374.45001220703125,374.1000061035156,374.1700134277344,39925
2026-07-20 11:13:00-04:00,374.1050109863281,374.23870849609375,373.8352966308594,374.1460876464844,41982
2026-07-20 11:14:00-04:00,373.6000061035156,374.1199951171875,373.42999267578125,374.1000061035156,74753
2026-07-20 11:15:00-04:00,373.79998779296875,373.79998779296875,373.29998779296875,373.5975036621094,62279
2026-07-20 11:16:00-04:00,373.760009765625,373.8999938964844,373.5299987792969,373.7550048828125,43791
2026-07-20 11:17:00-04:00,373.9599914550781,374.0400085449219,373.6499938964844,373.8800048828125,44719
2026-07-20 11:18:00-04:00,374.0199890136719,374.1499938964844,373.8399963378906,373.9599914550781,46492
2026-07-20 11:19:00-04:00,373.5899963378906,374.04998779296875,373.3399963378906,374.0199890136719,63625
2026-07-20 11:20:00-04:00,373.6199951171875,373.7200012207031,373.2900085449219,373.5899963378906,40942
2026-07-20 11:21:00-04:00,373.948486328125,374.1099853515625,373.5249938964844,373.69000244140625,57743
2026-07-20 11:22:00-04:00,374.0799865722656,374.1199951171875,373.85369873046875,373.9419860839844,38322
2026-07-20 11:23:00-04:00,373.8550109863281,374.29998779296875,373.80999755859375,374.07501220703125,56283
2026-07-20 11:24:00-04:00,373.8599853515625,374.07000732421875,373.69000244140625,373.8778991699219,65708
2026-07-20 11:25:00-04:00,373.95001220703125,374.20831298828125,373.80999755859375,373.8399963378906,54733
2026-07-20 11:26:00-04:00,373.8699951171875,374.20001220703125,373.8500061035156,373.95001220703125,48587
2026-07-20 11:27:00-04:00,373.9049987792969,374.07000732421875,373.79998779296875,373.8999938964844,36884
2026-07-20 11:28:00-04:00,373.6700134277344,373.96990966796875,373.510009765625,373.8949890136719,65514
2026-07-20 11:29:00-04:00,373.9200134277344,373.94000244140625,373.45001220703125,373.6700134277344,53406
2026-07-20 11:30:00-04:00,373.885009765625,373.9805908203125,373.70001220703125,373.94000244140625,28968
2026-07-20 11:31:00-04:00,373.8800964355469,373.9798889160156,373.8013000488281,373.8699951171875,28991
2026-07-20 11:32:00-04:00,373.89990234375,374.1000061035156,373.7001037597656,373.8999938964844,38351
2026-07-20 11:33:00-04:00,373.95001220703125,374.010009765625,373.7001037597656,373.8999938964844,36728
2026-07-20 11:34:00-04:00,373.5150146484375,373.92999267578125,373.3999938964844,373.885009765625,60395
2026-07-20 11:35:00-04:00,373.3399963378906,373.6400146484375,373.2099914550781,373.5199890136719,74120
2026-07-20 11:36:00-04:00,373.3349914550781,373.3800048828125,373.0400085449219,373.3399963378906,51737
2026-07-20 11:37:00-04:00,373.0150146484375,373.3900146484375,372.9599914550781,373.2900085449219,97337
2026-07-20 11:38:00-04:00,372.84991455078125,373.20001220703125,372.67999267578125,373.0350036621094,100089
2026-07-20 11:39:00-04:00,372.6700134277344,373.0,372.6000061035156,372.7900085449219,73526
2026-07-20 11:40:00-04:00,372.67999267578125,372.7998962402344,372.30999755859375,372.6700134277344,139812
2026-07-20 11:41:00-04:00,372.6400146484375,372.8399963378906,372.54998779296875,372.6694030761719,65652
2026-07-20 11:42:00-04:00,372.70001220703125,372.83599853515625,372.5199890136719,372.6799011230469,54320
2026-07-20 11:43:00-04:00,372.1099853515625,372.69000244140625,372.07000732421875,372.635009765625,93246
2026-07-20 11:44:00-04:00,372.260009765625,372.39990234375,371.9200134277344,372.1180114746094,163312
2026-07-20 11:45:00-04:00,372.05999755859375,372.3999938964844,371.8800964355469,372.260009765625,92021
2026-07-20 11:46:00-04:00,372.20001220703125,372.2200012207031,371.9006042480469,372.0599060058594,65674
2026-07-20 11:47:00-04:00,372.239990234375,372.3550109863281,371.94000244140625,372.20001220703125,64416
2026-07-20 11:48:00-04:00,371.9501037597656,372.2898864746094,371.79998779296875,372.2200012207031,61778
2026-07-20 11:49:00-04:00,371.8800048828125,372.08990478515625,371.8200988769531,371.95001220703125,43703
2026-07-20 11:50:00-04:00,372.1099853515625,372.1099853515625,371.6400146484375,371.885009765625,111355
2026-07-20 11:51:00-04:00,372.6099853515625,372.7489929199219,372.0299987792969,372.1098937988281,138596
2026-07-20 11:52:00-04:00,372.7250061035156,372.8399963378906,372.42999267578125,372.5899963378906,89062
2026-07-20 11:53:00-04:00,372.8500061035156,373.0400085449219,372.6600036621094,372.7250061035156,106751
2026-07-20 11:54:00-04:00,373.0299987792969,373.3500061035156,372.8288879394531,372.8500061035156,117328
2026-07-20 11:55:00-04:00,373.19000244140625,373.260009765625,372.989990234375,373.01580810546875,63490
2026-07-20 11:56:00-04:00,372.989990234375,373.2200012207031,372.94000244140625,373.1499938964844,51606
2026-07-20 11:57:00-04:00,372.7699890136719,373.0599060058594,372.6600036621094,372.9700012207031,53830
2026-07-20 11:58:00-04:00,373.0199890136719,373.19000244140625,372.67999267578125,372.739990234375,42923
2026-07-20 11:59:00-04:00,373.9949951171875,374.1300048828125,372.95001220703125,373.0199890136719,229748
2026-07-20 12:00:00-04:00,374.4700012207031,374.5400085449219,373.8301086425781,374.0,121387
2026-07-20 12:01:00-04:00,374.0849914550781,374.6600036621094,373.989990234375,374.4700012207031,122589
2026-07-20 12:02:00-04:00,373.739990234375,374.1700134277344,373.56500244140625,374.1700134277344,63795
2026-07-20 12:03:00-04:00,374.239990234375,374.2572937011719,373.7250061035156,373.7900085449219,62398
2026-07-20 12:04:00-04:00,374.010009765625,374.2900085449219,373.94000244140625,374.239990234375,59511
2026-07-20 12:05:00-04:00,374.4649963378906,374.54998779296875,373.95001220703125,374.0350036621094,45955
2026-07-20 12:06:00-04:00,374.57000732421875,374.6400146484375,374.35009765625,374.4984130859375,82091
2026-07-20 12:07:00-04:00,374.57000732421875,374.6575012207031,374.42999267578125,374.57000732421875,58876
2026-07-20 12:08:00-04:00,375.239990234375,375.3299865722656,374.5799865722656,374.6000061035156,117910
2026-07-20 12:09:00-04:00,375.8949890136719,375.9399108886719,375.0299987792969,375.2300109863281,110808
2026-07-20 12:10:00-04:00,376.2300109863281,377.0,375.7900085449219,375.9338073730469,206663
2026-07-20 12:11:00-04:00,376.45001220703125,376.54998779296875,376.1600036621094,376.25,68424
2026-07-20 12:12:00-04:00,376.05999755859375,376.79998779296875,376.0,376.5,124737
2026-07-20 12:13:00-04:00,376.5,376.5459899902344,376.0299987792969,376.06500244140625,60416
2026-07-20 12:14:00-04:00,376.4100036621094,376.4798889160156,375.8999938964844,376.4100036621094,88885
2026-07-20 12:15:00-04:00,376.0249938964844,376.5,375.8299865722656,376.3999938964844,73826
2026-07-20 12:16:00-04:00,375.92498779296875,376.07989501953125,375.6700134277344,376.0249938964844,54879
2026-07-20 12:17:00-04:00,375.72320556640625,375.9800109863281,375.67999267578125,375.9442138671875,39714
2026-07-20 12:18:00-04:00,375.4100036621094,375.79998779296875,375.2799987792969,375.7401123046875,70117
2026-07-20 12:19:00-04:00,374.93499755859375,375.5899963378906,374.75,375.4049987792969,111956
2026-07-20 12:20:00-04:00,375.298095703125,375.3395080566406,374.75,374.8699951171875,84607
2026-07-20 12:21:00-04:00,375.5450134277344,375.7398986816406,375.29998779296875,375.3599853515625,62680
2026-07-20 12:22:00-04:00,375.5,375.6499938964844,375.3999938964844,375.5450134277344,48566
2026-07-20 12:23:00-04:00,375.79998779296875,375.8699951171875,375.4039001464844,375.4599914550781,52611
2026-07-20 12:24:00-04:00,375.7300109863281,375.8500061035156,375.6000061035156,375.75,36542
2026-07-20 12:25:00-04:00,375.30999755859375,375.8299865722656,375.1700134277344,375.78509521484375,42108
2026-07-20 12:26:00-04:00,375.1499938964844,375.4649963378906,375.0,375.29998779296875,43074
2026-07-20 12:27:00-04:00,375.2349853515625,375.2799987792969,375.0799865722656,375.1597900390625,21425
2026-07-20 12:28:00-04:00,375.3999938964844,375.45001220703125,375.1499938964844,375.2349853515625,29121
2026-07-20 12:29:00-04:00,375.31500244140625,375.44500732421875,375.1300048828125,375.3599853515625,30355
2026-07-20 12:30:00-04:00,375.4200134277344,375.54998779296875,375.181884765625,375.3500061035156,34307
2026-07-20 12:31:00-04:00,375.489990234375,375.489990234375,375.19378662109375,375.3100891113281,17389
2026-07-20 12:32:00-04:00,375.0799865722656,375.5,375.07000732421875,375.45001220703125,43967
2026-07-20 12:33:00-04:00,374.45001220703125,375.17999267578125,374.3999938964844,375.0700988769531,59204
2026-07-20 12:34:00-04:00,374.510009765625,374.7300109863281,374.3999938964844,374.44000244140625,80164
2026-07-20 12:35:00-04:00,374.5799865722656,374.75,374.5,374.5249938964844,34061
2026-07-20 12:36:00-04:00,374.5899963378906,374.6659851074219,374.42999267578125,374.62359619140625,24501
2026-07-20 12:37:00-04:00,374.8599853515625,374.8599853515625,374.3999938964844,374.54998779296875,69206
2026-07-20 12:38:00-04:00,374.69000244140625,375.0412902832031,374.5414123535156,374.8299865722656,41681
2026-07-20 12:39:00-04:00,374.9100036621094,374.989990234375,374.6700134277344,374.7300109863281,26918
2026-07-20 12:40:00-04:00,374.91009521484375,375.04998779296875,374.82159423828125,374.9700012207031,47084
2026-07-20 12:41:00-04:00,374.0799865722656,375.1799011230469,373.43011474609375,374.9100036621094,153995
2026-07-20 12:42:00-04:00,374.364990234375,374.6700134277344,374.04998779296875,374.25,42548
2026-07-20 12:43:00-04:00,374.489990234375,374.5400085449219,374.17999267578125,374.364990234375,22258
2026-07-20 12:44:00-04:00,373.510009765625,374.5,373.3999938964844,374.489990234375,108970
2026-07-20 12:45:00-04:00,373.4649963378906,373.6499938964844,373.3299865722656,373.5271911621094,56438
2026-07-20 12:46:00-04:00,373.79901123046875,373.8900146484375,373.2601013183594,373.4649963378906,77656
2026-07-20 12:47:00-04:00,374.0,374.2300109863281,373.7401123046875,373.75,52648
2026-07-20 12:48:00-04:00,373.8999938964844,374.04998779296875,373.79998779296875,373.92999267578125,45880
2026-07-20 12:49:00-04:00,374.0403137207031,374.2486877441406,373.9010009765625,373.9200134277344,61433
2026-07-20 12:50:00-04:00,373.4150085449219,374.0350036621094,373.29998779296875,374.0,77316
2026-07-20 12:51:00-04:00,373.2705078125,373.59991455078125,373.19000244140625,373.4750061035156,42624
2026-07-20 12:52:00-04:00,373.3550109863281,373.45001220703125,373.1600036621094,373.2850036621094,34980
2026-07-20 12:53:00-04:00,373.3699951171875,373.4200134277344,373.17999267578125,373.3599853515625,36481
2026-07-20 12:54:00-04:00,372.8999938964844,373.42999267578125,372.80999755859375,373.42999267578125,69249
2026-07-20 12:55:00-04:00,373.0849914550781,373.1000061035156,372.4184875488281,372.8699951171875,96244
2026-07-20 12:56:00-04:00,372.75,373.1311950683594,372.70001220703125,373.10430908203125,30446
2026-07-20 12:57:00-04:00,372.86151123046875,372.86151123046875,372.6199951171875,372.70001220703125,25642
2026-07-20 12:58:00-04:00,372.7799987792969,373.2294921875,372.7799987792969,372.7900085449219,46121
2026-07-20 12:59:00-04:00,372.8999938964844,373.04998779296875,372.7099914550781,372.75,20208
2026-07-20 13:00:00-04:00,373.1000061035156,373.2598876953125,372.82000732421875,372.885009765625,31613
2026-07-20 13:01:00-04:00,372.8800048828125,373.2300109863281,372.80999755859375,373.2200012207031,35057
2026-07-20 13:02:00-04:00,372.8800048828125,373.05999755859375,372.80999755859375,372.9200134277344,29045
2026-07-20 13:03:00-04:00,372.78271484375,372.8999938964844,372.7300109863281,372.8800048828125,32866
2026-07-20 13:04:00-04:00,372.8399963378906,372.8800048828125,372.69000244140625,372.81500244140625,27005
2026-07-20 13:05:00-04:00,373.0299987792969,373.06988525390625,372.7200012207031,372.8800048828125,36566
2026-07-20 13:06:00-04:00,372.922607421875,373.1199951171875,372.760986328125,373.0299987792969,22013
2026-07-20 13:07:00-04:00,372.50469970703125,373.06988525390625,372.489990234375,373.0,53365
2026-07-20 13:08:00-04:00,372.5299987792969,372.760009765625,372.4599914550781,372.57501220703125,26531
2026-07-20 13:09:00-04:00,372.69000244140625,372.81988525390625,372.44000244140625,372.5,40253
2026-07-20 13:10:00-04:00,372.489990234375,372.82989501953125,372.36029052734375,372.7149963378906,50422
2026-07-20 13:11:00-04:00,372.55999755859375,372.6400146484375,372.3999938964844,372.6400146484375,35588
2026-07-20 13:12:00-04:00,372.75,372.75,372.4750061035156,372.5450134277344,32647
2026-07-20 13:13:00-04:00,372.5351867675781,372.8399963378906,372.3699951171875,372.7049865722656,27961
2026-07-20 13:14:00-04:00,372.3999938964844,372.51959228515625,372.20001220703125,372.4861145019531,37959
2026-07-20 13:15:00-04:00,372.1600036621094,372.4599914550781,372.1000061035156,372.3399963378906,33278
2026-07-20 13:16:00-04:00,372.1199951171875,372.260009765625,372.010009765625,372.1600036621094,42394
2026-07-20 13:17:00-04:00,372.4949951171875,372.6000061035156,372.07000732421875,372.1499938964844,43502
2026-07-20 13:18:00-04:00,372.67999267578125,372.7250061035156,372.3800048828125,372.4700012207031,48017
2026-07-20 13:19:00-04:00,372.6400146484375,372.7900085449219,372.4599914550781,372.7095031738281,35935
2026-07-20 13:20:00-04:00,372.55999755859375,372.6700134277344,372.4017028808594,372.62799072265625,37432
2026-07-20 13:21:00-04:00,372.4599914550781,372.70001220703125,372.3999938964844,372.5199890136719,36250
2026-07-20 13:22:00-04:00,372.5,372.70001220703125,372.42999267578125,372.5199890136719,38072
2026-07-20 13:23:00-04:00,372.510009765625,372.55999755859375,372.29998779296875,372.5,27972
2026-07-20 13:24:00-04:00,372.2250061035156,372.57000732421875,372.1409912109375,372.4599914550781,50084
2026-07-20 13:25:00-04:00,372.4200134277344,372.4800109863281,372.07000732421875,372.1924133300781,47001
2026-07-20 13:26:00-04:00,372.5400085449219,372.57000732421875,372.2799987792969,372.4100036621094,26197
2026-07-20 13:27:00-04:00,372.30999755859375,372.6000061035156,372.20001220703125,372.57000732421875,27847
2026-07-20 13:28:00-04:00,372.25,372.3299865722656,372.1199951171875,372.3299865722656,29872
2026-07-20 13:29:00-04:00,372.17999267578125,372.2799987792969,372.04998779296875,372.2349853515625,75762
2026-07-20 13:30:00-04:00,372.1799011230469,372.19000244140625,371.53009033203125,372.17999267578125,143273
2026-07-20 13:31:00-04:00,371.9649963378906,372.135009765625,371.8399963378906,372.135009765625,36013
2026-07-20 13:32:00-04:00,372.1600036621094,372.29998779296875,371.8900146484375,371.9649963378906,47448
2026-07-20 13:33:00-04:00,371.9413146972656,372.2799987792969,371.90020751953125,372.17498779296875,52352
2026-07-20 13:34:00-04:00,371.864990234375,372.30499267578125,371.7200012207031,371.9649963378906,53990
2026-07-20 13:35:00-04:00,371.8399963378906,372.0198974609375,371.7699890136719,371.8299865722656,42724
2026-07-20 13:36:00-04:00,371.5899963378906,371.8699035644531,371.510009765625,371.8500061035156,66362
2026-07-20 13:37:00-04:00,371.6600036621094,371.7900085449219,371.3900146484375,371.57501220703125,98986
2026-07-20 13:38:00-04:00,371.4849853515625,371.7200012207031,371.32000732421875,371.67120361328125,50947
2026-07-20 13:39:00-04:00,371.5,371.8399963378906,371.4700012207031,371.4840087890625,50816
2026-07-20 13:40:00-04:00,371.1675109863281,371.5697021484375,371.0799865722656,371.5,79901
2026-07-20 13:41:00-04:00,371.1400146484375,371.239990234375,370.8999938964844,371.1650085449219,170432
2026-07-20 13:42:00-04:00,370.8999938964844,371.5,370.79998779296875,371.1099853515625,132380
2026-07-20 13:43:00-04:00,371.239990234375,371.2799987792969,370.760009765625,370.9049987792969,83142
2026-07-20 13:44:00-04:00,371.33758544921875,371.4599914550781,371.1600036621094,371.25,72689
2026-07-20 13:45:00-04:00,371.51019287109375,371.59991455078125,371.04998779296875,371.32501220703125,86222
2026-07-20 13:46:00-04:00,371.3399963378906,371.6000061035156,371.1400146484375,371.5249938964844,46752
2026-07-20 13:47:00-04:00,371.55999755859375,371.55999755859375,371.2099914550781,371.2699890136719,29593
2026-07-20 13:48:00-04:00,371.7449951171875,371.82501220703125,371.5299987792969,371.5299987792969,45342
2026-07-20 13:49:00-04:00,371.6700134277344,371.80999755859375,371.489990234375,371.7300109863281,45353
2026-07-20 13:50:00-04:00,371.94000244140625,371.9800109863281,371.5924987792969,371.6400146484375,51866
2026-07-20 13:51:00-04:00,372.6700134277344,372.82440185546875,371.79998779296875,371.8999938964844,100903
2026-07-20 13:52:00-04:00,373.07000732421875,373.2300109863281,372.6300964355469,372.6600036621094,116749
2026-07-20 13:53:00-04:00,373.05999755859375,373.20001220703125,372.9114074707031,373.0299987792969,69094
2026-07-20 13:54:00-04:00,373.114990234375,373.2200012207031,372.9800109863281,373.0299987792969,59078
2026-07-20 13:55:00-04:00,373.2799987792969,373.29998779296875,373.0000915527344,373.114990234375,79927
2026-07-20 13:56:00-04:00,373.010009765625,373.30999755859375,372.9100036621094,373.29998779296875,75087
2026-07-20 13:57:00-04:00,373.33428955078125,373.3900146484375,372.9700927734375,373.0150146484375,44569
2026-07-20 13:58:00-04:00,372.8800048828125,373.57000732421875,372.8399963378906,373.4100036621094,83309
2026-07-20 13:59:00-04:00,373.1050109863281,373.19500732421875,372.8399963378906,372.8800048828125,68257
2026-07-20 14:00:00-04:00,373.3949890136719,373.57000732421875,373.04998779296875,373.04998779296875,55888
2026-07-20 14:01:00-04:00,373.3800048828125,373.57000732421875,373.1180114746094,373.4193115234375,69486
2026-07-20 14:02:00-04:00,373.5400085449219,373.57000732421875,373.3200988769531,373.375,44928
2026-07-20 14:03:00-04:00,373.57000732421875,373.5899963378906,373.3500061035156,373.510009765625,50053
2026-07-20 14:04:00-04:00,373.5249938964844,373.6499938964844,373.3800048828125,373.55499267578125,50239
2026-07-20 14:05:00-04:00,373.5199890136719,373.7799987792969,373.4601135253906,373.5249938964844,49983
2026-07-20 14:06:00-04:00,373.4599914550781,373.5249938964844,373.30999755859375,373.5150146484375,60341
2026-07-20 14:07:00-04:00,373.4450988769531,373.6300048828125,373.44000244140625,373.5,42239
2026-07-20 14:08:00-04:00,373.6000061035156,373.64599609375,373.36279296875,373.42999267578125,37486
2026-07-20 14:09:00-04:00,373.8800048828125,374.010009765625,373.5899963378906,373.614990234375,67814
2026-07-20 14:10:00-04:00,374.0150146484375,374.0799865722656,373.7900085449219,373.8800048828125,43651
2026-07-20 14:11:00-04:00,374.1600036621094,374.25,373.9700012207031,374.010009765625,63138
2026-07-20 14:12:00-04:00,374.38739013671875,374.6000061035156,374.0232849121094,374.1650085449219,73101
2026-07-20 14:13:00-04:00,374.2300109863281,374.489990234375,374.0799865722656,374.3977966308594,68533
2026-07-20 14:14:00-04:00,373.989990234375,374.3299865722656,373.9100036621094,374.2449951171875,51749
2026-07-20 14:15:00-04:00,374.0150146484375,374.1099853515625,373.8999938964844,373.9599914550781,60481
2026-07-20 14:16:00-04:00,374.0,374.0400085449219,373.8999938964844,374.027587890625,35701
2026-07-20 14:17:00-04:00,374.1900939941406,374.409912109375,373.9949951171875,374.0,54245
2026-07-20 14:18:00-04:00,373.7401123046875,374.2049865722656,373.7200012207031,374.16009521484375,57887
2026-07-20 14:19:00-04:00,373.8299865722656,373.8999938964844,373.57000732421875,373.7401123046875,52368
2026-07-20 14:20:00-04:00,373.7200012207031,374.0,373.7200012207031,373.8799133300781,33026
2026-07-20 14:21:00-04:00,373.6549987792969,373.8900146484375,373.3599853515625,373.7850036621094,57837
2026-07-20 14:22:00-04:00,373.42498779296875,373.6000061035156,373.19000244140625,373.5899963378906,43684
2026-07-20 14:23:00-04:00,373.42999267578125,373.6099853515625,373.2799987792969,373.3399963378906,29545
2026-07-20 14:24:00-04:00,373.0350036621094,373.3900146484375,372.92999267578125,373.3599853515625,53751
2026-07-20 14:25:00-04:00,372.8999938964844,373.19000244140625,372.7699890136719,373.0,70319
2026-07-20 14:26:00-04:00,372.70001220703125,373.0,372.6409912109375,372.8800048828125,42842
2026-07-20 14:27:00-04:00,372.7900085449219,372.94000244140625,372.5700988769531,372.7300109863281,31303
2026-07-20 14:28:00-04:00,372.8450927734375,372.9200134277344,372.70001220703125,372.7900085449219,30112
2026-07-20 14:29:00-04:00,372.5899963378906,372.9700012207031,372.5799865722656,372.80999755859375,38527
2026-07-20 14:30:00-04:00,372.2550048828125,372.6659851074219,372.2099914550781,372.6000061035156,41460
2026-07-20 14:31:00-04:00,372.3699951171875,372.6199951171875,372.2460021972656,372.2900085449219,47530
2026-07-20 14:32:00-04:00,372.4100036621094,372.5050048828125,372.2799987792969,372.45001220703125,29513
2026-07-20 14:33:00-04:00,372.0799865722656,372.43798828125,372.04998779296875,372.3900146484375,34270
2026-07-20 14:34:00-04:00,371.8900146484375,372.1499938964844,371.6099853515625,372.1499938964844,78726
2026-07-20 14:35:00-04:00,372.32000732421875,372.42999267578125,371.75,371.8349914550781,47215
2026-07-20 14:36:00-04:00,372.6449890136719,372.70001220703125,372.2200012207031,372.30999755859375,37486
2026-07-20 14:37:00-04:00,372.5,372.75,372.5,372.6449890136719,46483
2026-07-20 14:38:00-04:00,372.30169677734375,372.7283935546875,372.260009765625,372.5599060058594,46607
2026-07-20 14:39:00-04:00,372.0,372.4100036621094,371.75,372.2699890136719,66540
2026-07-20 14:40:00-04:00,371.9700012207031,372.20001220703125,371.8900146484375,372.05499267578125,51158
2026-07-20 14:41:00-04:00,371.9591979980469,371.9999084472656,371.80999755859375,371.9200134277344,40514
2026-07-20 14:42:00-04:00,371.6000061035156,371.92498779296875,371.3999938964844,371.92498779296875,218859
2026-07-20 14:43:00-04:00,371.2699890136719,371.69000244140625,371.0199890136719,371.60009765625,104051
2026-07-20 14:44:00-04:00,371.20001220703125,371.44000244140625,371.010009765625,371.29998779296875,68533
2026-07-20 14:45:00-04:00,371.17498779296875,371.3299865722656,370.9800109863281,371.2300109863281,81767
2026-07-20 14:46:00-04:00,371.0,371.2799987792969,370.93060302734375,371.239990234375,91255
2026-07-20 14:47:00-04:00,371.1099853515625,371.2799987792969,370.9700012207031,371.0,58851
2026-07-20 14:48:00-04:00,370.9549865722656,371.1600036621094,370.7799987792969,371.1099853515625,76023
2026-07-20 14:49:00-04:00,371.05499267578125,371.2720031738281,370.9200134277344,370.9549865722656,87384
2026-07-20 14:50:00-04:00,371.2099914550781,371.260009765625,370.989990234375,371.1000061035156,36739
2026-07-20 14:51:00-04:00,370.92010498046875,371.260009765625,370.8299865722656,371.1864013671875,46680
2026-07-20 14:52:00-04:00,370.8299865722656,371.0299987792969,370.7099914550781,370.9200134277344,76301
2026-07-20 14:53:00-04:00,371.1549987792969,371.19989013671875,370.5199890136719,370.8500061035156,92484
2026-07-20 14:54:00-04:00,371.25,371.2900085449219,370.9800109863281,371.1549987792969,103647
2026-07-20 14:55:00-04:00,371.31500244140625,371.42999267578125,371.1099853515625,371.25,59053
2026-07-20 14:56:00-04:00,371.0244140625,371.5799865722656,370.9599914550781,371.3500061035156,65334
2026-07-20 14:57:00-04:00,371.0799865722656,371.0899963378906,370.92010498046875,371.04998779296875,32815
2026-07-20 14:58:00-04:00,370.9399108886719,371.04998779296875,370.7799987792969,371.04998779296875,48339
2026-07-20 14:59:00-04:00,371.3299865722656,371.409912109375,370.95001220703125,370.9599914550781,54226
2026-07-20 15:00:00-04:00,371.2099914550781,371.31988525390625,371.1099853515625,371.2099914550781,39905
2026-07-20 15:01:00-04:00,371.1099853515625,371.2598876953125,370.92999267578125,371.2250061035156,33770
2026-07-20 15:02:00-04:00,370.3699951171875,371.0950012207031,370.3699951171875,371.0849914550781,100559
2026-07-20 15:03:00-04:00,370.2875061035156,370.45989990234375,370.1400146484375,370.3999938964844,68493
2026-07-20 15:04:00-04:00,370.3900146484375,370.3999938964844,369.94000244140625,370.260009765625,336577
2026-07-20 15:05:00-04:00,370.5400085449219,370.5400085449219,370.301513671875,370.3550109863281,49392
2026-07-20 15:06:00-04:00,370.42498779296875,370.6700134277344,370.04998779296875,370.5199890136719,62264
2026-07-20 15:07:00-04:00,370.4549865722656,370.510009765625,370.1700134277344,370.3900146484375,32062
2026-07-20 15:08:00-04:00,370.42498779296875,370.5299987792969,370.32000732421875,370.4200134277344,59733
2026-07-20 15:09:00-04:00,370.3299865722656,370.5050048828125,370.29998779296875,370.3900146484375,34489
2026-07-20 15:10:00-04:00,370.57501220703125,370.57501220703125,370.29998779296875,370.3800048828125,70445
2026-07-20 15:11:00-04:00,370.3599853515625,370.57501220703125,370.20001220703125,370.57501220703125,46836
2026-07-20 15:12:00-04:00,370.1099853515625,370.3500061035156,370.0400085449219,370.3500061035156,53749
2026-07-20 15:13:00-04:00,370.010009765625,370.1600036621094,369.8900146484375,370.1099853515625,89461
2026-07-20 15:14:00-04:00,369.9200134277344,370.0400085449219,369.80999755859375,370.0,55860
2026-07-20 15:15:00-04:00,370.0199890136719,370.0498962402344,369.5799865722656,369.8399963378906,99207
2026-07-20 15:16:00-04:00,370.07000732421875,370.1050109863281,369.8399963378906,369.95001220703125,47885
2026-07-20 15:17:00-04:00,370.2049865722656,370.3800048828125,370.0199890136719,370.04998779296875,63231
2026-07-20 15:18:00-04:00,370.33819580078125,370.33819580078125,370.1499938964844,370.2300109863281,42597
2026-07-20 15:19:00-04:00,370.3507080078125,370.4800109863281,370.260009765625,370.2900085449219,56603
2026-07-20 15:20:00-04:00,370.3299865722656,370.56500244140625,370.29998779296875,370.3500061035156,68114
2026-07-20 15:21:00-04:00,370.3922119140625,370.5400085449219,370.25,370.30999755859375,40900
2026-07-20 15:22:00-04:00,370.32000732421875,370.6000061035156,370.29998779296875,370.3800048828125,106635
2026-07-20 15:23:00-04:00,370.30999755859375,370.3599853515625,370.1000061035156,370.3450012207031,44343
2026-07-20 15:24:00-04:00,370.6899108886719,370.8894958496094,370.2200012207031,370.30999755859375,87552
2026-07-20 15:25:00-04:00,370.489990234375,370.9200134277344,370.4800109863281,370.6549987792969,40310
2026-07-20 15:26:00-04:00,370.2250061035156,370.6199951171875,370.1700134277344,370.57000732421875,67679
2026-07-20 15:27:00-04:00,370.44000244140625,370.4700012207031,370.17999267578125,370.19000244140625,49509
2026-07-20 15:28:00-04:00,370.2449951171875,370.57000732421875,370.2200012207031,370.44000244140625,58482
2026-07-20 15:29:00-04:00,371.04998779296875,371.20001220703125,370.2200012207031,370.2200012207031,105473
2026-07-20 15:30:00-04:00,370.6650085449219,371.260009765625,370.6300048828125,371.010009765625,104843
2026-07-20 15:31:00-04:00,370.9200134277344,370.9826965332031,370.5199890136719,370.6300048828125,67158
2026-07-20 15:32:00-04:00,371.2799987792969,371.2799987792969,370.8299865722656,370.95208740234375,53344
2026-07-20 15:33:00-04:00,371.04998779296875,371.3594970703125,370.8900146484375,371.26580810546875,54024
2026-07-20 15:34:00-04:00,370.9549865722656,371.21600341796875,370.9549865722656,371.06939697265625,41028
2026-07-20 15:35:00-04:00,370.57000732421875,370.989990234375,370.5,370.9211120605469,50940
2026-07-20 15:36:00-04:00,370.7099914550781,370.8598937988281,370.4599914550781,370.5101013183594,66913
2026-07-20 15:37:00-04:00,370.54998779296875,370.8299865722656,370.4599914550781,370.6700134277344,64244
2026-07-20 15:38:00-04:00,370.6099853515625,370.6600036621094,370.3800048828125,370.45001220703125,53487
2026-07-20 15:39:00-04:00,370.82501220703125,371.1300048828125,370.5400085449219,370.5400085449219,55052
2026-07-20 15:40:00-04:00,371.04998779296875,371.0799865722656,370.7200012207031,370.8500061035156,76804
2026-07-20 15:41:00-04:00,371.4200134277344,371.44500732421875,371.0,371.0,73408
2026-07-20 15:42:00-04:00,371.2099914550781,371.54998779296875,371.0,371.42999267578125,82483
2026-07-20 15:43:00-04:00,371.4800109863281,371.5,371.1099853515625,371.25,79099
2026-07-20 15:44:00-04:00,371.489990234375,371.7200012207031,371.3900146484375,371.4800109863281,112430
2026-07-20 15:45:00-04:00,371.6650085449219,371.8999938964844,371.5249938964844,371.5249938964844,73648
2026-07-20 15:46:00-04:00,371.53948974609375,371.70001220703125,371.19000244140625,371.70001220703125,66396
2026-07-20 15:47:00-04:00,371.385009765625,371.5400085449219,371.1600036621094,371.5400085449219,50394
2026-07-20 15:48:00-04:00,371.6199951171875,371.6499938964844,371.2900085449219,371.4200134277344,57067
2026-07-20 15:49:00-04:00,371.75,371.8500061035156,371.590087890625,371.590087890625,52144
2026-07-20 15:50:00-04:00,371.0299987792969,371.760009765625,371.0299987792969,371.75,79298
2026-07-20 15:51:00-04:00,370.7449951171875,371.2200012207031,370.67999267578125,371.1199951171875,113141
2026-07-20 15:52:00-04:00,370.57501220703125,370.79998779296875,370.510009765625,370.7799987792969,119910
2026-07-20 15:53:00-04:00,370.2690124511719,370.6000061035156,370.0799865722656,370.6000061035156,186373
2026-07-20 15:54:00-04:00,370.4100036621094,370.5299987792969,369.95001220703125,370.2650146484375,163751
2026-07-20 15:55:00-04:00,370.32000732421875,370.75,369.81500244140625,370.4100036621094,223200
2026-07-20 15:56:00-04:00,369.9800109863281,370.4599914550781,369.94000244140625,370.30999755859375,182785
2026-07-20 15:57:00-04:00,369.92498779296875,370.0799865722656,369.8900146484375,369.95001220703125,156065
2026-07-20 15:58:00-04:00,369.9599914550781,370.0,369.79998779296875,369.9100036621094,198895
2026-07-20 15:59:00-04:00,369.5899963378906,369.9800109863281,369.42498779296875,369.9700012207031,520517
2026-07-21 09:30:00-04:00,374.2300109863281,374.4898986816406,369.989990234375,370.9800109863281,2042387
2026-07-21 09:31:00-04:00,374.67449951171875,375.2998962402344,373.75,374.07000732421875,309045
2026-07-21 09:32:00-04:00,375.4800109863281,375.70001220703125,374.5,374.6499938964844,195400
2026-07-21 09:33:00-04:00,374.81939697265625,375.5899963378906,374.20001220703125,375.3699951171875,229140
2026-07-21 09:34:00-04:00,374.3164978027344,375.08050537109375,373.3399963378906,374.70001220703125,181013
2026-07-21 09:35:00-04:00,375.5849914550781,375.6600036621094,373.9700012207031,374.31500244140625,215681
2026-07-21 09:36:00-04:00,376.1300048828125,376.7200012207031,375.4501037597656,375.6600036621094,312636
2026-07-21 09:37:00-04:00,376.43499755859375,376.5899963378906,376.0010070800781,376.2181091308594,136512
2026-07-21 09:38:00-04:00,376.1000061035156,376.8999938964844,376.0,376.45001220703125,212633
2026-07-21 09:39:00-04:00,374.29998779296875,376.6499938964844,374.29998779296875,376.1000061035156,175773
2026-07-21 09:40:00-04:00,374.5899963378906,375.0,373.7200012207031,374.3500061035156,145239
2026-07-21 09:41:00-04:00,374.92999267578125,375.0,374.3399963378906,374.6300048828125,156604
2026-07-21 09:42:00-04:00,376.1000061035156,376.1199951171875,374.67999267578125,374.93499755859375,165301
2026-07-21 09:43:00-04:00,375.7850036621094,376.9403076171875,375.67999267578125,376.0400085449219,220049
2026-07-21 09:44:00-04:00,376.2699890136719,376.34759521484375,375.3200988769531,375.7900085449219,116381
2026-07-21 09:45:00-04:00,375.3800048828125,376.6300048828125,375.32000732421875,376.2898864746094,157494
2026-07-21 09:46:00-04:00,375.95989990234375,375.95989990234375,375.0799865722656,375.4898986816406,90840
2026-07-21 09:47:00-04:00,375.8999938964844,376.0899963378906,375.4100036621094,375.8900146484375,102479
2026-07-21 09:48:00-04:00,375.9798889160156,376.1499938964844,375.3900146484375,375.80999755859375,120006
2026-07-21 09:49:00-04:00,376.1600036621094,376.3598937988281,375.67401123046875,375.8699951171875,111265
2026-07-21 09:50:00-04:00,376.0249938964844,376.9700012207031,375.8500061035156,376.1600036621094,171962
2026-07-21 09:51:00-04:00,376.0799865722656,376.57000732421875,375.9599914550781,376.0199890136719,88932
2026-07-21 09:52:00-04:00,376.1401062011719,376.2980041503906,375.6000061035156,376.0799865722656,98570
2026-07-21 09:53:00-04:00,375.8299865722656,376.6700134277344,375.7900085449219,376.0400085449219,99011
2026-07-21 09:54:00-04:00,375.80999755859375,376.1000061035156,375.6499938964844,375.9100036621094,84478
2026-07-21 09:55:00-04:00,376.69000244140625,376.96990966796875,375.80999755859375,375.875,134090
2026-07-21 09:56:00-04:00,376.57000732421875,376.79998779296875,376.0,376.7099914550781,130885
2026-07-21 09:57:00-04:00,376.30499267578125,376.7298889160156,376.1300048828125,376.5,59855
2026-07-21 09:58:00-04:00,376.5,376.9299011230469,376.2900085449219,376.29998779296875,106201
2026-07-21 09:59:00-04:00,377.6416931152344,377.6700134277344,376.1199951171875,376.4881896972656,210448
2026-07-21 10:00:00-04:00,378.3450012207031,378.44970703125,377.3399963378906,377.6300048828125,270996
2026-07-21 10:01:00-04:00,378.7300109863281,379.7300109863281,378.239990234375,378.2850036621094,325858
2026-07-21 10:02:00-04:00,379.090087890625,379.3800048828125,378.6199951171875,378.7149963378906,106357
2026-07-21 10:03:00-04:00,378.79998779296875,379.1499938964844,378.2300109863281,379.0799865722656,126043
2026-07-21 10:04:00-04:00,378.8575134277344,379.0400085449219,378.4400939941406,378.7554016113281,109058
2026-07-21 10:05:00-04:00,379.0350036621094,379.2799987792969,378.2900085449219,378.79998779296875,159411
2026-07-21 10:06:00-04:00,379.32000732421875,379.70001220703125,378.8500061035156,379.0350036621094,158383
2026-07-21 10:07:00-04:00,379.5350036621094,379.8900146484375,379.04010009765625,379.29998779296875,135043
2026-07-21 10:08:00-04:00,379.489990234375,380.010009765625,379.24798583984375,379.5299987792969,177799
2026-07-21 10:09:00-04:00,379.6199951171875,380.04998779296875,379.2850036621094,379.489990234375,97141
2026-07-21 10:10:00-04:00,378.8399963378906,379.92999267578125,378.4599914550781,379.6199951171875,151976
2026-07-21 10:11:00-04:00,378.94000244140625,379.07989501953125,378.6499938964844,378.840087890625,80050
2026-07-21 10:12:00-04:00,379.2799987792969,379.6600036621094,378.75,378.93499755859375,98772
2026-07-21 10:13:00-04:00,379.8500061035156,379.8800048828125,379.20001220703125,379.3900146484375,132210
2026-07-21 10:14:00-04:00,380.04998779296875,380.17999267578125,379.53009033203125,379.8399963378906,160957
2026-07-21 10:15:00-04:00,379.6499938964844,380.20001220703125,379.3800048828125,380.0,125292
2026-07-21 10:16:00-04:00,379.8699951171875,380.010009765625,379.4200134277344,379.6499938964844,77746
2026-07-21 10:17:00-04:00,380.510009765625,380.739990234375,379.8599853515625,379.8599853515625,138813
2026-07-21 10:18:00-04:00,380.885009765625,381.2799987792969,380.17999267578125,380.4599914550781,222188
2026-07-21 10:19:00-04:00,381.1549987792969,381.2499084472656,380.5799865722656,380.8900146484375,130563
2026-07-21 10:20:00-04:00,381.1698913574219,381.5487060546875,380.9800109863281,381.20001220703125,138720
2026-07-21 10:21:00-04:00,380.8699951171875,381.30859375,380.6700134277344,381.07000732421875,103185
2026-07-21 10:22:00-04:00,381.0199890136719,381.3399963378906,380.6099853515625,380.8999938964844,102951
2026-07-21 10:23:00-04:00,382.57501220703125,382.639892578125,381.0199890136719,381.0199890136719,168370
2026-07-21 10:24:00-04:00,382.0350036621094,382.67999267578125,381.5199890136719,382.5950012207031,191922
2026-07-21 10:25:00-04:00,382.5350036621094,382.7900085449219,381.8900146484375,381.94000244140625,185139
2026-07-21 10:26:00-04:00,382.75,383.1000061035156,382.4700012207031,382.5799865722656,142236
2026-07-21 10:27:00-04:00,382.989990234375,383.0799865722656,382.4100036621094,382.7449951171875,114908
2026-07-21 10:28:00-04:00,383.0799865722656,383.3500061035156,382.8399963378906,383.0799865722656,107057
2026-07-21 10:29:00-04:00,382.6099853515625,383.3099060058594,382.43499755859375,383.1300048828125,122640
2026-07-21 10:30:00-04:00,382.3299865722656,382.7900085449219,382.0,382.54998779296875,112568
2026-07-21 10:31:00-04:00,382.94500732421875,383.04949951171875,381.7832946777344,382.3800048828125,145081
2026-07-21 10:32:00-04:00,382.69000244140625,383.0400085449219,382.2699890136719,382.9599914550781,75410
2026-07-21 10:33:00-04:00,382.760009765625,383.1099853515625,382.57000732421875,382.7799987792969,104171
2026-07-21 10:34:00-04:00,382.5483093261719,382.909912109375,382.3800048828125,382.80999755859375,74818
2026-07-21 10:35:00-04:00,382.20001220703125,383.1000061035156,382.20001220703125,382.44000244140625,117472
2026-07-21 10:36:00-04:00,381.989990234375,382.4599914550781,381.69000244140625,382.29998779296875,125136
2026-07-21 10:37:00-04:00,381.8699951171875,382.05999755859375,381.6700134277344,381.92010498046875,76718
2026-07-21 10:38:00-04:00,381.8900146484375,381.94000244140625,381.2401123046875,381.8949890136719,121981
2026-07-21 10:39:00-04:00,382.8800048828125,382.8800048828125,381.70001220703125,381.7900085449219,117202
2026-07-21 10:40:00-04:00,382.9200134277344,382.9200134277344,382.29998779296875,382.8800048828125,101331
2026-07-21 10:41:00-04:00,382.239990234375,383.0,382.1499938964844,382.9200134277344,101426
2026-07-21 10:42:00-04:00,382.8800048828125,382.95001220703125,382.239990234375,382.239990234375,57306
2026-07-21 10:43:00-04:00,383.1099853515625,383.3500061035156,382.6335144042969,382.94219970703125,180359
2026-07-21 10:44:00-04:00,383.25,383.3299865722656,382.8299865722656,383.1499938964844,100906
2026-07-21 10:45:00-04:00,383.2099914550781,383.45001220703125,383.1499938964844,383.2795104980469,106373
2026-07-21 10:46:00-04:00,383.05499267578125,383.32000732421875,382.8800048828125,383.2099914550781,72402
2026-07-21 10:47:00-04:00,383.2550048828125,383.2998962402344,382.8500061035156,383.07501220703125,73177
2026-07-21 10:48:00-04:00,383.4949951171875,383.6499938964844,383.10009765625,383.2550048828125,175145
2026-07-21 10:49:00-04:00,383.6099853515625,384.07000732421875,383.3299865722656,383.4949951171875,186069
2026-07-21 10:50:00-04:00,383.340087890625,383.7900085449219,383.0,383.55999755859375,105968
2026-07-21 10:51:00-04:00,383.3901062011719,383.6000061035156,383.010009765625,383.3349914550781,77342
2026-07-21 10:52:00-04:00,382.9549865722656,383.6199951171875,382.8999938964844,383.375,69661
2026-07-21 10:53:00-04:00,383.0799865722656,383.2298889160156,382.8599853515625,382.9800109863281,69465
2026-07-21 10:54:00-04:00,383.2200012207031,383.3500061035156,382.9700012207031,383.05999755859375,54676
2026-07-21 10:55:00-04:00,382.9200134277344,383.3599853515625,382.70001220703125,383.287109375,96644
2026-07-21 10:56:00-04:00,382.3699951171875,382.989990234375,382.30999755859375,382.9700012207031,94421
2026-07-21 10:57:00-04:00,382.7799987792969,382.9200134277344,382.29998779296875,382.3699951171875,51590
2026-07-21 10:58:00-04:00,382.3717041015625,382.9999084472656,382.1600036621094,382.7850036621094,143814
2026-07-21 10:59:00-04:00,382.7539978027344,382.9700012207031,382.4100036621094,382.5,71228
2026-07-21 11:00:00-04:00,382.7900085449219,382.9200134277344,382.55999755859375,382.8183898925781,56171
2026-07-21 11:01:00-04:00,382.6700134277344,382.8500061035156,382.5,382.8399963378906,40700
2026-07-21 11:02:00-04:00,382.0249938964844,382.70001220703125,381.8800048828125,382.69989013671875,101965
2026-07-21 11:03:00-04:00,382.02178955078125,382.29998779296875,381.8699951171875,382.0199890136719,66828
2026-07-21 11:04:00-04:00,381.94000244140625,382.0899963378906,381.6700134277344,382.04998779296875,85193
2026-07-21 11:05:00-04:00,381.96990966796875,382.1400146484375,381.70001220703125,381.94000244140625,57531
2026-07-21 11:06:00-04:00,382.114990234375,382.20001220703125,381.93011474609375,381.9649963378906,59697
2026-07-21 11:07:00-04:00,382.17999267578125,382.3999938964844,382.0299987792969,382.1600036621094,64937
2026-07-21 11:08:00-04:00,382.6300048828125,382.7900085449219,382.20001220703125,382.2650146484375,55007
2026-07-21 11:09:00-04:00,382.54998779296875,382.9800109863281,382.5199890136719,382.6600036621094,63462
2026-07-21 11:10:00-04:00,382.8800048828125,382.9700012207031,382.489990234375,382.54998779296875,54549
2026-07-21 11:11:00-04:00,382.19500732421875,382.875,382.010009765625,382.875,67489
2026-07-21 11:12:00-04:00,382.419189453125,382.4800109863281,382.010009765625,382.19500732421875,54389
2026-07-21 11:13:00-04:00,382.0,382.4800109863281,382.0,382.4800109863281,51162
2026-07-21 11:14:00-04:00,382.0450134277344,382.1361999511719,381.8399963378906,382.0150146484375,43710
2026-07-21 11:15:00-04:00,382.1701965332031,382.4599914550781,382.0450134277344,382.0450134277344,74734
2026-07-21 11:16:00-04:00,381.80999755859375,382.25,381.67999267578125,382.25,67646
2026-07-21 11:17:00-04:00,381.70001220703125,381.9100036621094,381.52801513671875,381.9100036621094,37402
2026-07-21 11:18:00-04:00,381.5845947265625,381.69000244140625,381.4200134277344,381.5950012207031,43568
2026-07-21 11:19:00-04:00,381.8500061035156,382.0,381.5799865722656,381.5950012207031,58590
2026-07-21 11:20:00-04:00,382.0050048828125,382.20001220703125,381.6099853515625,381.8500061035156,83892
2026-07-21 11:21:00-04:00,382.0350036621094,382.3299865722656,381.8399963378906,381.99749755859375,70409
2026-07-21 11:22:00-04:00,381.54998779296875,382.1400146484375,381.44000244140625,382.0616149902344,64729
2026-07-21 11:23:00-04:00,381.55999755859375,381.6499938964844,381.2799987792969,381.5799865722656,52992
2026-07-21 11:24:00-04:00,381.0849914550781,381.55999755859375,380.9466857910156,381.55999755859375,76732
2026-07-21 11:25:00-04:00,381.5400085449219,381.6299133300781,381.05999755859375,381.1600036621094,112449
2026-07-21 11:26:00-04:00,381.92999267578125,381.9800109863281,381.3299865722656,381.6099853515625,71254
2026-07-21 11:27:00-04:00,381.80999755859375,382.0400085449219,381.6300048828125,381.92999267578125,78006
2026-07-21 11:28:00-04:00,381.7950134277344,381.9800109863281,381.7200012207031,381.8399963378906,44406
2026-07-21 11:29:00-04:00,381.9100036621094,381.95001220703125,381.6809997558594,381.80999755859375,48870
2026-07-21 11:30:00-04:00,381.2898864746094,381.9599914550781,381.19000244140625,381.9100036621094,53700
2026-07-21 11:31:00-04:00,380.8851013183594,381.3900146484375,380.8699951171875,381.2699890136719,71098
2026-07-21 11:32:00-04:00,381.1099853515625,381.24700927734375,380.8370056152344,380.91949462890625,60665
2026-07-21 11:33:00-04:00,380.8550109863281,381.3599853515625,380.55010986328125,381.1499938964844,76173
2026-07-21 11:34:00-04:00,380.8349914550781,380.9599914550781,380.6000061035156,380.8450012207031,58174
2026-07-21 11:35:00-04:00,380.760009765625,381.0,380.4700012207031,380.8800048828125,93770
2026-07-21 11:36:00-04:00,380.760009765625,380.8399963378906,380.5199890136719,380.7550048828125,45899
2026-07-21 11:37:00-04:00,380.8550109863281,380.9599914550781,380.67010498046875,380.7300109863281,46736
2026-07-21 11:38:00-04:00,380.7900085449219,380.95001220703125,380.6600036621094,380.8550109863281,42802
2026-07-21 11:39:00-04:00,380.8349914550781,381.0,380.760009765625,380.80999755859375,39450
2026-07-21 11:40:00-04:00,381.0950012207031,381.139892578125,380.6600036621094,380.79998779296875,52996
2026-07-21 11:41:00-04:00,381.05999755859375,381.2699890136719,380.9599914550781,381.1050109863281,47693
2026-07-21 11:42:00-04:00,381.1000061035156,381.1099853515625,380.80059814453125,381.05999755859375,43506
2026-07-21 11:43:00-04:00,381.135009765625,381.25,381.04998779296875,381.10760498046875,32515
2026-07-21 11:44:00-04:00,380.92999267578125,381.2099914550781,380.8999938964844,381.1709899902344,36875
2026-07-21 11:45:00-04:00,380.760009765625,381.0400085449219,380.760009765625,380.9599914550781,36783
2026-07-21 11:46:00-04:00,380.82000732421875,380.9197082519531,380.6700134277344,380.760009765625,38560
2026-07-21 11:47:00-04:00,381.5799865722656,381.6099853515625,380.8399963378906,380.8399963378906,63755
2026-07-21 11:48:00-04:00,381.80499267578125,381.96990966796875,381.5799865722656,381.5799865722656,71186
2026-07-21 11:49:00-04:00,382.17669677734375,382.260009765625,381.760009765625,381.80499267578125,106033
2026-07-21 11:50:00-04:00,382.1799011230469,382.3699951171875,382.1000061035156,382.2250061035156,60242
2026-07-21 11:51:00-04:00,381.9100036621094,382.2200012207031,381.739990234375,382.1400146484375,52708
2026-07-21 11:52:00-04:00,381.42999267578125,381.9700012207031,381.42999267578125,381.9494934082031,32885
2026-07-21 11:53:00-04:00,381.8500061035156,381.9194030761719,381.3900146484375,381.4949951171875,34566
2026-07-21 11:54:00-04:00,381.6499938964844,381.8900146484375,381.6199951171875,381.8800048828125,27048
2026-07-21 11:55:00-04:00,381.7900085449219,381.8299865722656,381.57000732421875,381.6698913574219,30466
2026-07-21 11:56:00-04:00,381.67498779296875,382.0299987792969,381.67498779296875,381.739990234375,37385
2026-07-21 11:57:00-04:00,381.4649963378906,381.7799987792969,381.4057922363281,381.6814880371094,27360
2026-07-21 11:58:00-04:00,381.3599853515625,381.5899963378906,381.3100891113281,381.4649963378906,37476
2026-07-21 11:59:00-04:00,381.0899963378906,381.4200134277344,380.94000244140625,381.3301086425781,52642
2026-07-21 12:00:00-04:00,381.4100036621094,381.55999755859375,381.0000915527344,381.1000061035156,32701
2026-07-21 12:01:00-04:00,381.55499267578125,381.6000061035156,381.30999755859375,381.4549865722656,23494
2026-07-21 12:02:00-04:00,381.4700012207031,381.67999267578125,381.25,381.55499267578125,33275
2026-07-21 12:03:00-04:00,381.2900085449219,381.4700012207031,381.19000244140625,381.4200134277344,32902
2026-07-21 12:04:00-04:00,381.4999084472656,381.4999084472656,381.0799865722656,381.32000732421875,39206
2026-07-21 12:05:00-04:00,381.2698974609375,381.489990234375,381.1499938964844,381.489990234375,28556
2026-07-21 12:06:00-04:00,381.19500732421875,381.2699890136719,381.0400085449219,381.25,43916
2026-07-21 12:07:00-04:00,381.1101989746094,381.3299865722656,381.0799865722656,381.19500732421875,32103
2026-07-21 12:08:00-04:00,381.20001220703125,381.42999267578125,381.1300048828125,381.1449890136719,34324
2026-07-21 12:09:00-04:00,381.0400085449219,381.30999755859375,381.0199890136719,381.2349853515625,24910
2026-07-21 12:10:00-04:00,381.3700866699219,381.45001220703125,380.8900146484375,381.07000732421875,47050
2026-07-21 12:11:00-04:00,381.4100036621094,381.6300048828125,381.30999755859375,381.3703918457031,32000
2026-07-21 12:12:00-04:00,381.5400085449219,381.5799865722656,381.3399963378906,381.3949890136719,23265
2026-07-21 12:13:00-04:00,381.2349853515625,381.55999755859375,381.1199951171875,381.5400085449219,28928
2026-07-21 12:14:00-04:00,381.0899963378906,381.260009765625,380.99200439453125,381.2449951171875,38075
2026-07-21 12:15:00-04:00,381.05999755859375,381.2099914550781,380.8710021972656,381.05999755859375,57162
2026-07-21 12:16:00-04:00,381.04998779296875,381.1199951171875,380.91009521484375,381.0614929199219,23276
2026-07-21 12:17:00-04:00,380.9601135253906,381.1199951171875,380.8699951171875,381.0299987792969,26988
2026-07-21 12:18:00-04:00,380.8349914550781,381.05999755859375,380.739990234375,380.93121337890625,46110
2026-07-21 12:19:00-04:00,381.0050048828125,381.05999755859375,380.7799987792969,380.80999755859375,35566
2026-07-21 12:20:00-04:00,381.19500732421875,381.2650146484375,380.8399963378906,381.0050048828125,35365
2026-07-21 12:21:00-04:00,381.1449890136719,381.2300109863281,381.0,381.2300109863281,32227
2026-07-21 12:22:00-04:00,381.07501220703125,381.2200012207031,381.010009765625,381.1698913574219,27720
2026-07-21 12:23:00-04:00,381.5849914550781,381.6700134277344,381.07501220703125,381.07501220703125,41674
2026-07-21 12:24:00-04:00,381.7298889160156,381.8699951171875,381.5,381.6400146484375,43947
2026-07-21 12:25:00-04:00,381.9849853515625,382.0450134277344,381.6199951171875,381.6650085449219,61480
2026-07-21 12:26:00-04:00,381.6650085449219,382.0199890136719,381.6300048828125,381.9700012207031,54587
2026-07-21 12:27:00-04:00,381.2200012207031,381.70001220703125,381.1300048828125,381.6650085449219,57409
2026-07-21 12:28:00-04:00,381.4324951171875,381.54998779296875,381.1600036621094,381.2200012207031,28121
2026-07-21 12:29:00-04:00,381.3349914550781,381.4599914550781,381.2300109863281,381.4200134277344,22101
2026-07-21 12:30:00-04:00,381.4150085449219,381.45989990234375,381.202392578125,381.3699951171875,27040
2026-07-21 12:31:00-04:00,381.19000244140625,381.4872131347656,380.9800109863281,381.4150085449219,44566
2026-07-21 12:32:00-04:00,381.39849853515625,381.3999938964844,381.0700988769531,381.2300109863281,23462
2026-07-21 12:33:00-04:00,381.54998779296875,381.7099914550781,381.3500061035156,381.3500061035156,37035
2026-07-21 12:34:00-04:00,381.29998779296875,381.55999755859375,381.10198974609375,381.55999755859375,37021
2026-07-21 12:35:00-04:00,381.1700134277344,381.4999084472656,381.1600036621094,381.32000732421875,34278
2026-07-21 12:36:00-04:00,381.07000732421875,381.2300109863281,381.0000915527344,381.17010498046875,43196
2026-07-21 12:37:00-04:00,381.0799865722656,381.1099853515625,380.8702087402344,381.1000061035156,32967
2026-07-21 12:38:00-04:00,381.1549987792969,381.2178955078125,380.99261474609375,381.0899963378906,30051
2026-07-21 12:39:00-04:00,381.1300048828125,381.1499938964844,380.9700012207031,381.1099853515625,23644
2026-07-21 12:40:00-04:00,380.9200134277344,381.13958740234375,380.8699951171875,381.13958740234375,27805
2026-07-21 12:41:00-04:00,380.9700012207031,381.25,380.8500061035156,380.8999938964844,93995
2026-07-21 12:42:00-04:00,380.8900146484375,381.0799865722656,380.8699951171875,381.0,23618
2026-07-21 12:43:00-04:00,380.8999938964844,380.989990234375,380.7799987792969,380.92999267578125,25217
2026-07-21 12:44:00-04:00,380.7300109863281,380.94500732421875,380.6499938964844,380.9200134277344,31499
2026-07-21 12:45:00-04:00,380.7099914550781,380.8500061035156,380.57000732421875,380.7300109863281,26799
2026-07-21 12:46:00-04:00,380.9804992675781,380.989990234375,380.3301086425781,380.739990234375,98718
2026-07-21 12:47:00-04:00,380.9700012207031,381.0199890136719,380.8599853515625,380.95001220703125,43521
2026-07-21 12:48:00-04:00,381.0899963378906,381.19000244140625,380.82000732421875,380.9150085449219,45366
2026-07-21 12:49:00-04:00,380.989990234375,381.135009765625,380.989990234375,381.0899963378906,29130
2026-07-21 12:50:00-04:00,381.1499938964844,381.20001220703125,380.95001220703125,380.9801025390625,26916
2026-07-21 12:51:00-04:00,381.30999755859375,381.489990234375,381.1400146484375,381.1400146484375,36532
2026-07-21 12:52:00-04:00,381.239990234375,381.3299865722656,381.1600036621094,381.3299865722656,21768
2026-07-21 12:53:00-04:00,381.1549987792969,381.239990234375,381.064697265625,381.239990234375,18691
2026-07-21 12:54:00-04:00,381.07000732421875,381.20001220703125,381.04998779296875,381.1300048828125,32861
2026-07-21 12:55:00-04:00,381.1600036621094,381.2099914550781,381.010009765625,381.0400085449219,32719
2026-07-21 12:56:00-04:00,380.93011474609375,381.1700134277344,380.9200134277344,381.1600036621094,29139
2026-07-21 12:57:00-04:00,380.9800109863281,381.1099853515625,380.9100036621094,380.92999267578125,28439
2026-07-21 12:58:00-04:00,380.9490051269531,381.0794982910156,380.8800048828125,381.0180969238281,35075
2026-07-21 12:59:00-04:00,380.6700134277344,380.9898986816406,380.6600036621094,380.9599914550781,46824
2026-07-21 13:00:00-04:00,381.1549987792969,381.1650085449219,380.6700134277344,380.69000244140625,54109
2026-07-21 13:01:00-04:00,381.0299987792969,381.19000244140625,380.9700012207031,381.1300964355469,20925
2026-07-21 13:02:00-04:00,381.0174865722656,381.06500244140625,380.8500061035156,381.0299987792969,26861
2026-07-21 13:03:00-04:00,380.9200134277344,381.05999755859375,380.9100036621094,381.0150146484375,20703
2026-07-21 13:04:00-04:00,380.82000732421875,380.92999267578125,380.7720031738281,380.92999267578125,42838
2026-07-21 13:05:00-04:00,380.989990234375,381.07000732421875,380.7799987792969,380.82000732421875,27427
2026-07-21 13:06:00-04:00,380.8999938964844,381.05999755859375,380.8500061035156,381.010009765625,28105
2026-07-21 13:07:00-04:00,380.95001220703125,381.081298828125,380.8700866699219,380.8700866699219,18504
2026-07-21 13:08:00-04:00,380.9549865722656,380.97979736328125,380.8999938964844,380.94500732421875,17247
2026-07-21 13:09:00-04:00,380.4649963378906,381.07000732421875,380.44000244140625,380.9800109863281,53068
2026-07-21 13:10:00-04:00,379.8599853515625,380.5498962402344,379.79998779296875,380.4599914550781,120722
2026-07-21 13:11:00-04:00,379.989990234375,380.0849914550781,379.6700134277344,379.8349914550781,138409
2026-07-21 13:12:00-04:00,379.7300109863281,379.9800109863281,379.6400146484375,379.94500732421875,39851
2026-07-21 13:13:00-04:00,379.69500732421875,379.8800048828125,379.5799865722656,379.7300109863281,39235
2026-07-21 13:14:00-04:00,379.7449951171875,379.7650146484375,379.6099853515625,379.6600036621094,27299
2026-07-21 13:15:00-04:00,379.6099853515625,379.75,379.54998779296875,379.7304992675781,35141
2026-07-21 13:16:00-04:00,379.7799987792969,380.1000061035156,379.6700134277344,379.7099914550781,62570
2026-07-21 13:17:00-04:00,379.7701110839844,379.8904113769531,379.6000061035156,379.7799987792969,46045
2026-07-21 13:18:00-04:00,379.8599853515625,379.8999938964844,379.7699890136719,379.7699890136719,14171
2026-07-21 13:19:00-04:00,379.6199951171875,379.8999938964844,379.5799865722656,379.8699951171875,42517
2026-07-21 13:20:00-04:00,379.6199951171875,379.70001220703125,379.510009765625,379.635009765625,48199
2026-07-21 13:21:00-04:00,379.5199890136719,379.6600036621094,379.3500061035156,379.6199951171875,48915
2026-07-21 13:22:00-04:00,379.79998779296875,379.8713073730469,379.50189208984375,379.54998779296875,33751
2026-07-21 13:23:00-04:00,379.7900085449219,379.8999938964844,379.6300048828125,379.80999755859375,28401
2026-07-21 13:24:00-04:00,379.67999267578125,379.8616943359375,379.67999267578125,379.80999755859375,21969
2026-07-21 13:25:00-04:00,379.739990234375,379.8599853515625,379.69000244140625,379.69500732421875,34323
2026-07-21 13:26:00-04:00,379.32000732421875,379.75,379.32000732421875,379.739990234375,32467
2026-07-21 13:27:00-04:00,379.29998779296875,379.5,379.281005859375,379.3500061035156,51988
2026-07-21 13:28:00-04:00,379.5299987792969,379.5899963378906,379.1199951171875,379.2749938964844,74775
2026-07-21 13:29:00-04:00,379.43011474609375,379.6499938964844,379.3900146484375,379.5299987792969,20970
2026-07-21 13:30:00-04:00,379.8200988769531,380.0199890136719,379.44000244140625,379.45379638671875,76954
2026-07-21 13:31:00-04:00,379.7850036621094,379.8775939941406,379.6600036621094,379.82000732421875,20744
2026-07-21 13:32:00-04:00,379.7550048828125,379.8399963378906,379.5799865722656,379.80999755859375,25036
2026-07-21 13:33:00-04:00,379.7900085449219,379.7900085449219,379.67999267578125,379.75,22020
2026-07-21 13:34:00-04:00,379.4700012207031,379.7900085449219,379.3599853515625,379.739990234375,37071
2026-07-21 13:35:00-04:00,379.8299865722656,379.8299865722656,379.489990234375,379.5299987792969,17516
2026-07-21 13:36:00-04:00,380.1449890136719,380.20001220703125,379.80999755859375,379.80999755859375,30350
2026-07-21 13:37:00-04:00,380.2200012207031,380.3800048828125,380.1449890136719,380.1449890136719,35633
2026-07-21 13:38:00-04:00,380.2850036621094,380.45001220703125,380.2001037597656,380.2001037597656,27684
2026-07-21 13:39:00-04:00,380.1499938964844,380.3500061035156,380.1099853515625,380.2850036621094,35208
2026-07-21 13:40:00-04:00,380.1400146484375,380.25,380.0899963378906,380.1499938964844,39344
2026-07-21 13:41:00-04:00,379.95001220703125,380.1400146484375,379.9200134277344,380.1400146484375,23399
2026-07-21 13:42:00-04:00,379.69000244140625,379.95001220703125,379.6300964355469,379.9200134277344,26841
2026-07-21 13:43:00-04:00,379.6300048828125,379.82000732421875,379.5299987792969,379.69000244140625,29136
2026-07-21 13:44:00-04:00,379.6499938964844,379.9200134277344,379.6099853515625,379.6099853515625,43622
2026-07-21 13:45:00-04:00,379.68499755859375,379.8900146484375,379.6700134277344,379.7300109863281,22400
2026-07-21 13:46:00-04:00,379.8999938964844,380.05999755859375,379.6000061035156,379.66009521484375,28552
2026-07-21 13:47:00-04:00,379.9849853515625,380.010009765625,379.8200988769531,379.8200988769531,17195
2026-07-21 13:48:00-04:00,379.9100036621094,380.0260009765625,379.8800048828125,379.9700012207031,15343
2026-07-21 13:49:00-04:00,380.1700134277344,380.29949951171875,379.8900146484375,379.94000244140625,23996
2026-07-21 13:50:00-04:00,380.07501220703125,380.3500061035156,379.9700012207031,380.1449890136719,54945
2026-07-21 13:51:00-04:00,379.7300109863281,380.1099853515625,379.6700134277344,380.0400085449219,36401
2026-07-21 13:52:00-04:00,379.67999267578125,379.75,379.6300048828125,379.6960144042969,18321
2026-07-21 13:53:00-04:00,379.3815002441406,379.70001220703125,379.3800048828125,379.6700134277344,31832
2026-07-21 13:54:00-04:00,379.2699890136719,379.3999938964844,379.2099914550781,379.3800048828125,33809
2026-07-21 13:55:00-04:00,379.29998779296875,379.3299865722656,379.1099853515625,379.2200012207031,29914
2026-07-21 13:56:00-04:00,379.3450012207031,379.4100036621094,379.2099914550781,379.2550048828125,25152
2026-07-21 13:57:00-04:00,379.2972106933594,379.54998779296875,379.2799987792969,379.3450012207031,38064
2026-07-21 13:58:00-04:00,379.3183898925781,379.4100036621094,379.2799987792969,379.3500061035156,12241
2026-07-21 13:59:00-04:00,379.489990234375,379.5899963378906,379.29998779296875,379.32000732421875,26210
2026-07-21 14:00:00-04:00,379.67010498046875,379.8500061035156,379.4599914550781,379.5,37698
2026-07-21 14:01:00-04:00,379.8299865722656,380.1000061035156,379.67999267578125,379.7699890136719,40313
2026-07-21 14:02:00-04:00,379.9700012207031,380.1000061035156,379.8399963378906,379.864990234375,25820
2026-07-21 14:03:00-04:00,380.1400146484375,380.20001220703125,379.9200134277344,379.94171142578125,40681
2026-07-21 14:04:00-04:00,380.30999755859375,380.44000244140625,380.07000732421875,380.0899963378906,37194
2026-07-21 14:05:00-04:00,380.2799987792969,380.510009765625,380.2200012207031,380.3999938964844,61457
2026-07-21 14:06:00-04:00,380.2101135253906,380.42498779296875,380.0899963378906,380.2301025390625,28328
2026-07-21 14:07:00-04:00,380.25,380.3699951171875,380.210205078125,380.210205078125,29716
2026-07-21 14:08:00-04:00,380.2650146484375,380.5223083496094,380.20001220703125,380.30999755859375,31070
2026-07-21 14:09:00-04:00,380.18499755859375,380.3500061035156,380.1499938964844,380.2550048828125,19603
2026-07-21 14:10:00-04:00,380.2699890136719,380.29998779296875,380.05999755859375,380.2200012207031,17115
2026-07-21 14:11:00-04:00,380.239990234375,380.3500061035156,380.05999755859375,380.239990234375,17149
2026-07-21 14:12:00-04:00,380.1199951171875,380.3399963378906,379.9700012207031,380.2850036621094,40764
2026-07-21 14:13:00-04:00,380.2200012207031,380.25,380.06500244140625,380.125,27480
2026-07-21 14:14:00-04:00,379.9750061035156,380.19000244140625,379.9599914550781,380.1700134277344,21749
2026-07-21 14:15:00-04:00,380.010009765625,380.047607421875,379.9100036621094,379.9700012207031,22200
2026-07-21 14:16:00-04:00,380.010009765625,380.1099853515625,379.9801025390625,380.0,15745
2026-07-21 14:17:00-04:00,380.1000061035156,380.19000244140625,380.0199890136719,380.0199890136719,17427
2026-07-21 14:18:00-04:00,380.2401123046875,380.33990478515625,380.1000061035156,380.1700134277344,18670
2026-07-21 14:19:00-04:00,380.1199951171875,380.2699890136719,380.0799865722656,380.2200012207031,25520
2026-07-21 14:20:00-04:00,380.1300048828125,380.2349853515625,380.0199890136719,380.1400146484375,23637
2026-07-21 14:21:00-04:00,380.3450012207031,380.3699951171875,380.0899963378906,380.1600036621094,18350
2026-07-21 14:22:00-04:00,380.5,380.6899108886719,380.2799987792969,380.3699951171875,44512
2026-07-21 14:23:00-04:00,380.6099853515625,380.6549987792969,380.48748779296875,380.5,29637
2026-07-21 14:24:00-04:00,380.4100036621094,380.67999267578125,380.3900146484375,380.6000061035156,40963
2026-07-21 14:25:00-04:00,380.3599853515625,380.4100036621094,380.1199951171875,380.3800048828125,44975
2026-07-21 14:26:00-04:00,380.1300048828125,380.4798889160156,380.0600891113281,380.32000732421875,25867
2026-07-21 14:27:00-04:00,379.95001220703125,380.2200012207031,379.80999755859375,380.1698913574219,43606
2026-07-21 14:28:00-04:00,380.0899963378906,380.0899963378906,379.9150085449219,379.9599914550781,31778
2026-07-21 14:29:00-04:00,380.0400085449219,380.1700134277344,380.0400085449219,380.1400146484375,15479
2026-07-21 14:30:00-04:00,380.0199890136719,380.1700134277344,379.9800109863281,380.0400085449219,17606
2026-07-21 14:31:00-04:00,379.8450012207031,380.0498962402344,379.8399963378906,379.9599914550781,38090
2026-07-21 14:32:00-04:00,379.848388671875,380.0201110839844,379.8399963378906,379.86590576171875,21686
2026-07-21 14:33:00-04:00,379.8699951171875,379.92999267578125,379.8399963378906,379.9100036621094,14179
2026-07-21 14:34:00-04:00,379.8500061035156,380.010009765625,379.84228515625,379.8699951171875,15148
2026-07-21 14:35:00-04:00,380.125,380.1400146484375,379.8500061035156,379.8500061035156,37699
2026-07-21 14:36:00-04:00,380.0050048828125,380.17999267578125,379.9700012207031,380.1015930175781,16214
2026-07-21 14:37:00-04:00,379.8299865722656,380.04998779296875,379.7900085449219,379.9949951171875,21770
2026-07-21 14:38:00-04:00,379.6400146484375,379.8699951171875,379.3999938964844,379.8428955078125,40113
2026-07-21 14:39:00-04:00,379.6300048828125,379.79949951171875,379.5899963378906,379.6698913574219,28288
2026-07-21 14:40:00-04:00,379.7300109863281,379.7300109863281,379.54998779296875,379.6300048828125,19875
2026-07-21 14:41:00-04:00,379.67999267578125,379.7799987792969,379.5600891113281,379.7200012207031,16520
2026-07-21 14:42:00-04:00,379.7799987792969,379.7799987792969,379.6050109863281,379.67999267578125,18123
2026-07-21 14:43:00-04:00,379.8999938964844,379.8999938964844,379.70001220703125,379.7300109863281,18217
2026-07-21 14:44:00-04:00,380.0,380.0799865722656,379.864990234375,379.864990234375,30281
2026-07-21 14:45:00-04:00,379.8900146484375,380.156005859375,379.8800048828125,380.0,29055
2026-07-21 14:46:00-04:00,379.8299865722656,379.92999267578125,379.7099914550781,379.9150085449219,18035
2026-07-21 14:47:00-04:00,379.7699890136719,379.8299865722656,379.54998779296875,379.79998779296875,24206
2026-07-21 14:48:00-04:00,379.739990234375,379.82080078125,379.6700134277344,379.7149963378906,18154
2026-07-21 14:49:00-04:00,379.55999755859375,379.7051086425781,379.4700012207031,379.7049865722656,20073
2026-07-21 14:50:00-04:00,379.3699951171875,379.6499938964844,379.3699951171875,379.54998779296875,18576
2026-07-21 14:51:00-04:00,379.2650146484375,379.510009765625,379.21099853515625,379.3999938964844,24229
2026-07-21 14:52:00-04:00,379.0,379.2900085449219,378.9200134277344,379.2900085449219,71520
2026-07-21 14:53:00-04:00,379.0299072265625,379.04998779296875,378.8999938964844,378.9700012207031,29849
2026-07-21 14:54:00-04:00,378.7300109863281,379.0400085449219,378.70001220703125,378.9849853515625,37656
2026-07-21 14:55:00-04:00,378.80999755859375,378.9399108886719,378.57000732421875,378.7099914550781,50587
2026-07-21 14:56:00-04:00,378.44000244140625,378.8999938964844,378.3299865722656,378.79998779296875,49170
2026-07-21 14:57:00-04:00,378.44000244140625,378.57000732421875,378.3999938964844,378.42999267578125,20119
2026-07-21 14:58:00-04:00,378.3800048828125,378.4798889160156,378.3299865722656,378.4549865722656,18372
2026-07-21 14:59:00-04:00,378.3699951171875,378.6000061035156,378.239990234375,378.42999267578125,73088
2026-07-21 15:00:00-04:00,378.20001220703125,378.3450012207031,378.110107421875,378.29998779296875,42435
2026-07-21 15:01:00-04:00,378.1099853515625,378.260009765625,378.04998779296875,378.19000244140625,37238
2026-07-21 15:02:00-04:00,378.2799987792969,378.3900146484375,378.07000732421875,378.1000061035156,40169
2026-07-21 15:03:00-04:00,378.0299987792969,378.30999755859375,377.8500061035156,378.239990234375,48062
2026-07-21 15:04:00-04:00,377.94000244140625,378.159912109375,377.8999938964844,378.0152893066406,33721
2026-07-21 15:05:00-04:00,378.2101135253906,378.3500061035156,377.8100891113281,377.94000244140625,42706
2026-07-21 15:06:00-04:00,378.3399963378906,378.3900146484375,378.1499938964844,378.2449951171875,28074
2026-07-21 15:07:00-04:00,378.2049865722656,378.3900146484375,378.17999267578125,378.3800048828125,28844
2026-07-21 15:08:00-04:00,378.1600036621094,378.2900085449219,378.07000732421875,378.20001220703125,18672
2026-07-21 15:09:00-04:00,378.20098876953125,378.2900085449219,378.1499938964844,378.19000244140625,8610
2026-07-21 15:10:00-04:00,378.1199951171875,378.3299865722656,378.1000061035156,378.2799987792969,20752
2026-07-21 15:11:00-04:00,378.1499938964844,378.20001220703125,378.05999755859375,378.1300048828125,11792
2026-07-21 15:12:00-04:00,378.2200012207031,378.33990478515625,378.1400146484375,378.20001220703125,27447
2026-07-21 15:13:00-04:00,378.0400085449219,378.2598876953125,378.010009765625,378.2066955566406,23479
2026-07-21 15:14:00-04:00,378.06500244140625,378.1600036621094,377.8800048828125,378.05499267578125,44218
2026-07-21 15:15:00-04:00,378.2550048828125,378.29998779296875,377.8599853515625,378.0199890136719,27821
2026-07-21 15:16:00-04:00,378.17999267578125,378.3399963378906,378.0799865722656,378.2550048828125,20927
2026-07-21 15:17:00-04:00,377.9800109863281,378.1600036621094,377.95001220703125,378.1600036621094,22317
2026-07-21 15:18:00-04:00,378.0199890136719,378.098388671875,377.94000244140625,377.9800109863281,15640
2026-07-21 15:19:00-04:00,377.8999938964844,378.1700134277344,377.8500061035156,378.0,31710
2026-07-21 15:20:00-04:00,377.92498779296875,378.0799865722656,377.70001220703125,377.8599853515625,59539
2026-07-21 15:21:00-04:00,377.9200134277344,377.9700012207031,377.7799987792969,377.9150085449219,30816
2026-07-21 15:22:00-04:00,378.04998779296875,378.07501220703125,377.8599853515625,377.9378967285156,35576
2026-07-21 15:23:00-04:00,377.8599853515625,378.1099853515625,377.8399963378906,378.06878662109375,20766
2026-07-21 15:24:00-04:00,377.9700012207031,378.04998779296875,377.8949890136719,377.8999938964844,19824
2026-07-21 15:25:00-04:00,377.75,377.9999084472656,377.70001220703125,377.98919677734375,23561
2026-07-21 15:26:00-04:00,377.7900085449219,377.82000732421875,377.6000061035156,377.7200012207031,39156
2026-07-21 15:27:00-04:00,377.4612121582031,377.9700012207031,377.40008544921875,377.81500244140625,51729
2026-07-21 15:28:00-04:00,377.25,377.6299133300781,377.25,377.45001220703125,47282
2026-07-21 15:29:00-04:00,376.90008544921875,377.42999267578125,376.8999938964844,377.2749938964844,63894
2026-07-21 15:30:00-04:00,377.0450134277344,377.1600036621094,376.94500732421875,376.94500732421875,58602
2026-07-21 15:31:00-04:00,377.0899963378906,377.17999267578125,376.7699890136719,377.04998779296875,85835
2026-07-21 15:32:00-04:00,376.8299865722656,377.14990234375,376.79998779296875,377.0920104980469,64889
2026-07-21 15:33:00-04:00,377.260009765625,377.2900085449219,376.70001220703125,376.8399963378906,61564
2026-07-21 15:34:00-04:00,377.4100036621094,377.54998779296875,377.2500915527344,377.2900085449219,56656
2026-07-21 15:35:00-04:00,377.6099853515625,377.739990234375,377.3800048828125,377.4049987792969,56222
2026-07-21 15:36:00-04:00,377.585693359375,377.7398986816406,377.54010009765625,377.5799865722656,31574
2026-07-21 15:37:00-04:00,377.57000732421875,377.6600036621094,377.3900146484375,377.5899963378906,37712
2026-07-21 15:38:00-04:00,377.54998779296875,377.6400146484375,377.4700012207031,377.510009765625,29925
2026-07-21 15:39:00-04:00,377.68499755859375,377.7300109863281,377.4700012207031,377.5400085449219,43908
2026-07-21 15:40:00-04:00,377.8996887207031,377.9898986816406,377.57000732421875,377.6499938964844,96137
2026-07-21 15:41:00-04:00,377.760009765625,377.8999938964844,377.7200012207031,377.885009765625,31142
2026-07-21 15:42:00-04:00,377.80999755859375,377.9100036621094,377.7200927734375,377.7200927734375,21155
2026-07-21 15:43:00-04:00,377.9150085449219,377.95001220703125,377.7650146484375,377.7900085449219,28702
2026-07-21 15:44:00-04:00,377.760009765625,378.0,377.739990234375,377.9150085449219,47343
2026-07-21 15:45:00-04:00,377.6549987792969,377.92999267578125,377.6199951171875,377.7502136230469,46518
2026-07-21 15:46:00-04:00,377.8450012207031,377.92999267578125,377.6499938964844,377.6499938964844,28674
2026-07-21 15:47:00-04:00,377.7300109863281,377.8599853515625,377.7001037597656,377.8299865722656,33616
2026-07-21 15:48:00-04:00,377.80999755859375,377.8299865722656,377.69000244140625,377.7550048828125,40281
2026-07-21 15:49:00-04:00,377.8999938964844,377.94000244140625,377.6733093261719,377.7900085449219,42041
2026-07-21 15:50:00-04:00,377.3999938964844,377.7900085449219,377.3599853515625,377.7900085449219,76218
2026-07-21 15:51:00-04:00,377.4549865722656,377.5599060058594,377.2950134277344,377.3900146484375,67741
2026-07-21 15:52:00-04:00,377.8299865722656,378.0,377.42999267578125,377.45001220703125,130558
2026-07-21 15:53:00-04:00,377.9599914550781,378.0,377.6600036621094,377.8800048828125,100795
2026-07-21 15:54:00-04:00,379.3599853515625,379.4200134277344,377.7300109863281,377.9599914550781,164646
2026-07-21 15:55:00-04:00,378.70001220703125,379.5799865722656,378.6650085449219,379.3800048828125,215344
2026-07-21 15:56:00-04:00,378.989990234375,379.04998779296875,378.54998779296875,378.70001220703125,120544
2026-07-21 15:57:00-04:00,379.18499755859375,379.4849853515625,378.9800109863281,378.989990234375,174582
2026-07-21 15:58:00-04:00,379.0799865722656,379.25,378.9100036621094,379.2099914550781,242169
2026-07-21 15:59:00-04:00,378.9198913574219,379.2799987792969,378.8599853515625,379.07000732421875,509645
2026-07-22 09:30:00-04:00,377.635009765625,377.88739013671875,374.92999267578125,375.3710021972656,1007555
2026-07-22 09:31:00-04:00,375.875,378.29998779296875,375.44000244140625,377.6400146484375,207867
2026-07-22 09:32:00-04:00,377.57000732421875,378.25,375.69000244140625,375.69000244140625,122435
2026-07-22 09:33:00-04:00,377.260009765625,378.239990234375,377.07000732421875,377.7200012207031,103652
2026-07-22 09:34:00-04:00,377.79998779296875,377.9649963378906,377.0639953613281,377.260009765625,75763
2026-07-22 09:35:00-04:00,377.7900085449219,378.239990234375,377.1499938964844,377.9100036621094,107984
2026-07-22 09:36:00-04:00,377.4599914550781,378.20001220703125,377.4100036621094,377.8900146484375,93595
2026-07-22 09:37:00-04:00,378.135009765625,378.4200134277344,377.42999267578125,377.6099853515625,98148
2026-07-22 09:38:00-04:00,378.67999267578125,378.79998779296875,377.75,378.1549987792969,126386
2026-07-22 09:39:00-04:00,378.18499755859375,378.69000244140625,377.5,378.5950012207031,104034
2026-07-22 09:40:00-04:00,378.4049987792969,378.739990234375,377.7699890136719,378.2131042480469,90895
2026-07-22 09:41:00-04:00,377.8299865722656,379.1099853515625,377.65008544921875,378.3599853515625,128168
2026-07-22 09:42:00-04:00,377.760009765625,378.32000732421875,377.42010498046875,377.64898681640625,83195
2026-07-22 09:43:00-04:00,378.1199951171875,378.489990234375,377.5199890136719,377.760009765625,94019
2026-07-22 09:44:00-04:00,378.5201110839844,378.75,378.0199890136719,378.1294860839844,101082
2026-07-22 09:45:00-04:00,378.8900146484375,379.75,378.5299987792969,378.55999755859375,143718
2026-07-22 09:46:00-04:00,379.2254943847656,379.4374084472656,378.85198974609375,378.8544006347656,86075
2026-07-22 09:47:00-04:00,379.0,379.3500061035156,378.8399963378906,379.2699890136719,72475
2026-07-22 09:48:00-04:00,378.9833984375,379.1698913574219,378.67999267578125,378.9700012207031,83085
2026-07-22 09:49:00-04:00,379.70001220703125,379.8900146484375,378.7900085449219,378.8999938964844,116444
2026-07-22 09:50:00-04:00,378.6499938964844,379.80999755859375,378.3900146484375,379.6400146484375,100849
2026-07-22 09:51:00-04:00,379.05999755859375,379.05999755859375,378.3999938964844,378.510009765625,69234
2026-07-22 09:52:00-04:00,379.32000732421875,379.79998779296875,378.94000244140625,379.0350036621094,96888
2026-07-22 09:53:00-04:00,379.9800109863281,380.1000061035156,379.29998779296875,379.3399963378906,162199
2026-07-22 09:54:00-04:00,380.0400085449219,380.1700134277344,379.6000061035156,380.0400085449219,77351
2026-07-22 09:55:00-04:00,379.6300048828125,380.1499938964844,379.239990234375,380.05499267578125,100783
2026-07-22 09:56:00-04:00,378.8999938964844,379.5799865722656,378.5101013183594,379.5799865722656,95667
2026-07-22 09:57:00-04:00,379.0849914550781,379.2300109863281,378.6600036621094,379.0,66291
2026-07-22 09:58:00-04:00,379.4469909667969,379.6300048828125,379.07000732421875,379.0799865722656,69655
2026-07-22 09:59:00-04:00,379.5400085449219,379.7300109863281,379.2950134277344,379.4100036621094,53704
2026-07-22 10:00:00-04:00,380.0751037597656,380.139892578125,379.4700012207031,379.6000061035156,94449
2026-07-22 10:01:00-04:00,379.1549987792969,380.1099853515625,378.7701110839844,380.0950012207031,97329
2026-07-22 10:02:00-04:00,378.9800109863281,379.2349853515625,378.7301025390625,379.17999267578125,43617
2026-07-22 10:03:00-04:00,379.2300109863281,379.3500061035156,378.8699951171875,378.9800109863281,50090
2026-07-22 10:04:00-04:00,379.4678955078125,379.5400085449219,379.1499938964844,379.2012939453125,58098
2026-07-22 10:05:00-04:00,379.8153991699219,379.989990234375,379.29998779296875,379.44000244140625,90711
2026-07-22 10:06:00-04:00,379.2297058105469,379.8699951171875,379.07000732421875,379.82000732421875,73620
2026-07-22 10:07:00-04:00,378.3699951171875,379.3699951171875,378.1400146484375,379.17999267578125,129672
2026-07-22 10:08:00-04:00,377.30499267578125,378.389892578125,377.2900085449219,378.3299865722656,131560
2026-07-22 10:09:00-04:00,377.010009765625,377.5199890136719,376.79998779296875,377.30499267578125,124936
2026-07-22 10:10:00-04:00,377.3362121582031,377.57818603515625,377.0,377.0,93784
2026-07-22 10:11:00-04:00,377.443603515625,377.82000732421875,377.3399963378906,377.3399963378906,95483
2026-07-22 10:12:00-04:00,377.37310791015625,377.8599853515625,377.3500061035156,377.4549865722656,56948
2026-07-22 10:13:00-04:00,377.1400146484375,377.7699890136719,377.0716857910156,377.4049987792969,62299
2026-07-22 10:14:00-04:00,377.3450012207031,377.44000244140625,376.82000732421875,377.1700134277344,59757
2026-07-22 10:15:00-04:00,376.4840087890625,377.3800048828125,376.16009521484375,377.3800048828125,104497
2026-07-22 10:16:00-04:00,376.7550048828125,376.989990234375,376.3900146484375,376.4751892089844,92712
2026-07-22 10:17:00-04:00,377.239990234375,377.30999755859375,376.69000244140625,376.8500061035156,56460
2026-07-22 10:18:00-04:00,376.7699890136719,377.42999267578125,376.7300109863281,377.2744140625,45156
2026-07-22 10:19:00-04:00,377.3901062011719,377.4800109863281,376.7200012207031,376.7300109863281,46314
2026-07-22 10:20:00-04:00,377.7650146484375,377.8399963378906,377.0815124511719,377.3900146484375,81507
2026-07-22 10:21:00-04:00,377.67999267578125,377.7998962402344,377.4800109863281,377.760009765625,45422
2026-07-22 10:22:00-04:00,377.9949951171875,378.08990478515625,377.5799865722656,377.6600036621094,85470
2026-07-22 10:23:00-04:00,377.95001220703125,378.08990478515625,377.29998779296875,378.02960205078125,72348
2026-07-22 10:24:00-04:00,377.7300109863281,378.17999267578125,377.3800048828125,377.9501037597656,52612
2026-07-22 10:25:00-04:00,378.010009765625,378.14898681640625,377.7300109863281,377.82501220703125,62280
2026-07-22 10:26:00-04:00,377.67999267578125,378.0599060058594,377.40008544921875,377.9411926269531,41478
2026-07-22 10:27:00-04:00,377.5,377.79998779296875,377.239990234375,377.6200866699219,41767
2026-07-22 10:28:00-04:00,377.45001220703125,377.79998779296875,377.29998779296875,377.54998779296875,43057
2026-07-22 10:29:00-04:00,377.4849853515625,377.7200012207031,377.3299865722656,377.414794921875,31293
2026-07-22 10:30:00-04:00,377.6499938964844,377.7799987792969,377.41009521484375,377.510009765625,29105
2026-07-22 10:31:00-04:00,377.57000732421875,377.6199951171875,377.2900085449219,377.5799865722656,43095
2026-07-22 10:32:00-04:00,377.67010498046875,377.75,377.510009765625,377.5350036621094,31522
2026-07-22 10:33:00-04:00,377.42730712890625,377.84991455078125,377.29998779296875,377.75,51101
2026-07-22 10:34:00-04:00,376.8901062011719,377.4800109863281,376.8901062011719,377.4800109863281,72572
2026-07-22 10:35:00-04:00,377.58990478515625,377.58990478515625,376.95001220703125,377.0,39605
2026-07-22 10:36:00-04:00,377.7200012207031,378.0098876953125,377.489990234375,377.5350036621094,55743
2026-07-22 10:37:00-04:00,377.35809326171875,377.9200134277344,377.29180908203125,377.7200012207031,88698
2026-07-22 10:38:00-04:00,377.2598876953125,377.4700012207031,377.0400085449219,377.29998779296875,28734
2026-07-22 10:39:00-04:00,377.5299987792969,377.56988525390625,377.16009521484375,377.1700134277344,24331
2026-07-22 10:40:00-04:00,377.56500244140625,377.7099914550781,377.3900146484375,377.489990234375,25731
2026-07-22 10:41:00-04:00,376.9999084472656,377.57501220703125,376.8203125,377.5668029785156,48631
2026-07-22 10:42:00-04:00,377.29998779296875,377.3699951171875,376.7799987792969,376.95001220703125,44508
2026-07-22 10:43:00-04:00,377.3299865722656,377.3299865722656,377.1199951171875,377.2900085449219,30132
2026-07-22 10:44:00-04:00,376.9200134277344,377.3999938964844,376.8599853515625,377.30999755859375,35384
2026-07-22 10:45:00-04:00,377.0799865722656,377.1600036621094,376.6000061035156,376.8999938964844,57199
2026-07-22 10:46:00-04:00,377.42999267578125,377.510009765625,376.9200134277344,377.07501220703125,48088
2026-07-22 10:47:00-04:00,377.4599914550781,377.510009765625,377.20001220703125,377.42999267578125,37848
2026-07-22 10:48:00-04:00,377.6700134277344,377.739990234375,377.4100036621094,377.489990234375,32259
2026-07-22 10:49:00-04:00,377.55999755859375,377.7099914550781,377.2900085449219,377.6700134277344,40191
2026-07-22 10:50:00-04:00,377.6050109863281,377.70001220703125,377.3599853515625,377.6000061035156,19723
2026-07-22 10:51:00-04:00,377.0350036621094,377.659912109375,376.7749938964844,377.6300048828125,60510
2026-07-22 10:52:00-04:00,377.0199890136719,377.3399963378906,376.8999938964844,377.0840148925781,43986
2026-07-22 10:53:00-04:00,377.0,377.1600036621094,376.96649169921875,377.04998779296875,25879
2026-07-22 10:54:00-04:00,376.6700134277344,377.2799072265625,376.6659851074219,377.0799865722656,42396
2026-07-22 10:55:00-04:00,376.7598876953125,376.760009765625,376.25,376.67999267578125,55938
2026-07-22 10:56:00-04:00,376.80999755859375,377.0299987792969,376.614990234375,376.760009765625,36897
2026-07-22 10:57:00-04:00,377.19000244140625,377.19000244140625,376.8299865722656,376.909912109375,36417
2026-07-22 10:58:00-04:00,377.1000061035156,377.260009765625,377.010009765625,377.17999267578125,27558
2026-07-22 10:59:00-04:00,377.18499755859375,377.32000732421875,377.06500244140625,377.1000061035156,38883
2026-07-22 11:00:00-04:00,377.6000061035156,377.6000061035156,377.1199951171875,377.1400146484375,41293
2026-07-22 11:01:00-04:00,377.3599853515625,377.739990234375,377.3500061035156,377.55999755859375,51673
2026-07-22 11:02:00-04:00,376.614990234375,377.3599853515625,376.5400085449219,377.3399963378906,67661
2026-07-22 11:03:00-04:00,376.7650146484375,376.8599853515625,376.55999755859375,376.6400146484375,38509
2026-07-22 11:04:00-04:00,377.1300048828125,377.20001220703125,376.6600036621094,376.7650146484375,52559
2026-07-22 11:05:00-04:00,377.2900085449219,377.39990234375,376.839599609375,377.1300048828125,33697
2026-07-22 11:06:00-04:00,377.2250061035156,377.2900085449219,377.0033874511719,377.2699890136719,29277
2026-07-22 11:07:00-04:00,377.4949951171875,377.5400085449219,377.1700134277344,377.1700134277344,34290
2026-07-22 11:08:00-04:00,377.09368896484375,377.4800109863281,376.9100036621094,377.4800109863281,45211
2026-07-22 11:09:00-04:00,376.739990234375,377.0899963378906,376.6499938964844,377.0899963378906,44835
2026-07-22 11:10:00-04:00,376.9200134277344,376.9630126953125,376.6400146484375,376.69000244140625,28538
2026-07-22 11:11:00-04:00,376.90631103515625,377.0,376.8005065917969,376.8800048828125,46297
2026-07-22 11:12:00-04:00,376.8949890136719,376.989990234375,376.79998779296875,376.9700012207031,18462
2026-07-22 11:13:00-04:00,376.8800048828125,376.9800109863281,376.67010498046875,376.8949890136719,29734
2026-07-22 11:14:00-04:00,377.1897888183594,377.239990234375,376.8599853515625,376.8800048828125,29536
2026-07-22 11:15:00-04:00,377.1199951171875,377.3500061035156,377.1199951171875,377.2200012207031,30709
2026-07-22 11:16:00-04:00,377.2998962402344,377.30999755859375,377.1400146484375,377.17999267578125,24315
2026-07-22 11:17:00-04:00,377.19000244140625,377.3900146484375,377.1700134277344,377.2900085449219,18983
2026-07-22 11:18:00-04:00,377.5799865722656,377.5799865722656,377.1099853515625,377.19000244140625,535431
2026-07-22 11:19:00-04:00,377.92498779296875,378.0199890136719,377.4700012207031,377.5450134277344,72948
2026-07-22 11:20:00-04:00,378.5700988769531,378.70001220703125,377.7200012207031,377.9599914550781,90716
2026-07-22 11:21:00-04:00,378.1499938964844,378.6700134277344,378.1400146484375,378.5,45088
2026-07-22 11:22:00-04:00,378.23199462890625,378.2799987792969,377.9242858886719,378.1199951171875,41284
2026-07-22 11:23:00-04:00,378.1449890136719,378.2699890136719,377.8599853515625,378.2699890136719,42476
2026-07-22 11:24:00-04:00,378.1549987792969,378.3999938964844,378.0199890136719,378.1449890136719,31588
2026-07-22 11:25:00-04:00,378.1000061035156,378.25,378.010009765625,378.1549987792969,30240
2026-07-22 11:26:00-04:00,378.19000244140625,378.2900085449219,378.1000061035156,378.1199951171875,29319
2026-07-22 11:27:00-04:00,378.3599853515625,378.5,378.1499938964844,378.19000244140625,46064
2026-07-22 11:28:00-04:00,377.80999755859375,378.3999938964844,377.79998779296875,378.3299865722656,36211
2026-07-22 11:29:00-04:00,377.9974060058594,378.0,377.7101135253906,377.89990234375,29063
2026-07-22 11:30:00-04:00,378.010009765625,378.0599060058594,377.7200012207031,377.99951171875,32983
2026-07-22 11:31:00-04:00,377.9599914550781,378.1199951171875,377.8999938964844,378.05120849609375,28090
2026-07-22 11:32:00-04:00,377.79998779296875,378.0400085449219,377.75048828125,377.9800109863281,23082
2026-07-22 11:33:00-04:00,377.6600036621094,377.8299865722656,377.54998779296875,377.7699890136719,36443
2026-07-22 11:34:00-04:00,377.510009765625,377.8598937988281,377.5,377.6650085449219,20828
2026-07-22 11:35:00-04:00,377.6499938964844,377.69000244140625,377.4425964355469,377.5899963378906,21955
2026-07-22 11:36:00-04:00,377.75,377.8599853515625,377.4800109863281,377.6449890136719,31015
2026-07-22 11:37:00-04:00,377.7200012207031,377.8299865722656,377.5,377.7349853515625,22177
2026-07-22 11:38:00-04:00,377.6300048828125,377.79998779296875,377.5199890136719,377.760009765625,25647
2026-07-22 11:39:00-04:00,377.29998779296875,377.625,377.2200012207031,377.625,43380
2026-07-22 11:40:00-04:00,377.70001220703125,377.7099914550781,376.9100036621094,377.29998779296875,85517
2026-07-22 11:41:00-04:00,377.82000732421875,377.8800048828125,377.6199951171875,377.7900085449219,57752
2026-07-22 11:42:00-04:00,377.625,377.8399963378906,377.5799865722656,377.7699890136719,17242
2026-07-22 11:43:00-04:00,378.17999267578125,378.29998779296875,377.44000244140625,377.6199951171875,104610
2026-07-22 11:44:00-04:00,378.30999755859375,378.5799865722656,377.82000732421875,377.82000732421875,63231
2026-07-22 11:45:00-04:00,378.739990234375,378.9100036621094,378.4200134277344,378.4200134277344,52395
2026-07-22 11:46:00-04:00,378.3999938964844,378.95001220703125,378.2900085449219,378.7699890136719,43195
2026-07-22 11:47:00-04:00,378.5150146484375,378.67999267578125,378.2846984863281,378.4049987792969,23327
2026-07-22 11:48:00-04:00,378.260009765625,378.55999755859375,378.1805114746094,378.5150146484375,34174
2026-07-22 11:49:00-04:00,378.7049865722656,378.75,378.1199951171875,378.239990234375,43181
2026-07-22 11:50:00-04:00,378.6000061035156,378.79998779296875,378.4601135253906,378.70001220703125,43842
2026-07-22 11:51:00-04:00,378.6549987792969,378.739990234375,378.44000244140625,378.510009765625,20748
2026-07-22 11:52:00-04:00,378.54998779296875,378.6600036621094,378.4599914550781,378.6549987792969,19900
2026-07-22 11:53:00-04:00,378.4649963378906,378.5899963378906,378.42999267578125,378.55499267578125,36787
2026-07-22 11:54:00-04:00,378.4150085449219,378.54998779296875,378.3500061035156,378.4649963378906,20776
2026-07-22 11:55:00-04:00,378.4949951171875,378.5400085449219,378.1499938964844,378.3599853515625,39885
2026-07-22 11:56:00-04:00,378.30499267578125,378.5400085449219,378.25,378.5400085449219,22127
2026-07-22 11:57:00-04:00,378.2900085449219,378.4100036621094,377.8800048828125,378.30999755859375,52198
2026-07-22 11:58:00-04:00,378.2550048828125,378.3699035644531,378.1300048828125,378.29998779296875,18115
2026-07-22 11:59:00-04:00,378.239990234375,378.2699890136719,378.07000732421875,378.2550048828125,16221
2026-07-22 12:00:00-04:00,378.3500061035156,378.54998779296875,378.20001220703125,378.2239990234375,32915
2026-07-22 12:01:00-04:00,378.17999267578125,378.4800109863281,378.0899963378906,378.3500061035156,24325
2026-07-22 12:02:00-04:00,378.010009765625,378.20001220703125,377.9599914550781,378.1600036621094,40824
2026-07-22 12:03:00-04:00,378.07000732421875,378.0799865722656,377.9549865722656,377.9800109863281,20812
2026-07-22 12:04:00-04:00,378.2099914550781,378.30999755859375,378.0,378.0299987792969,57474
2026-07-22 12:05:00-04:00,378.5,378.54998779296875,378.1199951171875,378.2349853515625,28113
2026-07-22 12:06:00-04:00,378.527099609375,378.64990234375,378.4100036621094,378.4599914550781,34312
2026-07-22 12:07:00-04:00,378.5199890136719,378.5899963378906,378.4400939941406,378.5350036621094,15326
2026-07-22 12:08:00-04:00,378.3699951171875,378.510009765625,378.3301086425781,378.5098876953125,23058
2026-07-22 12:09:00-04:00,378.3949890136719,378.5299987792969,378.2200012207031,378.3999938964844,28258
2026-07-22 12:10:00-04:00,378.35009765625,378.5,378.2699890136719,378.3699951171875,30875
2026-07-22 12:11:00-04:00,378.1400146484375,378.45001220703125,378.1099853515625,378.45001220703125,32982
2026-07-22 12:12:00-04:00,378.04998779296875,378.3500061035156,377.9200134277344,378.1099853515625,34769
2026-07-22 12:13:00-04:00,378.2099914550781,378.3450012207031,378.04998779296875,378.07000732421875,31495
2026-07-22 12:14:00-04:00,378.3399963378906,378.5400085449219,378.2049865722656,378.2049865722656,28930
2026-07-22 12:15:00-04:00,378.2749938964844,378.3800048828125,378.2300109863281,378.3399963378906,16004
2026-07-22 12:16:00-04:00,378.2099914550781,378.42999267578125,378.0899963378906,378.2300109863281,28238
2026-07-22 12:17:00-04:00,377.75,378.2959899902344,377.7149963378906,378.1549987792969,36054
2026-07-22 12:18:00-04:00,378.0950012207031,378.1496887207031,377.67999267578125,377.7807922363281,28171
2026-07-22 12:19:00-04:00,377.8599853515625,378.19000244140625,377.8500061035156,378.1400146484375,23918
2026-07-22 12:20:00-04:00,377.6499938964844,377.95001220703125,377.41009521484375,377.92999267578125,54442
2026-07-22 12:21:00-04:00,377.6700134277344,377.7900085449219,377.4200134277344,377.6499938964844,43573
2026-07-22 12:22:00-04:00,377.43011474609375,377.8800048828125,377.43011474609375,377.739990234375,39929
2026-07-22 12:23:00-04:00,377.3699951171875,377.67999267578125,377.2900085449219,377.47979736328125,31899
2026-07-22 12:24:00-04:00,377.1700134277344,377.4200134277344,377.07000732421875,377.2799987792969,40298
2026-07-22 12:25:00-04:00,376.67999267578125,377.1730041503906,376.3800048828125,377.1449890136719,105613
2026-07-22 12:26:00-04:00,376.54998779296875,376.6199951171875,376.2421875,376.6199951171875,57382
2026-07-22 12:27:00-04:00,376.8299865722656,376.9599914550781,376.57501220703125,376.57501220703125,51178
2026-07-22 12:28:00-04:00,377.1650085449219,377.20001220703125,376.7900085449219,376.8599853515625,32483
2026-07-22 12:29:00-04:00,377.3699035644531,377.4599914550781,377.1300048828125,377.1300048828125,34636
2026-07-22 12:30:00-04:00,377.3550109863281,377.3800048828125,376.8900146484375,377.3699951171875,53762
2026-07-22 12:31:00-04:00,377.51251220703125,377.6499938964844,377.2900085449219,377.3900146484375,39619
2026-07-22 12:32:00-04:00,377.7300109863281,377.8500061035156,377.57000732421875,377.6099853515625,38533
2026-07-22 12:33:00-04:00,377.6549987792969,377.79998779296875,377.4700012207031,377.7950134277344,22952
2026-07-22 12:34:00-04:00,377.5299987792969,377.7200012207031,377.489990234375,377.6404113769531,34456
2026-07-22 12:35:00-04:00,377.4700012207031,377.58990478515625,377.44000244140625,377.54998779296875,21542
2026-07-22 12:36:00-04:00,377.4100036621094,377.5299987792969,377.340087890625,377.4200134277344,16672
2026-07-22 12:37:00-04:00,377.4200134277344,377.5299987792969,377.3999938964844,377.42498779296875,24677
2026-07-22 12:38:00-04:00,377.42059326171875,377.54998779296875,377.2904052734375,377.4549865722656,17544
2026-07-22 12:39:00-04:00,377.30499267578125,377.44000244140625,377.239990234375,377.4049987792969,16413
2026-07-22 12:40:00-04:00,377.19000244140625,377.4150085449219,377.1499938964844,377.30499267578125,18962
2026-07-22 12:41:00-04:00,377.1000061035156,377.29998779296875,377.0299987792969,377.19000244140625,28181
2026-07-22 12:42:00-04:00,377.2900085449219,377.3399963378906,377.04998779296875,377.0799865722656,25338
2026-07-22 12:43:00-04:00,377.0,377.3399963378906,376.90728759765625,377.33990478515625,51024
2026-07-22 12:44:00-04:00,377.07000732421875,377.1799011230469,377.010009765625,377.0758972167969,14073
2026-07-22 12:45:00-04:00,377.06500244140625,377.32000732421875,377.05499267578125,377.1099853515625,28585
2026-07-22 12:46:00-04:00,376.927490234375,377.2298889160156,376.8900146484375,377.1099853515625,22235
2026-07-22 12:47:00-04:00,376.8500061035156,377.010009765625,376.7900085449219,376.989013671875,20851
2026-07-22 12:48:00-04:00,377.30108642578125,377.30108642578125,376.8999938964844,376.9200134277344,24932
2026-07-22 12:49:00-04:00,377.1111145019531,377.32000732421875,377.1111145019531,377.2650146484375,16392
2026-07-22 12:50:00-04:00,377.3399963378906,377.39990234375,377.0,377.1700134277344,22488
2026-07-22 12:51:00-04:00,377.2799987792969,377.5400085449219,377.25,377.3599853515625,23423
2026-07-22 12:52:00-04:00,377.29998779296875,377.3699951171875,377.1600036621094,377.20001220703125,14212
2026-07-22 12:53:00-04:00,377.0028991699219,377.3399963378906,376.94000244140625,377.3299865722656,22788
2026-07-22 12:54:00-04:00,377.05499267578125,377.1199951171875,377.0,377.05999755859375,12521
2026-07-22 12:55:00-04:00,377.5,377.5,376.9599914550781,377.0249938964844,21396
2026-07-22 12:56:00-04:00,377.6000061035156,377.69000244140625,377.3999938964844,377.53948974609375,25774
2026-07-22 12:57:00-04:00,377.7749938964844,377.8699035644531,377.56500244140625,377.5799865722656,27973
2026-07-22 12:58:00-04:00,377.864990234375,377.8800048828125,377.70001220703125,377.79998779296875,24020
2026-07-22 12:59:00-04:00,377.9599914550781,377.9800109863281,377.7518005371094,377.8699951171875,21707
2026-07-22 13:00:00-04:00,378.17999267578125,378.2998962402344,377.8399963378906,377.94000244140625,37402
2026-07-22 13:01:00-04:00,377.75,378.2250061035156,377.70001220703125,378.2250061035156,29891
2026-07-22 13:02:00-04:00,377.9299011230469,377.94000244140625,377.6600036621094,377.7449951171875,27403
2026-07-22 13:03:00-04:00,378.0799865722656,378.1600036621094,377.8599853515625,377.8699951171875,32138
2026-07-22 13:04:00-04:00,377.82000732421875,378.07000732421875,377.79010009765625,378.0249938964844,17007
2026-07-22 13:05:00-04:00,378.1099853515625,378.1520080566406,377.8299865722656,377.8493957519531,17871
2026-07-22 13:06:00-04:00,378.1400146484375,378.2099914550781,378.0799865722656,378.14990234375,18737
2026-07-22 13:07:00-04:00,378.239990234375,378.2499084472656,378.1000061035156,378.1700134277344,27706
2026-07-22 13:08:00-04:00,378.2049865722656,378.26190185546875,378.1199951171875,378.2373046875,15806
2026-07-22 13:09:00-04:00,378.0299987792969,378.2300109863281,377.8500061035156,378.2300109863281,26928
2026-07-22 13:10:00-04:00,377.92999267578125,378.0400085449219,377.8699951171875,378.0,23271
2026-07-22 13:11:00-04:00,377.7099914550781,377.9700012207031,377.6499938964844,377.8982849121094,23288
2026-07-22 13:12:00-04:00,377.5950012207031,377.80999755859375,377.510009765625,377.79339599609375,31640
2026-07-22 13:13:00-04:00,377.6199951171875,377.7300109863281,377.489990234375,377.5801086425781,42305
2026-07-22 13:14:00-04:00,377.3999938964844,377.67999267578125,377.3599853515625,377.64581298828125,39252
2026-07-22 13:15:00-04:00,377.45001220703125,377.5,377.3699951171875,377.45001220703125,17501
2026-07-22 13:16:00-04:00,377.5199890136719,378.2300109863281,377.3562927246094,377.42999267578125,76292
2026-07-22 13:17:00-04:00,377.67498779296875,377.75,377.5199890136719,377.57000732421875,34299
2026-07-22 13:18:00-04:00,377.7900085449219,377.82000732421875,377.6000061035156,377.67498779296875,17232
2026-07-22 13:19:00-04:00,377.75,378.0299987792969,377.7200012207031,377.7900085449219,42704
2026-07-22 13:20:00-04:00,377.75,377.7850036621094,377.5899963378906,377.7799987792969,23773
2026-07-22 13:21:00-04:00,377.5,377.8699951171875,377.5,377.7550048828125,29467
2026-07-22 13:22:00-04:00,377.68499755859375,377.8500061035156,377.5299987792969,377.5299987792969,20054
2026-07-22 13:23:00-04:00,377.6050109863281,377.75,377.489990234375,377.6700134277344,21846
2026-07-22 13:24:00-04:00,377.55999755859375,377.7799987792969,377.5,377.6499938964844,10474
2026-07-22 13:25:00-04:00,377.5,377.5799865722656,377.3500061035156,377.5799865722656,20780
2026-07-22 13:26:00-04:00,377.55499267578125,377.6099853515625,377.4800109863281,377.5,14595
2026-07-22 13:27:00-04:00,377.4599914550781,377.6099853515625,377.4100036621094,377.54998779296875,14043
2026-07-22 13:28:00-04:00,377.19000244140625,377.5299987792969,377.1099853515625,377.4599914550781,21386
2026-07-22 13:29:00-04:00,377.20001220703125,377.47979736328125,377.19000244140625,377.19000244140625,25703
2026-07-22 13:30:00-04:00,377.2699890136719,377.3550109863281,377.0799865722656,377.1400146484375,32114
2026-07-22 13:31:00-04:00,377.17999267578125,377.32000732421875,377.1199951171875,377.239990234375,43099
2026-07-22 13:32:00-04:00,376.82000732421875,377.17999267578125,376.7900085449219,377.17999267578125,70941
2026-07-22 13:33:00-04:00,376.635009765625,376.95001220703125,376.4599914550781,376.8500061035156,54067
2026-07-22 13:34:00-04:00,376.57000732421875,376.8648986816406,376.5199890136719,376.625,46907
2026-07-22 13:35:00-04:00,376.9198913574219,376.94000244140625,376.4599914550781,376.614990234375,32027
2026-07-22 13:36:00-04:00,377.0,377.1700134277344,376.760009765625,376.85870361328125,33178
2026-07-22 13:37:00-04:00,377.1400146484375,377.19000244140625,376.95001220703125,377.0249938964844,33349
2026-07-22 13:38:00-04:00,376.9100036621094,377.2799987792969,376.8901062011719,377.10009765625,35933
2026-07-22 13:39:00-04:00,376.9400939941406,377.0799865722656,376.8605041503906,376.9750061035156,31467
2026-07-22 13:40:00-04:00,376.8349914550781,376.9700012207031,376.70001220703125,376.9700012207031,51354
2026-07-22 13:41:00-04:00,376.70001220703125,376.8800048828125,376.5,376.8349914550781,43854
2026-07-22 13:42:00-04:00,376.5317077636719,376.8299865722656,376.5,376.7250061035156,40889
2026-07-22 13:43:00-04:00,376.3399963378906,376.6400146484375,376.2904968261719,376.55999755859375,36500
2026-07-22 13:44:00-04:00,376.1700134277344,376.5,376.0799865722656,376.30999755859375,69406
2026-07-22 13:45:00-04:00,376.0849914550781,376.2398986816406,375.9100036621094,376.1700134277344,75628
2026-07-22 13:46:00-04:00,376.2349853515625,376.3699951171875,375.8599853515625,376.0299987792969,40421
2026-07-22 13:47:00-04:00,375.9599914550781,376.29998779296875,375.8599853515625,376.2597961425781,37343
2026-07-22 13:48:00-04:00,375.9200134277344,376.1199951171875,375.8999938964844,376.0299072265625,33048
2026-07-22 13:49:00-04:00,376.05999755859375,376.11968994140625,375.8999938964844,376.0199890136719,23911
2026-07-22 13:50:00-04:00,375.80999755859375,376.05999755859375,375.67999267578125,376.05999755859375,77607
2026-07-22 13:51:00-04:00,375.81500244140625,375.9100036621094,375.70001220703125,375.7449951171875,29068
2026-07-22 13:52:00-04:00,375.8599853515625,375.96990966796875,375.6099853515625,375.82000732421875,29574
2026-07-22 13:53:00-04:00,375.9818115234375,376.0899963378906,375.7650146484375,375.8900146484375,58297
2026-07-22 13:54:00-04:00,376.1700134277344,376.239990234375,375.8999938964844,375.9700012207031,62843
2026-07-22 13:55:00-04:00,376.2900085449219,376.3699951171875,375.8399963378906,376.2499084472656,64560
2026-07-22 13:56:00-04:00,376.30499267578125,376.409912109375,376.11090087890625,376.3599853515625,18322
2026-07-22 13:57:00-04:00,376.2101135253906,376.5,376.18951416015625,376.30499267578125,22323
2026-07-22 13:58:00-04:00,376.05499267578125,376.25,375.9700012207031,376.20001220703125,27131
2026-07-22 13:59:00-04:00,375.9599914550781,376.1300048828125,375.8399963378906,376.1300048828125,32572
2026-07-22 14:00:00-04:00,375.8999938964844,376.0799865722656,375.85009765625,375.8700866699219,31202
2026-07-22 14:01:00-04:00,375.80999755859375,376.0899963378906,375.69000244140625,375.94000244140625,43114
2026-07-22 14:02:00-04:00,376.0299987792969,376.05999755859375,375.5899963378906,375.8349914550781,59832
2026-07-22 14:03:00-04:00,376.010009765625,376.1099853515625,375.8999938964844,376.010009765625,29669
2026-07-22 14:04:00-04:00,376.25,376.2900085449219,375.9599914550781,376.05999755859375,25782
2026-07-22 14:05:00-04:00,376.1700134277344,376.2900085449219,376.010009765625,376.2900085449219,37805
2026-07-22 14:06:00-04:00,376.0249938964844,376.2200012207031,375.9800109863281,376.1650085449219,42776
2026-07-22 14:07:00-04:00,376.35809326171875,376.3999938964844,375.9211120605469,376.0,44621
2026-07-22 14:08:00-04:00,376.07000732421875,376.3699951171875,376.0199890136719,376.3500061035156,35512
2026-07-22 14:09:00-04:00,375.5199890136719,376.1000061035156,375.5199890136719,376.0,39436
2026-07-22 14:10:00-04:00,375.8599853515625,375.95001220703125,375.3900146484375,375.55999755859375,45235
2026-07-22 14:11:00-04:00,375.6449890136719,375.9800109863281,375.5799865722656,375.9200134277344,28949
2026-07-22 14:12:00-04:00,375.4901123046875,375.75,375.4800109863281,375.610107421875,28248
2026-07-22 14:13:00-04:00,375.2799987792969,375.6098937988281,375.1700134277344,375.5249938964844,49247
2026-07-22 14:14:00-04:00,375.25,375.4599914550781,375.18011474609375,375.25,38445
2026-07-22 14:15:00-04:00,375.2300109863281,375.3599853515625,375.1499938964844,375.2900085449219,31101
2026-07-22 14:16:00-04:00,375.3599853515625,375.44000244140625,375.19000244140625,375.2300109863281,32836
2026-07-22 14:17:00-04:00,375.30999755859375,375.4700012207031,375.28009033203125,375.39898681640625,24068
2026-07-22 14:18:00-04:00,375.635009765625,375.7200012207031,375.2799987792969,375.2799987792969,23329
2026-07-22 14:19:00-04:00,375.6000061035156,375.7200012207031,375.510009765625,375.60760498046875,32247
2026-07-22 14:20:00-04:00,375.69500732421875,375.7300109863281,375.44000244140625,375.57501220703125,16223
2026-07-22 14:21:00-04:00,375.79998779296875,375.9100036621094,375.67999267578125,375.7300109863281,34398
2026-07-22 14:22:00-04:00,375.80999755859375,375.82000732421875,375.70001220703125,375.79998779296875,15806
2026-07-22 14:23:00-04:00,375.6695861816406,375.82000732421875,375.5799865722656,375.82000732421875,27981
2026-07-22 14:24:00-04:00,375.635009765625,375.7799987792969,375.54998779296875,375.6700134277344,23225
2026-07-22 14:25:00-04:00,375.5799865722656,375.6700134277344,375.5,375.6199951171875,27330
2026-07-22 14:26:00-04:00,375.5899963378906,375.6499938964844,375.4200134277344,375.5799865722656,27831
2026-07-22 14:27:00-04:00,375.6799011230469,375.69000244140625,375.4700012207031,375.5899963378906,22613
2026-07-22 14:28:00-04:00,375.8500061035156,375.92999267578125,375.625,375.625,40402
2026-07-22 14:29:00-04:00,375.760009765625,375.92999267578125,375.739990234375,375.8500061035156,25420
2026-07-22 14:30:00-04:00,375.4800109863281,375.760009765625,375.4200134277344,375.7300109863281,27692
2026-07-22 14:31:00-04:00,375.3599853515625,375.51080322265625,375.20001220703125,375.4849853515625,33526
2026-07-22 14:32:00-04:00,375.32000732421875,375.3999938964844,375.2099914550781,375.3500061035156,48583
2026-07-22 14:33:00-04:00,375.55499267578125,375.6199951171875,375.29998779296875,375.3399963378906,91387
2026-07-22 14:34:00-04:00,375.30999755859375,375.6400146484375,375.29998779296875,375.55499267578125,34287
2026-07-22 14:35:00-04:00,375.54998779296875,375.54998779296875,375.17999267578125,375.29998779296875,69255
2026-07-22 14:36:00-04:00,375.6549987792969,375.69000244140625,375.5299987792969,375.57000732421875,41547
2026-07-22 14:37:00-04:00,375.4216003417969,375.70001220703125,375.3500061035156,375.69000244140625,29952
2026-07-22 14:38:00-04:00,375.3299865722656,375.5,375.30999755859375,375.3999938964844,31366
2026-07-22 14:39:00-04:00,375.42999267578125,375.42999267578125,375.1400146484375,375.30999755859375,49404
2026-07-22 14:40:00-04:00,375.3299865722656,375.4700012207031,375.264404296875,375.4130859375,46633
2026-07-22 14:41:00-04:00,375.6369934082031,375.6499938964844,375.29998779296875,375.3299865722656,47430
2026-07-22 14:42:00-04:00,375.6050109863281,375.75,375.5799865722656,375.614990234375,35614
2026-07-22 14:43:00-04:00,375.7099914550781,375.75,375.5899963378906,375.5899963378906,20348
2026-07-22 14:44:00-04:00,375.760009765625,375.79998779296875,375.6700134277344,375.69000244140625,27487
2026-07-22 14:45:00-04:00,375.94000244140625,376.0299987792969,375.7099914550781,375.760009765625,41735
2026-07-22 14:46:00-04:00,375.989990234375,376.0,375.8599853515625,375.92999267578125,42751
2026-07-22 14:47:00-04:00,375.9949951171875,376.04998779296875,375.8800048828125,375.9750061035156,49037
2026-07-22 14:48:00-04:00,375.64849853515625,376.04998779296875,375.64849853515625,375.9949951171875,33854
2026-07-22 14:49:00-04:00,375.3999938964844,375.7300109863281,375.3500061035156,375.6799011230469,46026
2026-07-22 14:50:00-04:00,375.3900146484375,375.4599914550781,375.29998779296875,375.3800048828125,44482
2026-07-22 14:51:00-04:00,375.3699951171875,375.4700012207031,375.32000732421875,375.3900146484375,28339
2026-07-22 14:52:00-04:00,375.364990234375,375.4599914550781,374.989990234375,375.3699035644531,148531
2026-07-22 14:53:00-04:00,375.68499755859375,375.7300109863281,375.360107421875,375.364990234375,54549
2026-07-22 14:54:00-04:00,375.4800109863281,375.69000244140625,375.3800048828125,375.6700134277344,58924
2026-07-22 14:55:00-04:00,375.364990234375,375.4599914550781,375.1700134277344,375.451904296875,40494
2026-07-22 14:56:00-04:00,375.17999267578125,375.3699951171875,375.05999755859375,375.3699951171875,45966
2026-07-22 14:57:00-04:00,375.1000061035156,375.3699951171875,375.05999755859375,375.17999267578125,35480
2026-07-22 14:58:00-04:00,375.3900146484375,375.4200134277344,375.1300048828125,375.1300048828125,28995
2026-07-22 14:59:00-04:00,375.3399963378906,375.489990234375,375.2900085449219,375.3800048828125,25445
2026-07-22 15:00:00-04:00,375.4200134277344,375.45001220703125,375.2900085449219,375.29998779296875,31223
2026-07-22 15:01:00-04:00,375.2300109863281,375.510009765625,375.1600036621094,375.3949890136719,43650
2026-07-22 15:02:00-04:00,375.3299865722656,375.5,375.17999267578125,375.17999267578125,29952
2026-07-22 15:03:00-04:00,375.4800109863281,375.6400146484375,375.25,375.3299865722656,42240
2026-07-22 15:04:00-04:00,375.5299987792969,375.6520080566406,375.42999267578125,375.4549865722656,35030
2026-07-22 15:05:00-04:00,375.5199890136719,375.70001220703125,375.3999938964844,375.4949951171875,41662
2026-07-22 15:06:00-04:00,375.5150146484375,375.55999755859375,375.4100036621094,375.5249938964844,60448
2026-07-22 15:07:00-04:00,375.2349853515625,375.55999755859375,375.1099853515625,375.5199890136719,70194
2026-07-22 15:08:00-04:00,374.7799987792969,375.25,374.7250061035156,375.2300109863281,78087
2026-07-22 15:09:00-04:00,374.30499267578125,374.7449951171875,374.2818908691406,374.7449951171875,93886
2026-07-22 15:10:00-04:00,374.1600036621094,374.4999084472656,374.0899963378906,374.2799987792969,95992
2026-07-22 15:11:00-04:00,374.20001220703125,374.2590026855469,373.9200134277344,374.159912109375,111279
2026-07-22 15:12:00-04:00,373.8598937988281,374.2200012207031,373.75,374.19000244140625,46759
2026-07-22 15:13:00-04:00,374.052001953125,374.2099914550781,373.7699890136719,373.8500061035156,43251
2026-07-22 15:14:00-04:00,374.2200012207031,374.30999755859375,374.07000732421875,374.1000061035156,43840
2026-07-22 15:15:00-04:00,374.375,374.4800109863281,374.1000061035156,374.25,60222
2026-07-22 15:16:00-04:00,374.5150146484375,374.5899963378906,374.3299865722656,374.3898010253906,34931
2026-07-22 15:17:00-04:00,374.5350036621094,374.5799865722656,374.2900085449219,374.5150146484375,41584
2026-07-22 15:18:00-04:00,374.6600036621094,374.9100036621094,374.4800109863281,374.5199890136719,81600
2026-07-22 15:19:00-04:00,374.9200134277344,374.9800109863281,374.55999755859375,374.6549987792969,60079
2026-07-22 15:20:00-04:00,374.7799987792969,374.939208984375,374.7099914550781,374.939208984375,45168
2026-07-22 15:21:00-04:00,374.760009765625,374.8396911621094,374.67999267578125,374.75,39341
2026-07-22 15:22:00-04:00,375.0799865722656,375.1099853515625,374.69000244140625,374.7598876953125,56161
2026-07-22 15:23:00-04:00,375.0799865722656,375.1600036621094,375.0199890136719,375.0899963378906,55132
2026-07-22 15:24:00-04:00,374.7200012207031,375.1099853515625,374.7001037597656,375.0799865722656,77276
2026-07-22 15:25:00-04:00,374.63360595703125,374.82000732421875,374.55999755859375,374.73870849609375,38506
2026-07-22 15:26:00-04:00,374.57501220703125,374.7300109863281,374.5,374.614990234375,43715
2026-07-22 15:27:00-04:00,374.6600036621094,374.7099914550781,374.4599914550781,374.57501220703125,35566
2026-07-22 15:28:00-04:00,374.739990234375,374.8299865722656,374.6099853515625,374.6499938964844,25344
2026-07-22 15:29:00-04:00,374.80499267578125,374.82000732421875,374.6300048828125,374.739990234375,78776
2026-07-22 15:30:00-04:00,374.7018127441406,375.2300109863281,374.7018127441406,374.7799987792969,86270
2026-07-22 15:31:00-04:00,374.9649963378906,375.0150146484375,374.7471923828125,374.7471923828125,29708
2026-07-22 15:32:00-04:00,374.8999938964844,375.0,374.79998779296875,375.0,32284
2026-07-22 15:33:00-04:00,375.05999755859375,375.07989501953125,374.8299865722656,374.8999938964844,26201
2026-07-22 15:34:00-04:00,374.6700134277344,375.0799865722656,374.5,375.0799865722656,58906
2026-07-22 15:35:00-04:00,374.57000732421875,374.739990234375,374.5400085449219,374.6099853515625,33137
2026-07-22 15:36:00-04:00,374.5450134277344,374.6700134277344,374.42999267578125,374.57000732421875,41383
2026-07-22 15:37:00-04:00,374.375,374.55999755859375,374.3399963378906,374.5450134277344,34153
2026-07-22 15:38:00-04:00,374.2550048828125,374.3999938964844,374.1300048828125,374.3900146484375,59682
2026-07-22 15:39:00-04:00,374.6099853515625,374.6199951171875,374.1499938964844,374.2200012207031,56610
2026-07-22 15:40:00-04:00,374.57000732421875,374.9599914550781,374.5199890136719,374.6099853515625,65477
2026-07-22 15:41:00-04:00,374.9949951171875,375.04998779296875,374.5,374.6199951171875,59391
2026-07-22 15:42:00-04:00,375.07000732421875,375.1700134277344,374.9949951171875,374.9949951171875,54019
2026-07-22 15:43:00-04:00,374.7099914550781,375.114501953125,374.6600036621094,375.0299987792969,60140
2026-07-22 15:44:00-04:00,374.55499267578125,374.739990234375,374.3699951171875,374.739990234375,57147
2026-07-22 15:45:00-04:00,374.80999755859375,374.9200134277344,374.5199890136719,374.55499267578125,73866
2026-07-22 15:46:00-04:00,374.635009765625,374.9200134277344,374.5899963378906,374.8399963378906,38392
2026-07-22 15:47:00-04:00,374.7650146484375,374.8699035644531,374.6400146484375,374.6600036621094,36527
2026-07-22 15:48:00-04:00,374.9700012207031,375.1400146484375,374.7300109863281,374.7300109863281,47605
2026-07-22 15:49:00-04:00,374.7300109863281,375.1099853515625,374.7200012207031,374.95001220703125,39536
2026-07-22 15:50:00-04:00,374.3550109863281,375.1000061035156,374.2799987792969,374.7699890136719,156944
2026-07-22 15:51:00-04:00,374.2699890136719,374.4200134277344,374.0201110839844,374.4100036621094,67628
2026-07-22 15:52:00-04:00,374.25,374.5299987792969,374.1075134277344,374.2799987792969,104020
2026-07-22 15:53:00-04:00,373.82000732421875,374.3699951171875,373.75,374.32000732421875,125603
2026-07-22 15:54:00-04:00,373.239990234375,374.1098937988281,372.8999938964844,373.7900085449219,166609
2026-07-22 15:55:00-04:00,373.69000244140625,373.94000244140625,373.0299987792969,373.0899963378906,177266
2026-07-22 15:56:00-04:00,373.6199951171875,373.69000244140625,373.510009765625,373.6600036621094,118289
2026-07-22 15:57:00-04:00,374.1138916015625,374.42999267578125,373.55999755859375,373.5899963378906,129596
2026-07-22 15:58:00-04:00,374.010009765625,374.4800109863281,373.9800109863281,374.1300048828125,164797
2026-07-22 15:59:00-04:00,374.0509948730469,374.30999755859375,373.9200134277344,374.010009765625,306287
2026-07-23 09:30:00-04:00,336.885009765625,341.8599853515625,336.79998779296875,341.0,7520586
2026-07-23 09:31:00-04:00,336.8699951171875,337.8900146484375,336.010009765625,336.79998779296875,1231637
2026-07-23 09:32:00-04:00,337.2550048828125,337.489990234375,335.69000244140625,336.94000244140625,845132
2026-07-23 09:33:00-04:00,339.2149963378906,339.79840087890625,336.92999267578125,337.2550048828125,812583
2026-07-23 09:34:00-04:00,337.9100036621094,339.3644104003906,337.010009765625,339.19000244140625,673949
2026-07-23 09:35:00-04:00,338.0400085449219,338.45001220703125,336.82000732421875,337.8500061035156,639804
2026-07-23 09:36:00-04:00,335.7250061035156,338.45001220703125,335.3299865722656,338.010009765625,778854
2026-07-23 09:37:00-04:00,333.9100036621094,335.9599914550781,333.8999938964844,335.7200927734375,898536
2026-07-23 09:38:00-04:00,333.5450134277344,334.3500061035156,333.3800048828125,333.9700012207031,630778
2026-07-23 09:39:00-04:00,333.7200012207031,334.5,333.260009765625,333.5946044921875,550958
2026-07-23 09:40:00-04:00,333.2101135253906,334.5,332.79998779296875,333.66009521484375,755903
2026-07-23 09:41:00-04:00,334.20001220703125,334.5899963378906,333.17999267578125,333.2650146484375,603407
2026-07-23 09:42:00-04:00,335.9700012207031,336.2099914550781,334.04998779296875,334.1700134277344,602763
2026-07-23 09:43:00-04:00,335.510009765625,336.0299987792969,335.2699890136719,335.92999267578125,498037
2026-07-23 09:44:00-04:00,334.30999755859375,335.6000061035156,334.010009765625,335.5299987792969,437644
2026-07-23 09:45:00-04:00,333.4599914550781,334.3999938964844,332.60009765625,334.2799987792969,665562
2026-07-23 09:46:00-04:00,331.9797058105469,333.69000244140625,331.7799987792969,333.44000244140625,584949
2026-07-23 09:47:00-04:00,331.05499267578125,332.239990234375,330.57000732421875,331.95001220703125,605745
2026-07-23 09:48:00-04:00,331.0450134277344,331.6000061035156,330.5,331.0899963378906,621723
2026-07-23 09:49:00-04:00,330.57000732421875,331.2699890136719,330.20001220703125,331.0,576610
2026-07-23 09:50:00-04:00,329.5400085449219,330.7900085449219,329.3800964355469,330.57000732421875,914852
2026-07-23 09:51:00-04:00,328.125,329.5400085449219,327.80999755859375,329.5199890136719,813374
2026-07-23 09:52:00-04:00,329.1911926269531,329.1911926269531,327.7200012207031,328.18499755859375,629813
2026-07-23 09:53:00-04:00,328.69000244140625,329.5,328.6600036621094,329.18499755859375,499873
2026-07-23 09:54:00-04:00,328.69000244140625,329.2799987792969,328.5799865722656,328.69000244140625,406362
2026-07-23 09:55:00-04:00,327.9849853515625,329.4599914550781,327.85009765625,328.69000244140625,586145
2026-07-23 09:56:00-04:00,327.20001220703125,328.1300048828125,327.1300964355469,327.9849853515625,438497
2026-07-23 09:57:00-04:00,327.0450134277344,327.4700012207031,326.70001220703125,327.2001037597656,504587
2026-07-23 09:58:00-04:00,326.635009765625,327.0450134277344,326.2799987792969,327.0450134277344,440446
2026-07-23 09:59:00-04:00,326.7200012207031,327.0,326.1600036621094,326.7300109863281,386952
2026-07-23 10:00:00-04:00,326.7850036621094,327.6499938964844,326.4599914550781,326.7200927734375,528012
2026-07-23 10:01:00-04:00,326.135009765625,327.3429870605469,326.1300048828125,326.82000732421875,592515
2026-07-23 10:02:00-04:00,325.8699951171875,326.6099853515625,325.6600036621094,326.13189697265625,647989
2026-07-23 10:03:00-04:00,325.9849853515625,326.2799987792969,325.6000061035156,325.8800048828125,375924
2026-07-23 10:04:00-04:00,327.2900085449219,327.3500061035156,325.92999267578125,325.94000244140625,444939
2026-07-23 10:05:00-04:00,327.7349853515625,327.9800109863281,327.0,327.2900085449219,531624
2026-07-23 10:06:00-04:00,327.2099914550781,327.95989990234375,326.9100036621094,327.7349853515625,536182
2026-07-23 10:07:00-04:00,328.4700012207031,328.7099914550781,326.54998779296875,327.1900939941406,409717
2026-07-23 10:08:00-04:00,327.2500915527344,329.0690002441406,327.0603942871094,328.4750061035156,445128
2026-07-23 10:09:00-04:00,328.07000732421875,328.2099914550781,326.6099853515625,327.32000732421875,405070
2026-07-23 10:10:00-04:00,328.0199890136719,328.7398986816406,327.79998779296875,328.1300048828125,501294
2026-07-23 10:11:00-04:00,328.05999755859375,328.2749938964844,327.5,328.0400085449219,265484
2026-07-23 10:12:00-04:00,327.7200012207031,328.29998779296875,327.260009765625,328.05499267578125,358976
2026-07-23 10:13:00-04:00,327.82501220703125,327.989990234375,327.45001220703125,327.7349853515625,251557
2026-07-23 10:14:00-04:00,327.2699890136719,328.0400085449219,327.0,327.8299865722656,290624
2026-07-23 10:15:00-04:00,326.99310302734375,327.69000244140625,326.70001220703125,327.29998779296875,319286
2026-07-23 10:16:00-04:00,327.3197021484375,327.5,326.57000732421875,326.9599914550781,249978
2026-07-23 10:17:00-04:00,326.7300109863281,327.4100036621094,326.20001220703125,327.3275146484375,302025
2026-07-23 10:18:00-04:00,326.1400146484375,326.9700012207031,326.1050109863281,326.760009765625,278232
2026-07-23 10:19:00-04:00,325.89019775390625,326.3800048828125,325.70001220703125,326.1300048828125,440006
2026-07-23 10:20:00-04:00,325.6099853515625,326.1600036621094,325.6000061035156,325.92999267578125,315038
2026-07-23 10:21:00-04:00,325.66009521484375,326.0,325.3999938964844,325.60009765625,340170
2026-07-23 10:22:00-04:00,325.7300109863281,326.1099853515625,325.54998779296875,325.66009521484375,315963
2026-07-23 10:23:00-04:00,325.0299987792969,325.7799987792969,325.0299987792969,325.7300109863281,373660
2026-07-23 10:24:00-04:00,324.1084899902344,325.0400085449219,324.0299987792969,325.0303955078125,761822
2026-07-23 10:25:00-04:00,323.5899963378906,324.67999267578125,323.5849914550781,324.0700988769531,508818
2026-07-23 10:26:00-04:00,323.1947937011719,323.9200134277344,322.8500061035156,323.5899963378906,480038
2026-07-23 10:27:00-04:00,323.7349853515625,323.8999938964844,322.9800109863281,323.20001220703125,419793
2026-07-23 10:28:00-04:00,323.44000244140625,324.1299133300781,323.4100036621094,323.75640869140625,335395
2026-07-23 10:29:00-04:00,323.9198913574219,324.0199890136719,323.42999267578125,323.45989990234375,275639
2026-07-23 10:30:00-04:00,323.989990234375,324.2898864746094,323.25,323.8550109863281,335927
2026-07-23 10:31:00-04:00,323.6424865722656,324.32000732421875,323.55999755859375,323.9800109863281,253846
2026-07-23 10:32:00-04:00,323.7200012207031,324.0799865722656,323.3605041503906,323.6300048828125,224381
2026-07-23 10:33:00-04:00,322.94000244140625,324.0899963378906,322.7500915527344,323.7300109863281,421925
2026-07-23 10:34:00-04:00,323.6650085449219,323.73529052734375,322.7099914550781,322.9200134277344,267394
2026-07-23 10:35:00-04:00,323.8450012207031,323.94000244140625,323.1907043457031,323.69989013671875,224702
2026-07-23 10:36:00-04:00,323.9200134277344,324.1600036621094,323.5,323.8450012207031,275753
2026-07-23 10:37:00-04:00,325.3599853515625,325.6600036621094,323.7701110839844,323.840087890625,389565
2026-07-23 10:38:00-04:00,324.5000915527344,325.6099853515625,324.3900146484375,325.389892578125,247473
2026-07-23 10:39:00-04:00,324.2950134277344,324.92999267578125,324.16009521484375,324.5899963378906,246443
2026-07-23 10:40:00-04:00,324.1400146484375,324.8999938964844,324.0,324.2950134277344,243632
2026-07-23 10:41:00-04:00,324.2799987792969,324.75,323.95001220703125,324.135009765625,244630
2026-07-23 10:42:00-04:00,324.3550109863281,324.94000244140625,323.8999938964844,324.2799987792969,309388
2026-07-23 10:43:00-04:00,324.0978088378906,324.55999755859375,323.8800048828125,324.3399963378906,193095
2026-07-23 10:44:00-04:00,324.57000732421875,324.5899963378906,324.0,324.1351013183594,179112
2026-07-23 10:45:00-04:00,323.9200134277344,324.57000732421875,323.8800048828125,324.56500244140625,246478
2026-07-23 10:46:00-04:00,324.0,324.3999938964844,323.75,323.94000244140625,183431
2026-07-23 10:47:00-04:00,323.875,324.17999267578125,323.6000061035156,323.9849853515625,212706
2026-07-23 10:48:00-04:00,323.4599914550781,323.8800048828125,323.3500061035156,323.875,200046
2026-07-23 10:49:00-04:00,322.3999938964844,323.6199035644531,322.2200012207031,323.4100036621094,524551
2026-07-23 10:50:00-04:00,322.0299987792969,322.7099914550781,321.8699951171875,322.44000244140625,411299
2026-07-23 10:51:00-04:00,322.2300109863281,322.3900146484375,321.5801086425781,322.0299987792969,321998
2026-07-23 10:52:00-04:00,323.2749938964844,323.4200134277344,322.20599365234375,322.2300109863281,285253
2026-07-23 10:53:00-04:00,323.05999755859375,323.4200134277344,322.7799987792969,323.260009765625,265165
2026-07-23 10:54:00-04:00,322.94000244140625,323.6400146484375,322.8599853515625,323.05999755859375,285728
2026-07-23 10:55:00-04:00,322.92999267578125,323.3599853515625,322.82000732421875,322.9100036621094,181397
2026-07-23 10:56:00-04:00,323.3450012207031,323.510009765625,322.8800048828125,322.92779541015625,159361
2026-07-23 10:57:00-04:00,324.16009521484375,324.25,323.29998779296875,323.29998779296875,261832
2026-07-23 10:58:00-04:00,323.2799987792969,324.19000244140625,323.2799987792969,324.18951416015625,240000
2026-07-23 10:59:00-04:00,323.4200134277344,323.739990234375,323.1700134277344,323.2900085449219,178887
2026-07-23 11:00:00-04:00,323.30999755859375,323.489990234375,322.7200012207031,323.4200134277344,246570
2026-07-23 11:01:00-04:00,322.80999755859375,323.4198913574219,322.79998779296875,323.3599853515625,176695
2026-07-23 11:02:00-04:00,322.4949951171875,323.1299133300781,322.4599914550781,322.82000732421875,207238
2026-07-23 11:03:00-04:00,322.1499938964844,322.79998779296875,322.0199890136719,322.4949951171875,204862
2026-07-23 11:04:00-04:00,322.2950134277344,322.3190002441406,321.68011474609375,322.1531982421875,226831
2026-07-23 11:05:00-04:00,321.8599853515625,322.3266906738281,321.6600036621094,322.2950134277344,160878
2026-07-23 11:06:00-04:00,321.7699890136719,322.2298889160156,321.75,321.8500061035156,175855
2026-07-23 11:07:00-04:00,322.04998779296875,322.1199951171875,321.760009765625,321.7900085449219,145856
2026-07-23 11:08:00-04:00,322.010009765625,322.1600036621094,321.8999938964844,322.0747985839844,173285
2026-07-23 11:09:00-04:00,321.55010986328125,322.3299865722656,321.5,322.0201110839844,207114
2026-07-23 11:10:00-04:00,321.69000244140625,321.8599853515625,321.3800048828125,321.56500244140625,207653
2026-07-23 11:11:00-04:00,322.010009765625,322.17999267578125,321.5199890136719,321.7200012207031,163418
2026-07-23 11:12:00-04:00,322.20001220703125,322.2300109863281,321.6199951171875,322.010009765625,174368
2026-07-23 11:13:00-04:00,322.364990234375,322.67999267578125,322.1199951171875,322.1549987792969,189574
2026-07-23 11:14:00-04:00,321.9649963378906,322.3999938964844,321.760009765625,322.364990234375,209318
2026-07-23 11:15:00-04:00,321.8800048828125,322.17999267578125,321.67999267578125,321.9649963378906,166523
2026-07-23 11:16:00-04:00,321.7900085449219,322.072998046875,321.75,321.8800048828125,137710
2026-07-23 11:17:00-04:00,321.55499267578125,321.8299865722656,321.4599914550781,321.7900085449219,151378
2026-07-23 11:18:00-04:00,321.510009765625,321.95001220703125,321.3999938964844,321.5899963378906,173882
2026-07-23 11:19:00-04:00,321.7449951171875,321.8999938964844,321.1199951171875,321.510009765625,350207
2026-07-23 11:20:00-04:00,321.94989013671875,322.20001220703125,321.7300109863281,321.7449951171875,259338
2026-07-23 11:21:00-04:00,320.6099853515625,322.0199890136719,320.57000732421875,321.9200134277344,384570
2026-07-23 11:22:00-04:00,319.860107421875,320.70001220703125,319.5101013183594,320.6101989746094,768106
2026-07-23 11:23:00-04:00,319.1549987792969,320.1982116699219,319.0899963378906,319.8699951171875,340758
2026-07-23 11:24:00-04:00,319.42999267578125,319.8900146484375,319.1200866699219,319.1549987792969,259401
2026-07-23 11:25:00-04:00,319.5799865722656,319.61090087890625,319.1499938964844,319.42999267578125,206045
2026-07-23 11:26:00-04:00,319.0799865722656,319.75,318.8999938964844,319.5400085449219,292411
2026-07-23 11:27:00-04:00,319.2799987792969,319.3500061035156,319.0,319.0299987792969,204096
2026-07-23 11:28:00-04:00,318.875,319.32989501953125,318.8299865722656,319.2650146484375,229379
2026-07-23 11:29:00-04:00,319.53509521484375,319.67999267578125,318.54998779296875,318.8949890136719,384468
2026-07-23 11:30:00-04:00,319.95001220703125,320.25,319.5,319.53509521484375,247498
2026-07-23 11:31:00-04:00,320.4700012207031,320.6000061035156,319.6400146484375,319.9371032714844,233016
2026-07-23 11:32:00-04:00,320.5950012207031,320.7699890136719,320.32000732421875,320.5050048828125,208071
2026-07-23 11:33:00-04:00,320.5000915527344,320.7298889160156,320.4200134277344,320.5950927734375,217524
2026-07-23 11:34:00-04:00,320.9150085449219,321.2799987792969,320.5,320.55999755859375,239678
2026-07-23 11:35:00-04:00,320.69000244140625,320.9800109863281,320.5400085449219,320.94000244140625,239993
2026-07-23 11:36:00-04:00,320.8699951171875,320.95001220703125,320.3900146484375,320.7598876953125,177865
2026-07-23 11:37:00-04:00,320.9150085449219,321.2200012207031,320.57000732421875,320.9200134277344,204511
2026-07-23 11:38:00-04:00,320.2900085449219,321.3399963378906,320.19000244140625,320.9150085449219,223009
2026-07-23 11:39:00-04:00,320.9599914550781,321.0668029785156,320.2301025390625,320.31500244140625,184785
2026-07-23 11:40:00-04:00,320.82000732421875,321.2793884277344,320.82000732421875,320.95001220703125,171653
2026-07-23 11:41:00-04:00,321.0,321.07989501953125,320.4263916015625,320.760009765625,379062
2026-07-23 11:42:00-04:00,320.9700012207031,321.44000244140625,320.94000244140625,321.05120849609375,191227
2026-07-23 11:43:00-04:00,320.9800109863281,321.07000732421875,320.70001220703125,320.9849853515625,131731
2026-07-23 11:44:00-04:00,320.6650085449219,321.0398864746094,320.6000061035156,320.989990234375,131592
2026-07-23 11:45:00-04:00,321.30499267578125,321.3999938964844,320.54998779296875,320.6499938964844,179805
2026-07-23 11:46:00-04:00,322.7349853515625,322.9100036621094,321.2101135253906,321.32000732421875,409456
2026-07-23 11:47:00-04:00,321.8999938964844,322.9599914550781,321.6200866699219,322.7349853515625,318800
2026-07-23 11:48:00-04:00,322.2900085449219,322.89990234375,321.840087890625,321.840087890625,261486
2026-07-23 11:49:00-04:00,321.94781494140625,322.5799865722656,321.85009765625,322.2900085449219,275913
2026-07-23 11:50:00-04:00,322.0450134277344,322.1199951171875,321.32000732421875,321.9200134277344,1069861
2026-07-23 11:51:00-04:00,321.6040954589844,322.19000244140625,321.4801025390625,322.0450134277344,183135
2026-07-23 11:52:00-04:00,321.6600036621094,322.20001220703125,321.5,321.7099914550781,160636
2026-07-23 11:53:00-04:00,322.2200012207031,322.2799987792969,321.0199890136719,321.6600036621094,260384
2026-07-23 11:54:00-04:00,322.635009765625,322.79998779296875,322.1000061035156,322.19000244140625,200568
2026-07-23 11:55:00-04:00,322.75,323.42999267578125,322.5201110839844,322.5801086425781,965521
2026-07-23 11:56:00-04:00,323.3299865722656,323.5994873046875,322.6600036621094,322.75,268794
2026-07-23 11:57:00-04:00,323.6000061035156,323.6499938964844,323.1700134277344,323.3349914550781,228782
2026-07-23 11:58:00-04:00,324.3900146484375,324.4700012207031,323.6000061035156,323.6282043457031,338633
2026-07-23 11:59:00-04:00,324.6000061035156,324.79998779296875,324.28009033203125,324.42498779296875,277742
2026-07-23 12:00:00-04:00,324.4800109863281,325.0199890136719,324.1000061035156,324.6000061035156,337516
2026-07-23 12:01:00-04:00,324.4800109863281,324.510009765625,324.0950012207031,324.4649963378906,214767
2026-07-23 12:02:00-04:00,325.0799865722656,325.1997985839844,324.3210144042969,324.510009765625,330200
2026-07-23 12:03:00-04:00,325.42999267578125,325.55999755859375,324.8800048828125,325.07000732421875,273668
2026-07-23 12:04:00-04:00,325.1449890136719,325.56988525390625,325.0,325.43499755859375,229462
2026-07-23 12:05:00-04:00,324.7200012207031,325.2799987792969,324.67999267578125,325.1549987792969,202500
2026-07-23 12:06:00-04:00,324.8599853515625,325.20001220703125,324.4800109863281,324.7388000488281,206711
2026-07-23 12:07:00-04:00,325.1300048828125,325.3500061035156,324.8399963378906,324.88330078125,129615
2026-07-23 12:08:00-04:00,326.010009765625,326.1000061035156,325.0,325.1200866699219,321497
2026-07-23 12:09:00-04:00,326.0,326.29998779296875,325.6000061035156,326.05499267578125,338291
2026-07-23 12:10:00-04:00,326.19000244140625,326.2699890136719,325.8999938964844,326.0,274825
2026-07-23 12:11:00-04:00,325.4599914550781,326.20001220703125,325.3500061035156,326.20001220703125,249594
2026-07-23 12:12:00-04:00,325.1700134277344,325.5799865722656,325.0199890136719,325.44049072265625,243685
2026-07-23 12:13:00-04:00,325.55999755859375,325.6700134277344,325.10009765625,325.10009765625,174432
2026-07-23 12:14:00-04:00,325.46990966796875,325.75,325.34149169921875,325.5787048339844,138137
2026-07-23 12:15:00-04:00,325.3349914550781,325.6700134277344,325.1099853515625,325.42010498046875,189767
2026-07-23 12:16:00-04:00,325.0,325.44000244140625,324.75,325.3599853515625,233698
2026-07-23 12:17:00-04:00,325.0799865722656,325.3399963378906,325.0,325.0400085449219,118052
2026-07-23 12:18:00-04:00,325.1400146484375,325.2799072265625,324.8500061035156,325.1000061035156,152803
2026-07-23 12:19:00-04:00,324.8699035644531,325.2699890136719,324.7300109863281,325.1400146484375,126958
2026-07-23 12:20:00-04:00,325.0950012207031,325.1499938964844,324.70001220703125,324.80999755859375,146176
2026-07-23 12:21:00-04:00,325.0700988769531,325.4800109863281,325.010009765625,325.05999755859375,163627
2026-07-23 12:22:00-04:00,325.2099914550781,325.3399963378906,324.8301086425781,325.0899963378906,145816
2026-07-23 12:23:00-04:00,325.80999755859375,325.9798889160156,325.2099914550781,325.2099914550781,152955
2026-07-23 12:24:00-04:00,325.3550109863281,326.3399963378906,325.260009765625,325.79998779296875,185683
2026-07-23 12:25:00-04:00,325.4700012207031,325.55999755859375,324.5899963378906,325.30010986328125,183411
2026-07-23 12:26:00-04:00,325.29998779296875,325.55999755859375,325.0,325.489990234375,127529
2026-07-23 12:27:00-04:00,325.42999267578125,325.6199951171875,325.16009521484375,325.19000244140625,92387
2026-07-23 12:28:00-04:00,325.5,325.5994873046875,325.2500915527344,325.42999267578125,97100
2026-07-23 12:29:00-04:00,325.1700134277344,325.70001220703125,325.010009765625,325.5,112730
2026-07-23 12:30:00-04:00,325.2349853515625,325.29998779296875,324.8999938964844,325.29998779296875,133446
2026-07-23 12:31:00-04:00,325.0299987792969,325.3500061035156,324.95001220703125,325.2699890136719,76046
2026-07-23 12:32:00-04:00,325.3299865722656,325.3699951171875,324.8999938964844,325.0,115243
2026-07-23 12:33:00-04:00,324.7001037597656,325.57501220703125,324.239990234375,325.3399963378906,247603
2026-07-23 12:34:00-04:00,324.6050109863281,325.0299072265625,324.5299987792969,324.760009765625,103864
2026-07-23 12:35:00-04:00,324.30999755859375,324.82000732421875,324.29010009765625,324.6099853515625,114877
2026-07-23 12:36:00-04:00,323.9599914550781,324.3500061035156,323.6499938964844,324.30999755859375,218001
2026-07-23 12:37:00-04:00,323.95001220703125,324.1000061035156,323.7149963378906,323.95001220703125,115279
2026-07-23 12:38:00-04:00,323.8399963378906,323.9800109863281,323.40008544921875,323.94000244140625,150628
2026-07-23 12:39:00-04:00,323.25,324.1000061035156,322.8533020019531,323.8399963378906,316910
2026-07-23 12:40:00-04:00,323.2550048828125,323.4549865722656,323.1199951171875,323.2500915527344,128315
2026-07-23 12:41:00-04:00,322.6199951171875,323.3299865722656,322.6199951171875,323.29998779296875,133424
2026-07-23 12:42:00-04:00,322.6300048828125,322.69488525390625,322.3800964355469,322.6000061035156,127371
2026-07-23 12:43:00-04:00,323.0,323.19000244140625,322.6499938964844,322.65838623046875,132390
2026-07-23 12:44:00-04:00,322.7401123046875,323.25,322.7401123046875,323.0299987792969,98634
2026-07-23 12:45:00-04:00,321.8399963378906,322.75,321.70001220703125,322.69000244140625,254952
2026-07-23 12:46:00-04:00,321.67999267578125,321.8900146484375,321.360107421875,321.8450012207031,177766
2026-07-23 12:47:00-04:00,321.82000732421875,321.8800048828125,321.60040283203125,321.67999267578125,121445
2026-07-23 12:48:00-04:00,321.45001220703125,321.9200134277344,321.30010986328125,321.8500061035156,133679
2026-07-23 12:49:00-04:00,321.4198913574219,321.6400146484375,321.2300109863281,321.43011474609375,114818
2026-07-23 12:50:00-04:00,321.6578063964844,321.7898864746094,321.2900085449219,321.3900146484375,113331
2026-07-23 12:51:00-04:00,321.7550048828125,321.9200134277344,321.610107421875,321.69000244140625,90789
2026-07-23 12:52:00-04:00,321.29998779296875,321.80999755859375,321.1000061035156,321.7550048828125,121127
2026-07-23 12:53:00-04:00,320.9700012207031,321.45001220703125,320.9501037597656,321.3500061035156,221942
2026-07-23 12:54:00-04:00,321.3999938964844,321.5199890136719,320.8100891113281,320.9978942871094,189225
2026-07-23 12:55:00-04:00,321.82501220703125,322.239990234375,321.4200134277344,321.44000244140625,202853
2026-07-23 12:56:00-04:00,322.2650146484375,322.29998779296875,321.69000244140625,321.8299865722656,153439
2026-07-23 12:57:00-04:00,321.92999267578125,322.32830810546875,321.8999938964844,322.2900085449219,106616
2026-07-23 12:58:00-04:00,321.95001220703125,322.05999755859375,321.7799987792969,321.95989990234375,93802
2026-07-23 12:59:00-04:00,322.12091064453125,322.2099914550781,321.8900146484375,321.95001220703125,110007
2026-07-23 13:00:00-04:00,322.7900085449219,323.010009765625,321.92999267578125,322.0849914550781,160086
2026-07-23 13:01:00-04:00,322.5,322.8500061035156,322.4100036621094,322.7900085449219,122651
2026-07-23 13:02:00-04:00,322.3699951171875,322.4996032714844,322.0,322.4996032714844,164359
2026-07-23 13:03:00-04:00,322.3399963378906,322.67999267578125,322.2099914550781,322.3988037109375,120295
2026-07-23 13:04:00-04:00,322.3399963378906,322.489990234375,322.1400146484375,322.3800048828125,88475
2026-07-23 13:05:00-04:00,322.0400085449219,322.3800048828125,321.9601135253906,322.3500061035156,169188
2026-07-23 13:06:00-04:00,322.1499938964844,322.3299865722656,322.0000915527344,322.05499267578125,101787
2026-07-23 13:07:00-04:00,322.2099914550781,322.5299987792969,322.0799865722656,322.1099853515625,79762
2026-07-23 13:08:00-04:00,322.32000732421875,322.409912109375,321.9700012207031,322.1700134277344,85502
2026-07-23 13:09:00-04:00,322.739990234375,322.79998779296875,322.2200012207031,322.32000732421875,98856
2026-07-23 13:10:00-04:00,323.07000732421875,323.3999938964844,322.7001037597656,322.739990234375,191012
2026-07-23 13:11:00-04:00,323.1997985839844,323.20001220703125,322.7900085449219,323.0000915527344,90935
2026-07-23 13:12:00-04:00,323.1549987792969,323.3900146484375,323.0400085449219,323.1600036621094,128121
2026-07-23 13:13:00-04:00,323.0299987792969,323.260009765625,322.9800109863281,323.19000244140625,112332
2026-07-23 13:14:00-04:00,322.82501220703125,323.0799865722656,322.7699890136719,323.04998779296875,99558
2026-07-23 13:15:00-04:00,322.6050109863281,323.19989013671875,322.5899963378906,322.7900085449219,169442
2026-07-23 13:16:00-04:00,322.54998779296875,322.8299865722656,322.3450012207031,322.6499938964844,143545
2026-07-23 13:17:00-04:00,322.1116027832031,322.7300109863281,322.05999755859375,322.5950012207031,144297
2026-07-23 13:18:00-04:00,322.1300048828125,322.3800048828125,322.010009765625,322.1300048828125,107625
2026-07-23 13:19:00-04:00,322.3399963378906,322.3699951171875,321.94000244140625,322.1449890136719,145781
2026-07-23 13:20:00-04:00,322.5199890136719,323.0,322.30499267578125,322.30499267578125,120200
2026-07-23 13:21:00-04:00,321.9100036621094,322.55999755859375,321.80999755859375,322.4700927734375,130396
2026-07-23 13:22:00-04:00,321.9549865722656,322.1499938964844,321.5899963378906,321.8699951171875,168538
2026-07-23 13:23:00-04:00,322.30999755859375,322.3500061035156,321.80010986328125,321.9549865722656,92408
2026-07-23 13:24:00-04:00,322.2101135253906,322.5398864746094,322.2099914550781,322.293212890625,92304
2026-07-23 13:25:00-04:00,322.1400146484375,322.3800048828125,321.8999938964844,322.2601013183594,90206
2026-07-23 13:26:00-04:00,322.1050109863281,322.4700012207031,322.1000061035156,322.20001220703125,67898
2026-07-23 13:27:00-04:00,322.0249938964844,322.1319885253906,321.8500061035156,322.0600891113281,78041
2026-07-23 13:28:00-04:00,322.1351013183594,322.4200134277344,322.0,322.05999755859375,97969
2026-07-23 13:29:00-04:00,321.6700134277344,322.17999267578125,321.6300048828125,322.07000732421875,110849
2026-07-23 13:30:00-04:00,321.7099914550781,322.0199890136719,321.6200866699219,321.7300109863281,86784
2026-07-23 13:31:00-04:00,321.4800109863281,321.82000732421875,321.3999938964844,321.7300109863281,106152
2026-07-23 13:32:00-04:00,321.1549987792969,321.55841064453125,321.04998779296875,321.5150146484375,119458
2026-07-23 13:33:00-04:00,321.92999267578125,322.3699951171875,321.0700988769531,321.1449890136719,183951
2026-07-23 13:34:00-04:00,322.32501220703125,322.69000244140625,321.8299865722656,321.9150085449219,162299
2026-07-23 13:35:00-04:00,321.6099853515625,322.3599853515625,321.5799865722656,322.3599853515625,99806
2026-07-23 13:36:00-04:00,321.12078857421875,321.83990478515625,321.1200866699219,321.5899963378906,132382
2026-07-23 13:37:00-04:00,320.840087890625,321.260009765625,320.7300109863281,321.17999267578125,224536
2026-07-23 13:38:00-04:00,320.60211181640625,321.0,320.6000061035156,320.8900146484375,122093
2026-07-23 13:39:00-04:00,320.6112976074219,320.87811279296875,320.6099853515625,320.6448059082031,114667
2026-07-23 13:40:00-04:00,320.5315856933594,320.989501953125,320.5,320.6199951171875,116027
2026-07-23 13:41:00-04:00,320.6805114746094,320.8399963378906,320.4100036621094,320.5450134277344,124308
2026-07-23 13:42:00-04:00,321.05010986328125,321.2200012207031,320.6400146484375,320.67999267578125,132235
2026-07-23 13:43:00-04:00,321.29998779296875,321.5,321.04998779296875,321.0899963378906,131027
2026-07-23 13:44:00-04:00,321.1600036621094,321.4898986816406,321.1199951171875,321.29998779296875,85120
2026-07-23 13:45:00-04:00,321.44000244140625,321.4700012207031,321.0801086425781,321.1549987792969,89599
2026-07-23 13:46:00-04:00,321.30499267578125,321.42999267578125,320.8999938964844,321.4150085449219,103820
2026-07-23 13:47:00-04:00,321.43499755859375,321.6700134277344,321.2300109863281,321.30499267578125,92179
2026-07-23 13:48:00-04:00,321.19500732421875,321.7300109863281,321.05999755859375,321.3999938964844,124297
2026-07-23 13:49:00-04:00,321.360107421875,321.6199035644531,321.17999267578125,321.19000244140625,104784
2026-07-23 13:50:00-04:00,321.19000244140625,321.44000244140625,321.1300048828125,321.42999267578125,74626
2026-07-23 13:51:00-04:00,321.1050109863281,321.3399963378906,321.010009765625,321.1499938964844,72724
2026-07-23 13:52:00-04:00,321.45001220703125,321.6951904296875,321.0199890136719,321.1050109863281,95334
2026-07-23 13:53:00-04:00,321.3949890136719,321.5,321.0801086425781,321.47900390625,71534
2026-07-23 13:54:00-04:00,321.2099914550781,321.4800109863281,321.2001037597656,321.3949890136719,46700
2026-07-23 13:55:00-04:00,320.94000244140625,321.3489074707031,320.8999938964844,321.20001220703125,101091
2026-07-23 13:56:00-04:00,320.9800109863281,321.04681396484375,320.75048828125,320.94500732421875,88910
2026-07-23 13:57:00-04:00,320.96990966796875,321.0899963378906,320.8999938964844,320.989990234375,55938
2026-07-23 13:58:00-04:00,321.1099853515625,321.17999267578125,320.7900085449219,320.9100036621094,71625
2026-07-23 13:59:00-04:00,321.2300109863281,321.4599914550781,321.0400085449219,321.1099853515625,78976
2026-07-23 14:00:00-04:00,321.2449951171875,321.42999267578125,321.1117858886719,321.19000244140625,72919
2026-07-23 14:01:00-04:00,320.8999938964844,321.3399963378906,320.5,321.24749755859375,129984
2026-07-23 14:02:00-04:00,320.99420166015625,321.0799865722656,320.82000732421875,320.93499755859375,80362
2026-07-23 14:03:00-04:00,321.1300048828125,321.239990234375,320.8999938964844,320.96099853515625,77408
2026-07-23 14:04:00-04:00,320.9049987792969,321.2200012207031,320.80999755859375,321.15008544921875,62840
2026-07-23 14:05:00-04:00,320.7200012207031,320.9197998046875,320.6600036621094,320.8599853515625,86178
2026-07-23 14:06:00-04:00,321.2300109863281,321.32000732421875,320.6600036621094,320.69500732421875,96627
2026-07-23 14:07:00-04:00,320.9200134277344,321.19000244140625,320.9200134277344,321.19000244140625,84910
2026-07-23 14:08:00-04:00,320.79998779296875,320.9798889160156,320.760009765625,320.9200134277344,78140
2026-07-23 14:09:00-04:00,320.760009765625,320.8599853515625,320.4200134277344,320.7799987792969,143002
2026-07-23 14:10:00-04:00,320.6700134277344,320.9110107421875,320.55999755859375,320.82000732421875,68903
2026-07-23 14:11:00-04:00,320.760009765625,321.07000732421875,320.55999755859375,320.7250061035156,103726
2026-07-23 14:12:00-04:00,321.1300048828125,321.2099914550781,320.7500915527344,320.7799987792969,99149
2026-07-23 14:13:00-04:00,320.7699890136719,321.3599853515625,320.68499755859375,321.1300048828125,101086
2026-07-23 14:14:00-04:00,320.6618957519531,320.9700012207031,320.6499938964844,320.8096923828125,663515
2026-07-23 14:15:00-04:00,320.9700012207031,321.0198974609375,320.635009765625,320.69000244140625,63596
2026-07-23 14:16:00-04:00,320.8901062011719,321.1000061035156,320.80999755859375,320.9200134277344,58053
2026-07-23 14:17:00-04:00,320.6199951171875,321.0498962402344,320.6099853515625,320.94000244140625,72253
2026-07-23 14:18:00-04:00,320.6199951171875,320.760009765625,320.5899963378906,320.6300048828125,76433
2026-07-23 14:19:00-04:00,320.79998779296875,320.81988525390625,320.5199890136719,320.614990234375,88091
2026-07-23 14:20:00-04:00,320.6099853515625,320.8399963378906,320.6000061035156,320.7650146484375,65892
2026-07-23 14:21:00-04:00,321.0400085449219,321.0686950683594,320.54998779296875,320.6199951171875,79594
2026-07-23 14:22:00-04:00,321.0400085449219,321.1700134277344,320.82501220703125,321.0400085449219,79803
2026-07-23 14:23:00-04:00,321.0,321.3399963378906,320.92999267578125,321.05999755859375,97454
2026-07-23 14:24:00-04:00,321.0849914550781,321.1600036621094,320.9200134277344,320.9599914550781,76742
2026-07-23 14:25:00-04:00,320.8999938964844,321.1199951171875,320.6099853515625,321.1050109863281,91454
2026-07-23 14:26:00-04:00,320.6199951171875,320.89990234375,320.510009765625,320.875,102309
2026-07-23 14:27:00-04:00,320.6600036621094,320.8299865722656,320.54998779296875,320.6300048828125,102871
2026-07-23 14:28:00-04:00,320.94000244140625,320.94000244140625,320.6099853515625,320.6600036621094,97517
2026-07-23 14:29:00-04:00,321.19500732421875,321.260009765625,320.90008544921875,320.9200134277344,138417
2026-07-23 14:30:00-04:00,321.1000061035156,321.1899108886719,320.92999267578125,321.1700134277344,105331
2026-07-23 14:31:00-04:00,321.1300048828125,321.260009765625,321.010009765625,321.1000061035156,95780
2026-07-23 14:32:00-04:00,320.8392028808594,321.1700134277344,320.7349853515625,321.1449890136719,93106
2026-07-23 14:33:00-04:00,320.94500732421875,320.9549865722656,320.7099914550781,320.7950134277344,84688
2026-07-23 14:34:00-04:00,321.25,321.45001220703125,320.8800048828125,320.92999267578125,123674
2026-07-23 14:35:00-04:00,322.0000915527344,322.159912109375,321.2650146484375,321.2650146484375,170579
2026-07-23 14:36:00-04:00,321.1400146484375,322.0249938964844,321.0849914550781,322.0199890136719,114884
2026-07-23 14:37:00-04:00,321.5150146484375,321.69000244140625,321.0899963378906,321.1400146484375,98689
2026-07-23 14:38:00-04:00,320.8550109863281,321.58740234375,320.7900085449219,321.58740234375,121368
2026-07-23 14:39:00-04:00,321.0249938964844,321.239990234375,320.760009765625,320.8900146484375,90349
2026-07-23 14:40:00-04:00,320.7749938964844,321.2699890136719,320.6600036621094,321.0150146484375,158287
2026-07-23 14:41:00-04:00,320.56988525390625,320.8900146484375,320.4504089355469,320.739990234375,124550
2026-07-23 14:42:00-04:00,320.5150146484375,320.6881103515625,320.3299865722656,320.55999755859375,165446
2026-07-23 14:43:00-04:00,320.7250061035156,320.8900146484375,320.4599914550781,320.4901123046875,185184
2026-07-23 14:44:00-04:00,320.6099853515625,320.8367919921875,320.29998779296875,320.7366027832031,117774
2026-07-23 14:45:00-04:00,320.2900085449219,320.7699890136719,320.1000061035156,320.6199951171875,198568
2026-07-23 14:46:00-04:00,320.5799865722656,320.6571960449219,320.1809997558594,320.2900085449219,116051
2026-07-23 14:47:00-04:00,320.69000244140625,320.739990234375,320.44000244140625,320.510009765625,97938
2026-07-23 14:48:00-04:00,320.635009765625,320.79998779296875,320.54998779296875,320.7149963378906,94389
2026-07-23 14:49:00-04:00,320.5799865722656,320.65399169921875,320.44000244140625,320.614990234375,68705
2026-07-23 14:50:00-04:00,320.4549865722656,320.6000061035156,320.2200012207031,320.5715026855469,134750
2026-07-23 14:51:00-04:00,320.6199951171875,320.6499938964844,320.30010986328125,320.3999938964844,77090
2026-07-23 14:52:00-04:00,321.2099914550781,321.3500061035156,320.5299987792969,320.6000061035156,104631
2026-07-23 14:53:00-04:00,321.1600036621094,321.5299987792969,320.8782958984375,321.19000244140625,128177
2026-07-23 14:54:00-04:00,320.95001220703125,321.4200134277344,320.8999938964844,321.23760986328125,98016
2026-07-23 14:55:00-04:00,321.20001220703125,321.2200012207031,320.6300048828125,320.95001220703125,114393
2026-07-23 14:56:00-04:00,321.07000732421875,321.3699951171875,321.0,321.1400146484375,125308
2026-07-23 14:57:00-04:00,320.806396484375,321.1099853515625,320.739990234375,321.0400085449219,95076
2026-07-23 14:58:00-04:00,320.9049987792969,321.05999755859375,320.739990234375,320.80841064453125,101028
2026-07-23 14:59:00-04:00,321.2699890136719,321.2799987792969,320.8599853515625,320.92999267578125,137834
2026-07-23 15:00:00-04:00,321.70001220703125,321.79998779296875,321.2650146484375,321.2799987792969,364885
2026-07-23 15:01:00-04:00,320.885009765625,321.79998779296875,320.8500061035156,321.7099914550781,138082
2026-07-23 15:02:00-04:00,320.8999938964844,320.8999938964844,320.5400085449219,320.8800048828125,244342
2026-07-23 15:03:00-04:00,320.7900085449219,320.9599914550781,320.70001220703125,320.8800048828125,93785
2026-07-23 15:04:00-04:00,321.010009765625,321.1199951171875,320.7449951171875,320.7900085449219,83704
2026-07-23 15:05:00-04:00,321.5,321.57000732421875,320.7799987792969,320.9599914550781,114928
2026-07-23 15:06:00-04:00,321.2850036621094,321.53790283203125,321.1401062011719,321.5199890136719,73853
2026-07-23 15:07:00-04:00,321.4800109863281,321.82000732421875,321.32000732421875,321.32000732421875,129564
2026-07-23 15:08:00-04:00,321.1216125488281,321.6600036621094,321.05999755859375,321.4801025390625,121213
2026-07-23 15:09:00-04:00,320.80999755859375,321.2099914550781,320.7550048828125,321.1499938964844,134410
2026-07-23 15:10:00-04:00,320.29998779296875,320.82000732421875,320.2799987792969,320.80999755859375,168617
2026-07-23 15:11:00-04:00,320.2799987792969,320.3500061035156,320.04998779296875,320.2900085449219,204282
2026-07-23 15:12:00-04:00,320.4100036621094,320.5400085449219,320.2699890136719,320.2749938964844,127360
2026-07-23 15:13:00-04:00,320.6000061035156,320.70001220703125,320.360107421875,320.42999267578125,133034
2026-07-23 15:14:00-04:00,320.44500732421875,320.6700134277344,320.364990234375,320.5899963378906,82835
2026-07-23 15:15:00-04:00,320.760009765625,320.760009765625,320.3699951171875,320.4599914550781,92406
2026-07-23 15:16:00-04:00,320.4599914550781,320.8699951171875,320.4200134277344,320.7550048828125,122429
2026-07-23 15:17:00-04:00,320.6549987792969,320.9200134277344,320.3699951171875,320.4755859375,125461
2026-07-23 15:18:00-04:00,320.6050109863281,320.7300109863281,320.45001220703125,320.6549987792969,121157
2026-07-23 15:19:00-04:00,320.385009765625,320.6000061035156,320.239990234375,320.5801086425781,107318
2026-07-23 15:20:00-04:00,320.5,320.6199951171875,320.3500061035156,320.3999938964844,139030
2026-07-23 15:21:00-04:00,320.8299865722656,320.9494934082031,320.42999267578125,320.5,155776
2026-07-23 15:22:00-04:00,320.6600036621094,320.94000244140625,320.6099853515625,320.8500061035156,110921
2026-07-23 15:23:00-04:00,320.4700012207031,320.6698913574219,320.3500061035156,320.6200866699219,95964
2026-07-23 15:24:00-04:00,320.4200134277344,320.5400085449219,320.2500915527344,320.4800109863281,135076
2026-07-23 15:25:00-04:00,320.760009765625,320.7699890136719,320.30999755859375,320.3949890136719,139278
2026-07-23 15:26:00-04:00,320.6199951171875,320.8900146484375,320.5799865722656,320.760009765625,134637
2026-07-23 15:27:00-04:00,321.03509521484375,321.20001220703125,320.6000061035156,320.6300048828125,173290
2026-07-23 15:28:00-04:00,320.45001220703125,321.1098937988281,320.3500061035156,321.0299987792969,229307
2026-07-23 15:29:00-04:00,319.83990478515625,320.4599914550781,319.57000732421875,320.43499755859375,856575
2026-07-23 15:30:00-04:00,320.1000061035156,320.260009765625,319.45001220703125,319.79998779296875,239047
2026-07-23 15:31:00-04:00,319.56500244140625,320.1000061035156,319.5,320.1000061035156,140111
2026-07-23 15:32:00-04:00,319.5050048828125,319.7799987792969,319.5,319.56500244140625,208256
2026-07-23 15:33:00-04:00,319.1650085449219,319.80999755859375,319.1050109863281,319.510009765625,372449
2026-07-23 15:34:00-04:00,319.0199890136719,319.4599914550781,318.8900146484375,319.19000244140625,311139
2026-07-23 15:35:00-04:00,319.3800048828125,319.6300048828125,318.94000244140625,319.010009765625,249500
2026-07-23 15:36:00-04:00,318.95001220703125,319.6050109863281,318.92999267578125,319.4100036621094,257126
2026-07-23 15:37:00-04:00,318.8800048828125,319.2200012207031,318.760009765625,318.95001220703125,240869
2026-07-23 15:38:00-04:00,318.20098876953125,318.96990966796875,318.1400146484375,318.8800048828125,427327
2026-07-23 15:39:00-04:00,316.8399963378906,318.3299865722656,316.82000732421875,318.2049865722656,719654
2026-07-23 15:40:00-04:00,316.8550109863281,317.3500061035156,316.7799987792969,316.8599853515625,430955
2026-07-23 15:41:00-04:00,316.989990234375,317.20001220703125,316.8299865722656,316.8699951171875,294439
2026-07-23 15:42:00-04:00,316.28009033203125,317.0299987792969,316.1099853515625,317.0050048828125,453621
2026-07-23 15:43:00-04:00,316.00030517578125,316.3500061035156,316.0,316.30999755859375,408016
2026-07-23 15:44:00-04:00,315.93890380859375,316.1600036621094,315.8399963378906,316.010009765625,396367
2026-07-23 15:45:00-04:00,316.114990234375,316.3800048828125,315.7349853515625,315.95001220703125,315722
2026-07-23 15:46:00-04:00,315.989990234375,316.2900085449219,315.9200134277344,316.1300048828125,329446
2026-07-23 15:47:00-04:00,316.3800048828125,316.70001220703125,315.7799987792969,316.0,555036
2026-07-23 15:48:00-04:00,316.7799987792969,316.86810302734375,316.1409912109375,316.3800048828125,290791
2026-07-23 15:49:00-04:00,316.42999267578125,316.8099060058594,316.20001220703125,316.7900085449219,289785
2026-07-23 15:50:00-04:00,319.5249938964844,319.6199951171875,316.4599914550781,316.4599914550781,661823
2026-07-23 15:51:00-04:00,319.3900146484375,319.7130126953125,318.8500061035156,319.5101013183594,546563
2026-07-23 15:52:00-04:00,318.9949951171875,319.55999755859375,318.7099914550781,319.3900146484375,407229
2026-07-23 15:53:00-04:00,320.1000061035156,320.2200012207031,318.80999755859375,318.9849853515625,456134
2026-07-23 15:54:00-04:00,321.0799865722656,321.639892578125,319.70001220703125,320.1099853515625,528077
2026-07-23 15:55:00-04:00,323.0799865722656,323.30999755859375,321.05999755859375,321.0799865722656,791388
2026-07-23 15:56:00-04:00,322.9549865722656,323.3995056152344,322.92999267578125,323.07000732421875,492746
2026-07-23 15:57:00-04:00,322.052001953125,323.3299865722656,321.92999267578125,322.95001220703125,718821
2026-07-23 15:58:00-04:00,320.2099914550781,322.19000244140625,319.80999755859375,322.0799865722656,990667
2026-07-23 15:59:00-04:00,319.4599914550781,320.3399963378906,319.3599853515625,320.20001220703125,1811116
2026-07-24 09:30:00-04:00,320.9700012207031,322.67999267578125,320.0,320.8800048828125,2859188
2026-07-24 09:31:00-04:00,318.3678894042969,321.46990966796875,318.260009765625,321.0899963378906,450461
2026-07-24 09:32:00-04:00,319.8399963378906,319.9299011230469,317.5,318.3800048828125,550178
2026-07-24 09:33:00-04:00,320.69500732421875,321.17498779296875,319.4700012207031,319.8399963378906,326531
2026-07-24 09:34:00-04:00,322.07501220703125,322.20001220703125,320.0201110839844,320.7799987792969,359474
2026-07-24 09:35:00-04:00,321.40509033203125,322.9599914550781,321.3500061035156,322.0199890136719,396906
2026-07-24 09:36:00-04:00,319.489990234375,321.5711975097656,318.590087890625,321.464599609375,376506
2026-07-24 09:37:00-04:00,319.5799865722656,320.25,318.6499938964844,319.489990234375,240237
2026-07-24 09:38:00-04:00,319.125,320.54998779296875,319.04010009765625,319.5299987792969,175956
2026-07-24 09:39:00-04:00,318.489990234375,319.69000244140625,318.03009033203125,319.0899963378906,203158
2026-07-24 09:40:00-04:00,317.6199951171875,318.4800109863281,317.2701110839844,318.3500061035156,384641
2026-07-24 09:41:00-04:00,317.7650146484375,318.05999755859375,317.3699951171875,317.6300048828125,327757
2026-07-24 09:42:00-04:00,318.16009521484375,318.9100036621094,317.6697082519531,317.82000732421875,220771
2026-07-24 09:43:00-04:00,317.8500061035156,318.54998779296875,317.79998779296875,318.1700134277344,162754
2026-07-24 09:44:00-04:00,317.1564025878906,317.95001220703125,316.80010986328125,317.8475036621094,296620
2026-07-24 09:45:00-04:00,317.94989013671875,318.2799987792969,317.1802062988281,317.20001220703125,208124
2026-07-24 09:46:00-04:00,316.9800109863281,317.9198913574219,316.80999755859375,317.875,200049
2026-07-24 09:47:00-04:00,317.5000915527344,317.7650146484375,317.0025939941406,317.07000732421875,161648
2026-07-24 09:48:00-04:00,317.5799865722656,317.9599914550781,316.9100036621094,317.5,198930
2026-07-24 09:49:00-04:00,318.20001220703125,318.7900085449219,317.3699951171875,317.54998779296875,317991
2026-07-24 09:50:00-04:00,316.96649169921875,318.1700134277344,316.57000732421875,318.1400146484375,343729
2026-07-24 09:51:00-04:00,316.19000244140625,317.05999755859375,316.0508117675781,316.9700012207031,283163
2026-07-24 09:52:00-04:00,315.1499938964844,316.25,314.760009765625,316.1700134277344,546683
2026-07-24 09:53:00-04:00,314.385009765625,315.239990234375,314.3599853515625,315.239990234375,268845
2026-07-24 09:54:00-04:00,315.2349853515625,315.4700012207031,314.2699890136719,314.3900146484375,278052
2026-07-24 09:55:00-04:00,315.7049865722656,316.19000244140625,315.0899963378906,315.323486328125,355229
2026-07-24 09:56:00-04:00,315.68011474609375,316.5799865722656,315.55999755859375,315.7099914550781,234942
2026-07-24 09:57:00-04:00,316.12908935546875,316.2200012207031,315.4200134277344,315.7101135253906,168405
2026-07-24 09:58:00-04:00,315.5299987792969,316.30999755859375,315.5,316.07501220703125,187106
2026-07-24 09:59:00-04:00,315.5150146484375,315.5899963378906,314.8299865722656,315.5,197374
2026-07-24 10:00:00-04:00,316.8323974609375,316.94989013671875,314.92010498046875,315.54998779296875,286185
2026-07-24 10:01:00-04:00,316.614990234375,317.1700134277344,316.05999755859375,316.8699951171875,204014
2026-07-24 10:02:00-04:00,316.4150085449219,316.9184875488281,316.2101135253906,316.5299987792969,155307
2026-07-24 10:03:00-04:00,316.08990478515625,316.3999938964844,315.3500061035156,316.3301086425781,198338
2026-07-24 10:04:00-04:00,315.20001220703125,316.2200012207031,315.1099853515625,316.027099609375,131358
2026-07-24 10:05:00-04:00,315.4070129394531,315.94000244140625,314.8900146484375,315.1600036621094,169960
2026-07-24 10:06:00-04:00,314.82501220703125,315.5899963378906,314.65008544921875,315.4128112792969,170628
2026-07-24 10:07:00-04:00,314.840087890625,315.1899108886719,314.1099853515625,314.79010009765625,215259
2026-07-24 10:08:00-04:00,315.0400085449219,315.30999755859375,314.4400939941406,314.8699951171875,188961
2026-07-24 10:09:00-04:00,315.8999938964844,316.1600036621094,314.8700866699219,315.0400085449219,216547
2026-07-24 10:10:00-04:00,315.7200012207031,315.8900146484375,315.010009765625,315.8500061035156,141602
2026-07-24 10:11:00-04:00,315.7699890136719,315.94000244140625,315.3901062011719,315.7200012207031,169530
2026-07-24 10:12:00-04:00,315.2250061035156,315.75,315.0,315.7200012207031,158785
2026-07-24 10:13:00-04:00,314.96990966796875,315.2598876953125,314.6200866699219,315.24200439453125,119690
2026-07-24 10:14:00-04:00,315.5174865722656,315.7099914550781,314.8811950683594,314.92498779296875,207220
2026-07-24 10:15:00-04:00,315.0849914550781,315.8703918457031,314.80999755859375,315.44500732421875,149101
2026-07-24 10:16:00-04:00,314.45050048828125,315.3876037597656,314.45001220703125,315.05499267578125,128085
2026-07-24 10:17:00-04:00,313.8380126953125,314.5450134277344,313.6199951171875,314.44500732421875,298017
2026-07-24 10:18:00-04:00,312.80999755859375,314.20001220703125,312.7699890136719,313.8500061035156,391714
2026-07-24 10:19:00-04:00,313.6400146484375,313.7799987792969,312.79998779296875,312.82000732421875,239565
2026-07-24 10:20:00-04:00,313.5299987792969,313.79901123046875,312.94000244140625,313.6965026855469,164873
2026-07-24 10:21:00-04:00,313.6502990722656,313.8999938964844,313.42999267578125,313.56500244140625,257056
2026-07-24 10:22:00-04:00,312.94000244140625,313.7099914550781,312.75,313.6050109863281,209206
2026-07-24 10:23:00-04:00,313.4599914550781,313.5,312.6099853515625,312.9549865722656,338412
2026-07-24 10:24:00-04:00,312.54998779296875,313.4599914550781,312.4200134277344,313.4200134277344,184089
2026-07-24 10:25:00-04:00,312.8373107910156,312.9599914550781,312.4400939941406,312.6000061035156,147184
2026-07-24 10:26:00-04:00,312.67999267578125,313.1600036621094,312.54998779296875,312.7850036621094,206297
2026-07-24 10:27:00-04:00,312.2200012207031,312.94000244140625,312.04998779296875,312.67999267578125,192460
2026-07-24 10:28:00-04:00,312.3599853515625,312.70001220703125,312.17999267578125,312.260009765625,277046
2026-07-24 10:29:00-04:00,312.54998779296875,312.9284973144531,312.32000732421875,312.3504943847656,186454
2026-07-24 10:30:00-04:00,312.57000732421875,312.6700134277344,311.8901062011719,312.4400939941406,205015
2026-07-24 10:31:00-04:00,312.6499938964844,313.1600036621094,312.5299987792969,312.5982971191406,168164
2026-07-24 10:32:00-04:00,312.00830078125,312.69500732421875,312.0,312.614990234375,128372
2026-07-24 10:33:00-04:00,311.6400146484375,312.05499267578125,311.510009765625,312.0199890136719,194235
2026-07-24 10:34:00-04:00,311.0039978027344,311.82000732421875,311.0,311.6700134277344,241444
2026-07-24 10:35:00-04:00,311.2550048828125,311.3599853515625,310.9100036621094,311.0,232663
2026-07-24 10:36:00-04:00,310.4599914550781,311.30999755859375,310.4100036621094,311.27960205078125,258011
2026-07-24 10:37:00-04:00,310.1600036621094,310.6400146484375,310.0,310.43499755859375,347765
2026-07-24 10:38:00-04:00,309.4949951171875,310.29998779296875,309.4599914550781,310.135009765625,476451
2026-07-24 10:39:00-04:00,309.6050109863281,309.7900085449219,309.09381103515625,309.4700012207031,270665
2026-07-24 10:40:00-04:00,309.1099853515625,309.6600036621094,308.8211975097656,309.64990234375,353129
2026-07-24 10:41:00-04:00,308.94000244140625,309.4200134277344,308.7799987792969,309.1499938964844,265729
2026-07-24 10:42:00-04:00,308.6600036621094,309.1499938964844,308.6600036621094,308.9599914550781,246586
2026-07-24 10:43:00-04:00,309.3299865722656,309.6000061035156,308.5,308.69000244140625,327221
2026-07-24 10:44:00-04:00,309.7099914550781,309.8299865722656,309.198486328125,309.3900146484375,188424
2026-07-24 10:45:00-04:00,309.32000732421875,309.8299865722656,309.0,309.67010498046875,186299
2026-07-24 10:46:00-04:00,311.0000915527344,311.1000061035156,309.2300109863281,309.268310546875,344669
2026-07-24 10:47:00-04:00,311.125,311.63629150390625,310.86279296875,311.0450134277344,250642
2026-07-24 10:48:00-04:00,311.07000732421875,311.3999938964844,310.95001220703125,311.125,182245
2026-07-24 10:49:00-04:00,311.6099853515625,311.8500061035156,310.9750061035156,311.0450134277344,183737
2026-07-24 10:50:00-04:00,312.1510009765625,312.29949951171875,311.6000061035156,311.614990234375,204651
2026-07-24 10:51:00-04:00,311.385009765625,312.2099914550781,311.30999755859375,312.1300048828125,203619
2026-07-24 10:52:00-04:00,310.7403869628906,311.44000244140625,310.6400146484375,311.3500061035156,196635
2026-07-24 10:53:00-04:00,311.2749938964844,311.5799865722656,310.6700134277344,310.7403869628906,109474
2026-07-24 10:54:00-04:00,311.17498779296875,311.4599914550781,310.6628112792969,311.2799987792969,223310
2026-07-24 10:55:00-04:00,311.1759948730469,311.29998779296875,310.95001220703125,311.17999267578125,116841
2026-07-24 10:56:00-04:00,311.1000061035156,311.1839904785156,310.6700134277344,311.1549987792969,106134
2026-07-24 10:57:00-04:00,311.3800048828125,311.75,311.125,311.125,183684
2026-07-24 10:58:00-04:00,311.80999755859375,311.83990478515625,311.0199890136719,311.4200134277344,149479
2026-07-24 10:59:00-04:00,312.40008544921875,312.489990234375,311.78009033203125,311.79681396484375,162844
2026-07-24 11:00:00-04:00,312.4949951171875,312.54998779296875,312.1499938964844,312.3999938964844,147036
2026-07-24 11:01:00-04:00,311.69500732421875,312.6099853515625,311.57000732421875,312.5299072265625,143695
2026-07-24 11:02:00-04:00,311.1199951171875,311.7200012207031,311.0299987792969,311.7200012207031,103240
2026-07-24 11:03:00-04:00,310.6164855957031,311.1600036621094,310.4601135253906,311.1099853515625,175165
2026-07-24 11:04:00-04:00,310.010009765625,310.6799011230469,310.0,310.5899963378906,200296
2026-07-24 11:05:00-04:00,310.2449951171875,310.44000244140625,310.031005859375,310.0400085449219,141893
2026-07-24 11:06:00-04:00,310.22760009765625,310.3800048828125,310.0,310.2200012207031,112580
2026-07-24 11:07:00-04:00,309.68011474609375,310.45001220703125,309.610107421875,310.1839904785156,176116
2026-07-24 11:08:00-04:00,309.9100036621094,310.2300109863281,309.6401062011719,309.70159912109375,144922
2026-07-24 11:09:00-04:00,309.125,310.19000244140625,309.0,309.9200134277344,242067
2026-07-24 11:10:00-04:00,309.8399963378906,310.0899963378906,308.8500061035156,309.125,252121
2026-07-24 11:11:00-04:00,309.3599853515625,310.739990234375,309.17999267578125,309.8399963378906,242306
2026-07-24 11:12:00-04:00,309.2699890136719,309.760009765625,309.1499938964844,309.3599853515625,118916
2026-07-24 11:13:00-04:00,309.8900146484375,310.04998779296875,309.2099914550781,309.2200927734375,134640
2026-07-24 11:14:00-04:00,311.3800048828125,311.79998779296875,309.8699951171875,309.8699951171875,232007
2026-07-24 11:15:00-04:00,311.8399963378906,312.32000732421875,311.260009765625,311.3700866699219,242261
2026-07-24 11:16:00-04:00,310.7650146484375,311.9446105957031,310.7200012207031,311.8599853515625,153579
2026-07-24 11:17:00-04:00,309.95001220703125,311.2799987792969,309.80999755859375,310.7650146484375,184047
2026-07-24 11:18:00-04:00,309.3900146484375,310.260009765625,309.32049560546875,309.94000244140625,236327
2026-07-24 11:19:00-04:00,308.6300048828125,309.4599914550781,308.5802917480469,309.3900146484375,355933
2026-07-24 11:20:00-04:00,308.67498779296875,309.0299987792969,308.30999755859375,308.6200866699219,622259
2026-07-24 11:21:00-04:00,309.4242858886719,309.94000244140625,308.6300048828125,308.6600036621094,250394
2026-07-24 11:22:00-04:00,309.510009765625,309.9950866699219,309.41009521484375,309.5150146484375,148728
2026-07-24 11:23:00-04:00,310.010009765625,310.25,308.80999755859375,309.5050048828125,166723
2026-07-24 11:24:00-04:00,309.95001220703125,310.2598876953125,309.65008544921875,309.9609069824219,119424
2026-07-24 11:25:00-04:00,311.010009765625,311.1099853515625,309.9501037597656,309.9700012207031,185057
2026-07-24 11:26:00-04:00,310.8299865722656,311.29998779296875,310.79998779296875,310.95001220703125,129246
2026-07-24 11:27:00-04:00,310.8987121582031,311.1199951171875,310.70001220703125,310.7699890136719,79796
2026-07-24 11:28:00-04:00,310.9800109863281,311.59991455078125,310.9346923828125,310.9599914550781,196528
2026-07-24 11:29:00-04:00,310.385009765625,311.0398864746094,310.1400146484375,310.9700012207031,190622
2026-07-24 11:30:00-04:00,310.4100036621094,310.6000061035156,310.1700134277344,310.3200988769531,84505
2026-07-24 11:31:00-04:00,310.8399963378906,310.9198913574219,310.380615234375,310.4092102050781,133009
2026-07-24 11:32:00-04:00,310.2200012207031,311.0299987792969,310.2200012207031,310.8399963378906,115871
2026-07-24 11:33:00-04:00,309.9049987792969,310.3299865722656,309.7074890136719,310.25,117265
2026-07-24 11:34:00-04:00,309.7699890136719,310.32000732421875,309.7699890136719,309.885009765625,92701
2026-07-24 11:35:00-04:00,310.57159423828125,310.6300048828125,309.7001037597656,309.7699890136719,118564
2026-07-24 11:36:00-04:00,310.75,310.95001220703125,310.4700012207031,310.61920166015625,91744
2026-07-24 11:37:00-04:00,310.635009765625,310.8351135253906,310.4100036621094,310.7250061035156,89223
2026-07-24 11:38:00-04:00,311.04998779296875,311.1199951171875,310.4501037597656,310.6000061035156,88711
2026-07-24 11:39:00-04:00,311.2349853515625,311.2799987792969,310.95001220703125,311.05999755859375,66431
2026-07-24 11:40:00-04:00,310.8999938964844,311.5083923339844,310.8699951171875,311.2349853515625,136522
2026-07-24 11:41:00-04:00,310.4599914550781,310.8999938964844,310.3599853515625,310.8999938964844,110138
2026-07-24 11:42:00-04:00,310.39990234375,310.8900146484375,310.360107421875,310.4800109863281,63121
2026-07-24 11:43:00-04:00,309.9598083496094,310.3999938964844,309.79998779296875,310.364990234375,134934
2026-07-24 11:44:00-04:00,310.1650085449219,310.3800048828125,309.8901062011719,309.9200134277344,75151
2026-07-24 11:45:00-04:00,310.2200012207031,310.6000061035156,310.1000061035156,310.110107421875,76294
2026-07-24 11:46:00-04:00,310.05999755859375,310.46258544921875,310.03009033203125,310.2200012207031,88715
2026-07-24 11:47:00-04:00,310.239501953125,310.2900085449219,309.8800048828125,310.05999755859375,99468
2026-07-24 11:48:00-04:00,310.3367004394531,310.5,310.0,310.2381896972656,97411
2026-07-24 11:49:00-04:00,310.0199890136719,310.30999755859375,310.0,310.30999755859375,69297
2026-07-24 11:50:00-04:00,310.31500244140625,310.35699462890625,309.989990234375,310.0199890136719,100516
2026-07-24 11:51:00-04:00,310.30999755859375,310.6390075683594,310.1700134277344,310.30499267578125,86204
2026-07-24 11:52:00-04:00,310.14739990234375,310.7298889160156,310.1099853515625,310.32501220703125,95593
2026-07-24 11:53:00-04:00,310.3399963378906,310.4198913574219,310.0,310.19000244140625,64227
2026-07-24 11:54:00-04:00,310.2149963378906,310.44000244140625,310.0,310.30999755859375,72032
2026-07-24 11:55:00-04:00,310.44989013671875,310.58441162109375,310.1499938964844,310.24578857421875,55264
2026-07-24 11:56:00-04:00,310.510009765625,310.6300048828125,310.4007873535156,310.44989013671875,52435
2026-07-24 11:57:00-04:00,310.4549865722656,310.6000061035156,310.2799987792969,310.5,59105
2026-07-24 11:58:00-04:00,310.74609375,310.8999938964844,310.3999938964844,310.45001220703125,124217
2026-07-24 11:59:00-04:00,310.8900146484375,310.989990234375,310.6700134277344,310.7200012207031,101444
2026-07-24 12:00:00-04:00,310.04010009765625,311.1000061035156,309.8299865722656,310.92498779296875,186313
2026-07-24 12:01:00-04:00,310.0050048828125,310.1650085449219,309.8594970703125,310.0299987792969,87255
2026-07-24 12:02:00-04:00,310.17498779296875,310.2099914550781,309.6300048828125,310.0,105835
2026-07-24 12:03:00-04:00,310.5237121582031,310.5799865722656,310.0,310.17999267578125,89142
2026-07-24 12:04:00-04:00,310.5199890136719,310.6700134277344,310.3700866699219,310.4750061035156,76696
2026-07-24 12:05:00-04:00,310.489990234375,310.6600036621094,310.3200988769531,310.52020263671875,90855
2026-07-24 12:06:00-04:00,310.1604919433594,310.6499938964844,310.1604919433594,310.5150146484375,59434
2026-07-24 12:07:00-04:00,310.7200012207031,310.8800048828125,310.1300048828125,310.19000244140625,86785
2026-07-24 12:08:00-04:00,310.7699890136719,310.7699890136719,310.489990234375,310.70001220703125,66861
2026-07-24 12:09:00-04:00,311.19500732421875,311.4800109863281,310.70001220703125,310.739990234375,104852
2026-07-24 12:10:00-04:00,311.9200134277344,311.9800109863281,311.0,311.19500732421875,129155
2026-07-24 12:11:00-04:00,311.4100036621094,311.9700012207031,311.29998779296875,311.9100036621094,126831
2026-07-24 12:12:00-04:00,311.3450012207031,311.7398986816406,311.2699890136719,311.45001220703125,84104
2026-07-24 12:13:00-04:00,310.760009765625,311.3258972167969,310.760009765625,311.25,92849
2026-07-24 12:14:00-04:00,310.5,310.82000732421875,310.3500061035156,310.7699890136719,121176
2026-07-24 12:15:00-04:00,310.5199890136719,310.57989501953125,310.32000732421875,310.4960021972656,68315
2026-07-24 12:16:00-04:00,310.8800048828125,311.0199890136719,310.44000244140625,310.5050048828125,80376
2026-07-24 12:17:00-04:00,310.54998779296875,310.9200134277344,310.41009521484375,310.8800048828125,62129
2026-07-24 12:18:00-04:00,310.4750061035156,310.7746887207031,310.45001220703125,310.54998779296875,56854
2026-07-24 12:19:00-04:00,310.54998779296875,310.6300048828125,310.3999938964844,310.4872131347656,57752
2026-07-24 12:20:00-04:00,310.8299865722656,310.8299865722656,310.42010498046875,310.42010498046875,61134
2026-07-24 12:21:00-04:00,310.75,310.9198913574219,310.6400146484375,310.84521484375,72892
2026-07-24 12:22:00-04:00,311.010009765625,311.07000732421875,310.5700988769531,310.739990234375,63475
2026-07-24 12:23:00-04:00,310.9049987792969,311.03948974609375,310.760009765625,311.03948974609375,61312
2026-07-24 12:24:00-04:00,310.7650146484375,310.94000244140625,310.6221008300781,310.9049987792969,66359
2026-07-24 12:25:00-04:00,310.9100036621094,310.9100036621094,310.5299987792969,310.79998779296875,48506
2026-07-24 12:26:00-04:00,310.92999267578125,311.19000244140625,310.9100036621094,310.95001220703125,65457
2026-07-24 12:27:00-04:00,311.1427001953125,311.3320007324219,310.94000244140625,310.9599914550781,60532
2026-07-24 12:28:00-04:00,310.3999938964844,311.14990234375,310.260009765625,311.1199951171875,132529
2026-07-24 12:29:00-04:00,310.46148681640625,310.6400146484375,310.3999938964844,310.4049987792969,57149
2026-07-24 12:30:00-04:00,310.1199951171875,310.5199890136719,310.0,310.45001220703125,156181
2026-07-24 12:31:00-04:00,310.5450134277344,310.6050109863281,310.0299987792969,310.1099853515625,61670
2026-07-24 12:32:00-04:00,310.07000732421875,310.64630126953125,310.00201416015625,310.5425109863281,66591
2026-07-24 12:33:00-04:00,310.139892578125,310.30999755859375,310.0675048828125,310.1000061035156,40349
2026-07-24 12:34:00-04:00,310.1400146484375,310.34979248046875,310.07000732421875,310.1099853515625,47416
2026-07-24 12:35:00-04:00,310.2099914550781,310.3056945800781,309.989990234375,310.0899963378906,80470
2026-07-24 12:36:00-04:00,310.510009765625,310.6000061035156,310.17999267578125,310.2684020996094,78554
2026-07-24 12:37:00-04:00,311.2499084472656,311.25,310.3901062011719,310.510009765625,106378
2026-07-24 12:38:00-04:00,310.5249938964844,311.2699890136719,310.510009765625,311.2698059082031,104522
2026-07-24 12:39:00-04:00,310.9750061035156,310.9800109863281,310.5201110839844,310.5350036621094,53039
2026-07-24 12:40:00-04:00,310.4849853515625,311.0,310.4100036621094,310.95001220703125,112408
2026-07-24 12:41:00-04:00,310.42999267578125,310.5299987792969,310.29998779296875,310.4849853515625,44249
2026-07-24 12:42:00-04:00,310.4150085449219,310.57000732421875,310.3299865722656,310.375,37279
2026-07-24 12:43:00-04:00,310.30999755859375,310.5199890136719,310.19000244140625,310.4150085449219,53440
2026-07-24 12:44:00-04:00,310.5614929199219,310.6600036621094,310.20001220703125,310.30499267578125,52935
2026-07-24 12:45:00-04:00,310.67498779296875,310.84991455078125,310.4800109863281,310.54998779296875,66686
2026-07-24 12:46:00-04:00,310.42999267578125,310.70001220703125,310.340087890625,310.69000244140625,41698
2026-07-24 12:47:00-04:00,310.05999755859375,310.4888916015625,309.94000244140625,310.43218994140625,95622
2026-07-24 12:48:00-04:00,309.92498779296875,310.1400146484375,309.7735900878906,310.0899963378906,82947
2026-07-24 12:49:00-04:00,310.5899963378906,310.6499938964844,309.8800048828125,309.91009521484375,115627
2026-07-24 12:50:00-04:00,310.2488098144531,310.6300048828125,310.2101135253906,310.5199890136719,37443
2026-07-24 12:51:00-04:00,310.264892578125,310.4798889160156,310.1311950683594,310.2349853515625,34003
2026-07-24 12:52:00-04:00,310.4508056640625,310.5997009277344,310.20001220703125,310.2900085449219,56032
2026-07-24 12:53:00-04:00,310.54998779296875,310.7886047363281,310.2900085449219,310.4700012207031,78838
2026-07-24 12:54:00-04:00,310.42999267578125,310.6499938964844,310.3999938964844,310.5299987792969,49817
2026-07-24 12:55:00-04:00,310.3500061035156,310.6000061035156,310.1600036621094,310.3999938964844,54488
2026-07-24 12:56:00-04:00,309.6099853515625,310.41400146484375,309.5299987792969,310.29998779296875,138953
2026-07-24 12:57:00-04:00,309.67999267578125,309.9700012207031,309.5199890136719,309.6449890136719,96782
2026-07-24 12:58:00-04:00,309.48748779296875,309.67999267578125,309.3700866699219,309.67999267578125,83052
2026-07-24 12:59:00-04:00,309.239990234375,309.5400085449219,309.17999267578125,309.4999084472656,83352
2026-07-24 13:00:00-04:00,309.0801086425781,309.3340148925781,308.94000244140625,309.2799987792969,165492
2026-07-24 13:01:00-04:00,308.82000732421875,309.1099853515625,308.56201171875,309.0849914550781,134941
2026-07-24 13:02:00-04:00,308.7550048828125,308.8699951171875,308.3999938964844,308.8371887207031,110974
2026-07-24 13:03:00-04:00,309.0094909667969,309.1400146484375,308.7300109863281,308.7550048828125,157756
2026-07-24 13:04:00-04:00,308.69500732421875,309.1300048828125,308.5,309.0,121031
2026-07-24 13:05:00-04:00,308.95001220703125,309.0899963378906,308.69000244140625,308.69500732421875,99728
2026-07-24 13:06:00-04:00,308.32989501953125,309.0,308.17999267578125,308.9997863769531,176252
2026-07-24 13:07:00-04:00,308.7200012207031,308.7200012207031,308.20001220703125,308.32989501953125,146179
2026-07-24 13:08:00-04:00,308.6300048828125,308.7099914550781,308.3800964355469,308.65679931640625,69978
2026-07-24 13:09:00-04:00,308.4200134277344,308.80999755859375,308.4100036621094,308.6300048828125,70091
2026-07-24 13:10:00-04:00,308.1099853515625,308.4800109863281,308.0,308.4200134277344,155279
2026-07-24 13:11:00-04:00,308.5050048828125,308.6499938964844,308.0857849121094,308.1199951171875,86965
2026-07-24 13:12:00-04:00,308.6600036621094,308.82000732421875,308.4400939941406,308.4800109863281,80378
2026-07-24 13:13:00-04:00,308.6099853515625,308.9200134277344,308.590087890625,308.6827087402344,95320
2026-07-24 13:14:00-04:00,308.74920654296875,308.94000244140625,308.6216125488281,308.66790771484375,60459
2026-07-24 13:15:00-04:00,308.6505126953125,308.9798889160156,308.6200866699219,308.7200012207031,73443
2026-07-24 13:16:00-04:00,308.4949951171875,308.739990234375,308.3500061035156,308.70001220703125,88369
2026-07-24 13:17:00-04:00,308.7799987792969,308.7799987792969,308.4179992675781,308.489990234375,85462
2026-07-24 13:18:00-04:00,308.8587951660156,309.20001220703125,308.5700988769531,308.7650146484375,140204
2026-07-24 13:19:00-04:00,309.1099853515625,309.1400146484375,308.7101135253906,308.8599853515625,71392
2026-07-24 13:20:00-04:00,309.010009765625,309.2300109863281,309.0,309.135009765625,58668
2026-07-24 13:21:00-04:00,309.0,309.2200012207031,308.8999938964844,309.0,63347
2026-07-24 13:22:00-04:00,308.75,309.0299987792969,308.69000244140625,308.9750061035156,68624
2026-07-24 13:23:00-04:00,308.70001220703125,308.8299865722656,308.6600036621094,308.7799072265625,85816
2026-07-24 13:24:00-04:00,308.92999267578125,309.0,308.6099853515625,308.6809997558594,49964
2026-07-24 13:25:00-04:00,309.0400085449219,309.1299133300781,308.79998779296875,308.92999267578125,70346
2026-07-24 13:26:00-04:00,309.2250061035156,309.260009765625,308.95001220703125,309.010009765625,52318
2026-07-24 13:27:00-04:00,309.55999755859375,309.67999267578125,309.20001220703125,309.20001220703125,98135
2026-07-24 13:28:00-04:00,309.5950012207031,309.7298889160156,309.5199890136719,309.5400085449219,51881
2026-07-24 13:29:00-04:00,309.44989013671875,309.5784912109375,309.31048583984375,309.55999755859375,65237
2026-07-24 13:30:00-04:00,309.42999267578125,309.7300109863281,309.2900085449219,309.4599914550781,67085
2026-07-24 13:31:00-04:00,309.3699951171875,309.57000732421875,309.32000732421875,309.3949890136719,48890
2026-07-24 13:32:00-04:00,309.44500732421875,309.55999755859375,309.32000732421875,309.489990234375,58598
2026-07-24 13:33:00-04:00,309.7919921875,310.010009765625,309.3702087402344,309.44500732421875,119831
2026-07-24 13:34:00-04:00,309.7149963378906,309.82000732421875,309.6108093261719,309.760009765625,57036
2026-07-24 13:35:00-04:00,309.78961181640625,309.8140869140625,309.54998779296875,309.715087890625,68881
2026-07-24 13:36:00-04:00,309.63800048828125,309.7799072265625,309.54998779296875,309.739990234375,40108
2026-07-24 13:37:00-04:00,309.2200012207031,309.6199951171875,309.0899963378906,309.6099853515625,73595
2026-07-24 13:38:00-04:00,308.94500732421875,309.260009765625,308.8900146484375,309.17999267578125,102694
2026-07-24 13:39:00-04:00,308.7401123046875,309.04998779296875,308.6300048828125,308.9599914550781,79164
2026-07-24 13:40:00-04:00,308.4750061035156,308.7749938964844,308.3500061035156,308.7749938964844,102542
2026-07-24 13:41:00-04:00,308.125,308.5400085449219,308.0,308.45001220703125,160350
2026-07-24 13:42:00-04:00,308.2467956542969,308.4798889160156,308.1300048828125,308.1499938964844,103544
2026-07-24 13:43:00-04:00,308.45001220703125,308.4999084472656,308.2200012207031,308.260009765625,79608
2026-07-24 13:44:00-04:00,308.21820068359375,308.6199951171875,308.135009765625,308.4599914550781,94201
2026-07-24 13:45:00-04:00,308.2349853515625,308.2998962402344,308.0,308.1781921386719,112596
2026-07-24 13:46:00-04:00,308.60430908203125,308.6300048828125,308.1900939941406,308.2596130371094,87042
2026-07-24 13:47:00-04:00,308.43890380859375,308.69000244140625,308.364990234375,308.5799865722656,72645
2026-07-24 13:48:00-04:00,308.6449890136719,308.6700134277344,308.340087890625,308.489501953125,56824
2026-07-24 13:49:00-04:00,309.0799865722656,309.1600036621094,308.6366882324219,308.6499938964844,103200
2026-07-24 13:50:00-04:00,309.42999267578125,309.4599914550781,309.03948974609375,309.0710144042969,112428
2026-07-24 13:51:00-04:00,309.2699890136719,309.6300048828125,309.2015075683594,309.42999267578125,85071
2026-07-24 13:52:00-04:00,309.239990234375,309.5199890136719,309.2001037597656,309.2799987792969,61609
2026-07-24 13:53:00-04:00,309.3800048828125,309.4800109863281,309.2300109863281,309.260009765625,43386
2026-07-24 13:54:00-04:00,309.6600036621094,309.7099914550781,309.3699951171875,309.385009765625,71741
2026-07-24 13:55:00-04:00,309.3999938964844,309.8500061035156,309.3599853515625,309.69000244140625,68591
2026-07-24 13:56:00-04:00,309.67999267578125,309.7298889160156,309.3700866699219,309.3800964355469,254911
2026-07-24 13:57:00-04:00,309.5570068359375,309.6700134277344,309.5,309.6549987792969,47054
2026-07-24 13:58:00-04:00,309.5450134277344,309.6698913574219,309.510009765625,309.5450134277344,38723
2026-07-24 13:59:00-04:00,309.5050048828125,309.6700134277344,309.4501037597656,309.5450134277344,50063
2026-07-24 14:00:00-04:00,309.7049865722656,309.760009765625,309.30999755859375,309.5,88814
2026-07-24 14:01:00-04:00,309.2449951171875,309.7699890136719,309.2099914550781,309.69000244140625,88576
2026-07-24 14:02:00-04:00,309.3699951171875,309.4143981933594,309.15008544921875,309.2449951171875,48053
2026-07-24 14:03:00-04:00,309.1449890136719,309.42999267578125,309.0299987792969,309.32000732421875,55257
2026-07-24 14:04:00-04:00,308.8800048828125,309.1700134277344,308.8399963378906,309.1200866699219,87267
2026-07-24 14:05:00-04:00,308.9800109863281,308.98760986328125,308.6499938964844,308.8699951171875,69987
2026-07-24 14:06:00-04:00,308.489990234375,308.9898986816406,308.43011474609375,308.9898986816406,120870
2026-07-24 14:07:00-04:00,308.4649963378906,308.7300109863281,308.3900146484375,308.45001220703125,87680
2026-07-24 14:08:00-04:00,308.04998779296875,308.4898986816406,308.0199890136719,308.46978759765625,105240
2026-07-24 14:09:00-04:00,308.07000732421875,308.2499084472656,308.0,308.0343933105469,109971
2026-07-24 14:10:00-04:00,308.0299987792969,308.1600036621094,308.0,308.07000732421875,101832
2026-07-24 14:11:00-04:00,308.2099914550781,308.29998779296875,308.0,308.0199890136719,106920
2026-07-24 14:12:00-04:00,308.1099853515625,308.2398986816406,308.0199890136719,308.2099914550781,77049
2026-07-24 14:13:00-04:00,308.0,308.20001220703125,307.79998779296875,308.1000061035156,235344
2026-07-24 14:14:00-04:00,308.3999938964844,308.5799865722656,307.9501037597656,307.9800109863281,135952
2026-07-24 14:15:00-04:00,308.3399963378906,308.44989013671875,308.1405029296875,308.385009765625,80860
2026-07-24 14:16:00-04:00,308.4049987792969,308.5,308.2200927734375,308.3399963378906,68533
2026-07-24 14:17:00-04:00,308.75,308.8399963378906,308.3800048828125,308.42999267578125,75250
2026-07-24 14:18:00-04:00,308.239990234375,308.7900085449219,308.0799865722656,308.7550048828125,90471
2026-07-24 14:19:00-04:00,308.125,308.3299865722656,308.010009765625,308.260009765625,61616
2026-07-24 14:20:00-04:00,307.9800109863281,308.1499938964844,307.9599914550781,308.1499938964844,79558
2026-07-24 14:21:00-04:00,308.2799987792969,308.2799987792969,307.9601135253906,307.9949951171875,76572
2026-07-24 14:22:00-04:00,307.94500732421875,308.2698974609375,307.8100891113281,308.260009765625,121597
2026-07-24 14:23:00-04:00,308.1199951171875,308.14990234375,307.864990234375,308.0,106827
2026-07-24 14:24:00-04:00,308.0199890136719,308.2099914550781,307.8900146484375,308.0801086425781,68755
2026-07-24 14:25:00-04:00,307.69000244140625,308.0350036621094,307.54998779296875,308.010009765625,153316
2026-07-24 14:26:00-04:00,307.5299987792969,307.8699951171875,307.5,307.69000244140625,102410
2026-07-24 14:27:00-04:00,307.3951110839844,307.7699890136719,307.35009765625,307.57000732421875,122152
2026-07-24 14:28:00-04:00,307.3800048828125,307.5799865722656,307.3100891113281,307.3699951171875,74825
2026-07-24 14:29:00-04:00,307.32000732421875,307.69000244140625,307.30999755859375,307.389892578125,103189
2026-07-24 14:30:00-04:00,307.3800048828125,307.4700012207031,307.239990234375,307.32501220703125,81279
2026-07-24 14:31:00-04:00,307.05499267578125,307.5,307.0,307.3800048828125,132136
2026-07-24 14:32:00-04:00,307.4200134277344,307.5498962402344,307.0,307.0299987792969,102876
2026-07-24 14:33:00-04:00,307.2449951171875,307.510009765625,307.2099914550781,307.42999267578125,89325
2026-07-24 14:34:00-04:00,307.0899963378906,307.3599853515625,307.0,307.2699890136719,127124
2026-07-24 14:35:00-04:00,306.8919982910156,307.1099853515625,306.510009765625,307.1099853515625,212458
2026-07-24 14:36:00-04:00,306.7699890136719,307.2300109863281,306.69000244140625,306.885009765625,92261
2026-07-24 14:37:00-04:00,306.625,306.8999938964844,306.6099853515625,306.7749938964844,91301
2026-07-24 14:38:00-04:00,306.8550109863281,306.8699951171875,306.55010986328125,306.6400146484375,109544
2026-07-24 14:39:00-04:00,307.0801086425781,307.3299865722656,306.6470031738281,306.8550109863281,145702
2026-07-24 14:40:00-04:00,307.0,307.19000244140625,306.8999938964844,307.1300048828125,71628
2026-07-24 14:41:00-04:00,306.9649963378906,307.1449890136719,306.9200134277344,307.0198974609375,78029
2026-07-24 14:42:00-04:00,307.63330078125,307.70001220703125,306.8901062011719,306.9798889160156,121340
2026-07-24 14:43:00-04:00,308.125,308.5299987792969,307.6200866699219,307.6600036621094,187325
2026-07-24 14:44:00-04:00,308.4700012207031,308.5893859863281,308.1000061035156,308.125,108482
2026-07-24 14:45:00-04:00,308.760009765625,308.94000244140625,308.4200134277344,308.489990234375,139231
2026-07-24 14:46:00-04:00,308.63861083984375,308.92999267578125,308.55999755859375,308.7799987792969,101592
2026-07-24 14:47:00-04:00,308.8999938964844,308.92999267578125,308.6200866699219,308.6499938964844,98774
2026-07-24 14:48:00-04:00,308.69500732421875,309.19000244140625,308.6600036621094,308.8800048828125,104027
2026-07-24 14:49:00-04:00,308.7200012207031,308.8500061035156,308.6000061035156,308.6610107421875,143789
2026-07-24 14:50:00-04:00,308.42919921875,308.79998779296875,308.25,308.7699890136719,119558
2026-07-24 14:51:00-04:00,308.94000244140625,309.1000061035156,308.3800048828125,308.3900146484375,96305
2026-07-24 14:52:00-04:00,309.22869873046875,309.2699890136719,308.8705139160156,308.9649963378906,103340
2026-07-24 14:53:00-04:00,309.2349853515625,309.32989501953125,309.0801086425781,309.2099914550781,61246
2026-07-24 14:54:00-04:00,309.45001220703125,309.6046142578125,309.20001220703125,309.2300109863281,103792
2026-07-24 14:55:00-04:00,309.6650085449219,309.75,309.2500915527344,309.44000244140625,109013
2026-07-24 14:56:00-04:00,309.56500244140625,309.6499938964844,309.4200134277344,309.6499938964844,98280
2026-07-24 14:57:00-04:00,309.635009765625,309.9200134277344,309.55499267578125,309.55999755859375,116743
2026-07-24 14:58:00-04:00,309.6000061035156,309.81988525390625,309.54998779296875,309.635009765625,91914
2026-07-24 14:59:00-04:00,309.3900146484375,309.6300048828125,309.260009765625,309.5400085449219,127726
2026-07-24 15:00:00-04:00,309.3399963378906,309.5299072265625,308.8999938964844,309.3399963378906,113211
2026-07-24 15:01:00-04:00,309.5498962402344,309.8699951171875,309.2300109863281,309.3500061035156,112513
2026-07-24 15:02:00-04:00,309.2898864746094,309.6299133300781,309.260009765625,309.510009765625,93150
2026-07-24 15:03:00-04:00,309.0450134277344,309.3599853515625,308.67999267578125,309.302490234375,170247
2026-07-24 15:04:00-04:00,309.0899963378906,309.1642150878906,308.9200134277344,309.07000732421875,59777
2026-07-24 15:05:00-04:00,309.135009765625,309.2681884765625,308.93011474609375,309.0703125,61934
2026-07-24 15:06:00-04:00,309.20001220703125,309.3999938964844,309.0899963378906,309.135009765625,54154
2026-07-24 15:07:00-04:00,308.7099914550781,309.3500061035156,308.6650085449219,309.19000244140625,114816
2026-07-24 15:08:00-04:00,308.3800048828125,308.81890869140625,308.340087890625,308.70001220703125,137167
2026-07-24 15:09:00-04:00,308.364990234375,308.4599914550781,308.2500915527344,308.3399963378906,81626
2026-07-24 15:10:00-04:00,308.33050537109375,308.42999267578125,308.25,308.3399963378906,76524
2026-07-24 15:11:00-04:00,308.4599914550781,308.4599914550781,308.1499938964844,308.3550109863281,99323
2026-07-24 15:12:00-04:00,308.385009765625,308.8399963378906,308.3599853515625,308.4999084472656,78980
2026-07-24 15:13:00-04:00,308.54998779296875,308.69000244140625,308.3399963378906,308.3699951171875,113870
2026-07-24 15:14:00-04:00,308.42999267578125,308.54998779296875,308.32000732421875,308.5199890136719,75641
2026-07-24 15:15:00-04:00,308.2699890136719,308.55999755859375,308.25,308.489990234375,119995
2026-07-24 15:16:00-04:00,308.4200134277344,308.4429016113281,308.0801086425781,308.25,111097
2026-07-24 15:17:00-04:00,308.493408203125,308.75,308.3599853515625,308.4599914550781,93037
2026-07-24 15:18:00-04:00,308.54998779296875,308.739990234375,308.42999267578125,308.4927978515625,62703
2026-07-24 15:19:00-04:00,308.57501220703125,308.7499084472656,308.32000732421875,308.5350036621094,88159
2026-07-24 15:20:00-04:00,308.625,308.6499938964844,308.289794921875,308.5400085449219,61762
2026-07-24 15:21:00-04:00,308.9700012207031,309.0199890136719,308.5299987792969,308.625,93109
2026-07-24 15:22:00-04:00,308.8996887207031,309.0299987792969,308.7799987792969,308.9649963378906,81094
2026-07-24 15:23:00-04:00,308.6700134277344,308.8999938964844,308.6099853515625,308.885009765625,61587
2026-07-24 15:24:00-04:00,308.69000244140625,308.7099914550781,308.5,308.67999267578125,78099
2026-07-24 15:25:00-04:00,308.6499938964844,308.8500061035156,308.6000061035156,308.7099914550781,71676
2026-07-24 15:26:00-04:00,308.7601013183594,308.82989501953125,308.5400085449219,308.6499938964844,46032
2026-07-24 15:27:00-04:00,308.80999755859375,308.94000244140625,308.75,308.7650146484375,66987
2026-07-24 15:28:00-04:00,309.5,309.5,308.79998779296875,308.79998779296875,136664
2026-07-24 15:29:00-04:00,309.2900085449219,309.70001220703125,309.28021240234375,309.4901123046875,111636
2026-07-24 15:30:00-04:00,309.3599853515625,309.55999755859375,309.2099914550781,309.2900085449219,146905
2026-07-24 15:31:00-04:00,310.0400085449219,310.1400146484375,309.3299865722656,309.3599853515625,196518
2026-07-24 15:32:00-04:00,310.2250061035156,310.260009765625,309.92498779296875,310.0315856933594,150809
2026-07-24 15:33:00-04:00,309.6000061035156,310.239990234375,309.3450012207031,310.2250061035156,233266
2026-07-24 15:34:00-04:00,309.7080078125,309.8800048828125,309.5299987792969,309.6000061035156,125296
2026-07-24 15:35:00-04:00,310.0,310.1000061035156,309.5,309.6499938964844,133075
2026-07-24 15:36:00-04:00,309.6600036621094,310.1600036621094,309.6099853515625,310.0199890136719,94981
2026-07-24 15:37:00-04:00,310.1597900390625,310.20001220703125,309.6700134277344,309.6983947753906,96137
2026-07-24 15:38:00-04:00,310.2300109863281,310.3699035644531,310.0799865722656,310.159912109375,125314
2026-07-24 15:39:00-04:00,310.2049865722656,310.27398681640625,310.07000732421875,310.2300109863281,101589
2026-07-24 15:40:00-04:00,310.2699890136719,310.3699951171875,310.07000732421875,310.20001220703125,109424
2026-07-24 15:41:00-04:00,310.1011962890625,310.2550048828125,309.94000244140625,310.25,170464
2026-07-24 15:42:00-04:00,310.1549987792969,310.2298889160156,309.9599914550781,310.1098937988281,112084
2026-07-24 15:43:00-04:00,310.7749938964844,310.7850036621094,310.07000732421875,310.1549987792969,161592
2026-07-24 15:44:00-04:00,310.79998779296875,310.9200134277344,310.6000061035156,310.760009765625,144658
2026-07-24 15:45:00-04:00,310.8800048828125,311.07000732421875,310.75,310.7799987792969,165221
2026-07-24 15:46:00-04:00,310.42999267578125,310.889892578125,310.2200927734375,310.8599853515625,168852
2026-07-24 15:47:00-04:00,310.92999267578125,310.9800109863281,310.32000732421875,310.44000244140625,122513
2026-07-24 15:48:00-04:00,310.760009765625,310.9800109863281,310.6300964355469,310.92498779296875,146517
2026-07-24 15:49:00-04:00,310.94989013671875,310.9800109863281,310.6000061035156,310.7200012207031,103279
2026-07-24 15:50:00-04:00,310.2099914550781,311.2099914550781,310.010009765625,310.9599914550781,371658
2026-07-24 15:51:00-04:00,310.29010009765625,310.3800048828125,309.92999267578125,310.20001220703125,217110
2026-07-24 15:52:00-04:00,310.54998779296875,310.6300048828125,310.2001037597656,310.32000732421875,192350
2026-07-24 15:53:00-04:00,310.9649963378906,310.9800109863281,310.4599914550781,310.5400085449219,169778
2026-07-24 15:54:00-04:00,311.4849853515625,311.7799987792969,310.8900146484375,310.9700012207031,345914
2026-07-24 15:55:00-04:00,312.3399963378906,312.45001220703125,311.4700012207031,311.4849853515625,432515
2026-07-24 15:56:00-04:00,312.0224914550781,312.3599853515625,312.0,312.3349914550781,393997
2026-07-24 15:57:00-04:00,312.80999755859375,312.8999938964844,311.75,312.04998779296875,514847
2026-07-24 15:58:00-04:00,312.8399963378906,313.0,312.4700012207031,312.82000732421875,569770
2026-07-24 15:59:00-04:00,313.0,313.239990234375,312.7300109863281,312.8450012207031,868083
